<?xml version="1.0" encoding="UTF-8"?>
<gpx xmlns="http://www.topografix.com/GPX/1/1" xmlns:xsi="http://www.w3.org/2001/XMLSchema-instance" version="1.1" creator="StatsUp">
  <metadata>
    <name>Rivamonte - Forcella Aurine</name>
    <time>2026-08-19T17:42:14Z</time>
  </metadata>
  <trk>
    <name>Rivamonte - Forcella Aurine</name>
    <type>hiking</type>
    <trkseg>
      <trkpt lat="46.23836000000001" lon="12.01843">
        <time>2026-08-19T17:42:14Z</time>
      </trkpt>
      <trkpt lat="46.23838000000001" lon="12.01843">
        <time>2026-08-19T17:42:15Z</time>
      </trkpt>
      <trkpt lat="46.23839" lon="12.018440000000002">
        <time>2026-08-19T17:42:16Z</time>
      </trkpt>
      <trkpt lat="46.238400000000006" lon="12.018440000000002">
        <time>2026-08-19T17:42:16Z</time>
      </trkpt>
      <trkpt lat="46.23843" lon="12.018450000000001">
        <time>2026-08-19T17:42:19Z</time>
      </trkpt>
      <trkpt lat="46.23843" lon="12.018450000000001">
        <time>2026-08-19T17:42:19Z</time>
      </trkpt>
      <trkpt lat="46.23846" lon="12.018460000000001">
        <time>2026-08-19T17:42:21Z</time>
      </trkpt>
      <trkpt lat="46.23848" lon="12.018460000000001">
        <time>2026-08-19T17:42:22Z</time>
      </trkpt>
      <trkpt lat="46.2385" lon="12.018460000000001">
        <time>2026-08-19T17:42:24Z</time>
      </trkpt>
      <trkpt lat="46.238510000000005" lon="12.018460000000001">
        <time>2026-08-19T17:42:24Z</time>
      </trkpt>
      <trkpt lat="46.238530000000004" lon="12.01847">
        <time>2026-08-19T17:42:26Z</time>
      </trkpt>
      <trkpt lat="46.238550000000004" lon="12.01847">
        <time>2026-08-19T17:42:27Z</time>
      </trkpt>
      <trkpt lat="46.238550000000004" lon="12.01847">
        <time>2026-08-19T17:42:27Z</time>
      </trkpt>
      <trkpt lat="46.23859" lon="12.01847">
        <time>2026-08-19T17:42:30Z</time>
      </trkpt>
      <trkpt lat="46.23859" lon="12.01847">
        <time>2026-08-19T17:42:30Z</time>
      </trkpt>
      <trkpt lat="46.238620000000004" lon="12.01847">
        <time>2026-08-19T17:42:32Z</time>
      </trkpt>
      <trkpt lat="46.238620000000004" lon="12.01847">
        <time>2026-08-19T17:42:32Z</time>
      </trkpt>
      <trkpt lat="46.23866" lon="12.018460000000001">
        <time>2026-08-19T17:42:35Z</time>
      </trkpt>
      <trkpt lat="46.23868" lon="12.018460000000001">
        <time>2026-08-19T17:42:37Z</time>
      </trkpt>
      <trkpt lat="46.2387" lon="12.018460000000001">
        <time>2026-08-19T17:42:38Z</time>
      </trkpt>
      <trkpt lat="46.2387" lon="12.018460000000001">
        <time>2026-08-19T17:42:38Z</time>
      </trkpt>
      <trkpt lat="46.238730000000004" lon="12.018460000000001">
        <time>2026-08-19T17:42:40Z</time>
      </trkpt>
      <trkpt lat="46.238730000000004" lon="12.018460000000001">
        <time>2026-08-19T17:42:40Z</time>
      </trkpt>
      <trkpt lat="46.23877" lon="12.018460000000001">
        <time>2026-08-19T17:42:43Z</time>
      </trkpt>
      <trkpt lat="46.238780000000006" lon="12.018460000000001">
        <time>2026-08-19T17:42:44Z</time>
      </trkpt>
      <trkpt lat="46.238780000000006" lon="12.018460000000001">
        <time>2026-08-19T17:42:44Z</time>
      </trkpt>
      <trkpt lat="46.238820000000004" lon="12.018460000000001">
        <time>2026-08-19T17:42:46Z</time>
      </trkpt>
      <trkpt lat="46.238820000000004" lon="12.018460000000001">
        <time>2026-08-19T17:42:46Z</time>
      </trkpt>
      <trkpt lat="46.23883000000001" lon="12.018460000000001">
        <time>2026-08-19T17:42:47Z</time>
      </trkpt>
      <trkpt lat="46.238850000000006" lon="12.018460000000001">
        <time>2026-08-19T17:42:49Z</time>
      </trkpt>
      <trkpt lat="46.23886" lon="12.018450000000001">
        <time>2026-08-19T17:42:49Z</time>
      </trkpt>
      <trkpt lat="46.23888" lon="12.018450000000001">
        <time>2026-08-19T17:42:51Z</time>
      </trkpt>
      <trkpt lat="46.2389" lon="12.018450000000001">
        <time>2026-08-19T17:42:52Z</time>
      </trkpt>
      <trkpt lat="46.238910000000004" lon="12.018440000000002">
        <time>2026-08-19T17:42:53Z</time>
      </trkpt>
      <trkpt lat="46.23893" lon="12.018440000000002">
        <time>2026-08-19T17:42:54Z</time>
      </trkpt>
      <trkpt lat="46.23895" lon="12.018440000000002">
        <time>2026-08-19T17:42:56Z</time>
      </trkpt>
      <trkpt lat="46.23897" lon="12.01843">
        <time>2026-08-19T17:42:57Z</time>
      </trkpt>
      <trkpt lat="46.238980000000005" lon="12.01843">
        <time>2026-08-19T17:42:58Z</time>
      </trkpt>
      <trkpt lat="46.239000000000004" lon="12.01842">
        <time>2026-08-19T17:43:00Z</time>
      </trkpt>
      <trkpt lat="46.23904" lon="12.01842">
        <time>2026-08-19T17:43:02Z</time>
      </trkpt>
      <trkpt lat="46.23904" lon="12.01842">
        <time>2026-08-19T17:43:02Z</time>
      </trkpt>
      <trkpt lat="46.239070000000005" lon="12.018410000000001">
        <time>2026-08-19T17:43:05Z</time>
      </trkpt>
      <trkpt lat="46.23908" lon="12.018410000000001">
        <time>2026-08-19T17:43:05Z</time>
      </trkpt>
      <trkpt lat="46.2391" lon="12.018410000000001">
        <time>2026-08-19T17:43:07Z</time>
      </trkpt>
      <trkpt lat="46.2391" lon="12.018410000000001">
        <time>2026-08-19T17:43:07Z</time>
      </trkpt>
      <trkpt lat="46.239140000000006" lon="12.01839">
        <time>2026-08-19T17:43:10Z</time>
      </trkpt>
      <trkpt lat="46.23915" lon="12.01839">
        <time>2026-08-19T17:43:10Z</time>
      </trkpt>
      <trkpt lat="46.23917" lon="12.01838">
        <time>2026-08-19T17:43:12Z</time>
      </trkpt>
      <trkpt lat="46.23917" lon="12.01838">
        <time>2026-08-19T17:43:12Z</time>
      </trkpt>
      <trkpt lat="46.239200000000004" lon="12.01838">
        <time>2026-08-19T17:43:14Z</time>
      </trkpt>
      <trkpt lat="46.239200000000004" lon="12.01838">
        <time>2026-08-19T17:43:14Z</time>
      </trkpt>
      <trkpt lat="46.23922" lon="12.01838">
        <time>2026-08-19T17:43:15Z</time>
      </trkpt>
      <trkpt lat="46.23924" lon="12.01837">
        <time>2026-08-19T17:43:17Z</time>
      </trkpt>
      <trkpt lat="46.239250000000006" lon="12.01837">
        <time>2026-08-19T17:43:18Z</time>
      </trkpt>
      <trkpt lat="46.239270000000005" lon="12.01837">
        <time>2026-08-19T17:43:19Z</time>
      </trkpt>
      <trkpt lat="46.239290000000004" lon="12.01837">
        <time>2026-08-19T17:43:20Z</time>
      </trkpt>
      <trkpt lat="46.23931" lon="12.018360000000001">
        <time>2026-08-19T17:43:22Z</time>
      </trkpt>
      <trkpt lat="46.239340000000006" lon="12.018360000000001">
        <time>2026-08-19T17:43:24Z</time>
      </trkpt>
      <trkpt lat="46.239340000000006" lon="12.018360000000001">
        <time>2026-08-19T17:43:24Z</time>
      </trkpt>
      <trkpt lat="46.239380000000004" lon="12.018350000000002">
        <time>2026-08-19T17:43:27Z</time>
      </trkpt>
      <trkpt lat="46.239380000000004" lon="12.018350000000002">
        <time>2026-08-19T17:43:27Z</time>
      </trkpt>
      <trkpt lat="46.2394" lon="12.018350000000002">
        <time>2026-08-19T17:43:28Z</time>
      </trkpt>
      <trkpt lat="46.23941000000001" lon="12.018350000000002">
        <time>2026-08-19T17:43:29Z</time>
      </trkpt>
      <trkpt lat="46.239450000000005" lon="12.01834">
        <time>2026-08-19T17:43:32Z</time>
      </trkpt>
      <trkpt lat="46.239470000000004" lon="12.01834">
        <time>2026-08-19T17:43:33Z</time>
      </trkpt>
      <trkpt lat="46.239470000000004" lon="12.01834">
        <time>2026-08-19T17:43:33Z</time>
      </trkpt>
      <trkpt lat="46.23949" lon="12.01834">
        <time>2026-08-19T17:43:35Z</time>
      </trkpt>
      <trkpt lat="46.23951" lon="12.01834">
        <time>2026-08-19T17:43:36Z</time>
      </trkpt>
      <trkpt lat="46.239520000000006" lon="12.01834">
        <time>2026-08-19T17:43:37Z</time>
      </trkpt>
      <trkpt lat="46.239540000000005" lon="12.01834">
        <time>2026-08-19T17:43:38Z</time>
      </trkpt>
      <trkpt lat="46.239560000000004" lon="12.018350000000002">
        <time>2026-08-19T17:43:40Z</time>
      </trkpt>
      <trkpt lat="46.23959000000001" lon="12.018360000000001">
        <time>2026-08-19T17:43:42Z</time>
      </trkpt>
      <trkpt lat="46.23959000000001" lon="12.018360000000001">
        <time>2026-08-19T17:43:42Z</time>
      </trkpt>
      <trkpt lat="46.23962" lon="12.01837">
        <time>2026-08-19T17:43:44Z</time>
      </trkpt>
      <trkpt lat="46.23964" lon="12.01838">
        <time>2026-08-19T17:43:46Z</time>
      </trkpt>
      <trkpt lat="46.23966" lon="12.01839">
        <time>2026-08-19T17:43:47Z</time>
      </trkpt>
      <trkpt lat="46.23966" lon="12.01839">
        <time>2026-08-19T17:43:47Z</time>
      </trkpt>
      <trkpt lat="46.239670000000004" lon="12.018410000000001">
        <time>2026-08-19T17:43:48Z</time>
      </trkpt>
      <trkpt lat="46.239700000000006" lon="12.01843">
        <time>2026-08-19T17:43:51Z</time>
      </trkpt>
      <trkpt lat="46.239720000000005" lon="12.018450000000001">
        <time>2026-08-19T17:43:52Z</time>
      </trkpt>
      <trkpt lat="46.239720000000005" lon="12.018450000000001">
        <time>2026-08-19T17:43:52Z</time>
      </trkpt>
      <trkpt lat="46.23975" lon="12.01848">
        <time>2026-08-19T17:43:55Z</time>
      </trkpt>
      <trkpt lat="46.23975" lon="12.01848">
        <time>2026-08-19T17:43:55Z</time>
      </trkpt>
      <trkpt lat="46.23978" lon="12.018510000000001">
        <time>2026-08-19T17:43:58Z</time>
      </trkpt>
      <trkpt lat="46.239790000000006" lon="12.01852">
        <time>2026-08-19T17:43:58Z</time>
      </trkpt>
      <trkpt lat="46.2398" lon="12.018540000000002">
        <time>2026-08-19T17:44:00Z</time>
      </trkpt>
      <trkpt lat="46.2398" lon="12.018540000000002">
        <time>2026-08-19T17:44:00Z</time>
      </trkpt>
      <trkpt lat="46.23982" lon="12.018550000000001">
        <time>2026-08-19T17:44:01Z</time>
      </trkpt>
      <trkpt lat="46.239830000000005" lon="12.01856">
        <time>2026-08-19T17:44:02Z</time>
      </trkpt>
      <trkpt lat="46.23984" lon="12.018580000000002">
        <time>2026-08-19T17:44:03Z</time>
      </trkpt>
      <trkpt lat="46.23987" lon="12.018600000000001">
        <time>2026-08-19T17:44:06Z</time>
      </trkpt>
      <trkpt lat="46.23987" lon="12.018600000000001">
        <time>2026-08-19T17:44:06Z</time>
      </trkpt>
      <trkpt lat="46.23989" lon="12.01861">
        <time>2026-08-19T17:44:07Z</time>
      </trkpt>
      <trkpt lat="46.239920000000005" lon="12.018630000000002">
        <time>2026-08-19T17:44:09Z</time>
      </trkpt>
      <trkpt lat="46.239920000000005" lon="12.018630000000002">
        <time>2026-08-19T17:44:09Z</time>
      </trkpt>
      <trkpt lat="46.239940000000004" lon="12.018630000000002">
        <time>2026-08-19T17:44:11Z</time>
      </trkpt>
      <trkpt lat="46.23996" lon="12.018640000000001">
        <time>2026-08-19T17:44:12Z</time>
      </trkpt>
      <trkpt lat="46.239990000000006" lon="12.01867">
        <time>2026-08-19T17:44:15Z</time>
      </trkpt>
      <trkpt lat="46.239990000000006" lon="12.01867">
        <time>2026-08-19T17:44:15Z</time>
      </trkpt>
      <trkpt lat="46.24" lon="12.018680000000002">
        <time>2026-08-19T17:44:16Z</time>
      </trkpt>
      <trkpt lat="46.24002" lon="12.018690000000001">
        <time>2026-08-19T17:44:17Z</time>
      </trkpt>
      <trkpt lat="46.24006000000001" lon="12.018720000000002">
        <time>2026-08-19T17:44:20Z</time>
      </trkpt>
      <trkpt lat="46.240080000000006" lon="12.018740000000001">
        <time>2026-08-19T17:44:22Z</time>
      </trkpt>
      <trkpt lat="46.24009" lon="12.01876">
        <time>2026-08-19T17:44:23Z</time>
      </trkpt>
      <trkpt lat="46.24009" lon="12.01876">
        <time>2026-08-19T17:44:23Z</time>
      </trkpt>
      <trkpt lat="46.240120000000005" lon="12.018790000000001">
        <time>2026-08-19T17:44:26Z</time>
      </trkpt>
      <trkpt lat="46.240120000000005" lon="12.018790000000001">
        <time>2026-08-19T17:44:26Z</time>
      </trkpt>
      <trkpt lat="46.240140000000004" lon="12.01881">
        <time>2026-08-19T17:44:28Z</time>
      </trkpt>
      <trkpt lat="46.24016" lon="12.01885">
        <time>2026-08-19T17:44:30Z</time>
      </trkpt>
      <trkpt lat="46.240170000000006" lon="12.018870000000001">
        <time>2026-08-19T17:44:31Z</time>
      </trkpt>
      <trkpt lat="46.240170000000006" lon="12.018870000000001">
        <time>2026-08-19T17:44:31Z</time>
      </trkpt>
      <trkpt lat="46.24018" lon="12.01889">
        <time>2026-08-19T17:44:32Z</time>
      </trkpt>
      <trkpt lat="46.2402" lon="12.018910000000002">
        <time>2026-08-19T17:44:34Z</time>
      </trkpt>
      <trkpt lat="46.24022" lon="12.01895">
        <time>2026-08-19T17:44:37Z</time>
      </trkpt>
      <trkpt lat="46.24022" lon="12.01895">
        <time>2026-08-19T17:44:37Z</time>
      </trkpt>
      <trkpt lat="46.240230000000004" lon="12.018960000000002">
        <time>2026-08-19T17:44:37Z</time>
      </trkpt>
      <trkpt lat="46.24024000000001" lon="12.01898">
        <time>2026-08-19T17:44:39Z</time>
      </trkpt>
      <trkpt lat="46.24025" lon="12.019">
        <time>2026-08-19T17:44:40Z</time>
      </trkpt>
      <trkpt lat="46.240260000000006" lon="12.019020000000001">
        <time>2026-08-19T17:44:41Z</time>
      </trkpt>
      <trkpt lat="46.240280000000006" lon="12.01904">
        <time>2026-08-19T17:44:43Z</time>
      </trkpt>
      <trkpt lat="46.24029" lon="12.019060000000001">
        <time>2026-08-19T17:44:44Z</time>
      </trkpt>
      <trkpt lat="46.240300000000005" lon="12.01908">
        <time>2026-08-19T17:44:45Z</time>
      </trkpt>
      <trkpt lat="46.24033000000001" lon="12.019120000000001">
        <time>2026-08-19T17:44:48Z</time>
      </trkpt>
      <trkpt lat="46.24034" lon="12.01913">
        <time>2026-08-19T17:44:49Z</time>
      </trkpt>
      <trkpt lat="46.24034" lon="12.01913">
        <time>2026-08-19T17:44:49Z</time>
      </trkpt>
      <trkpt lat="46.24035000000001" lon="12.019150000000002">
        <time>2026-08-19T17:44:50Z</time>
      </trkpt>
      <trkpt lat="46.240370000000006" lon="12.01917">
        <time>2026-08-19T17:44:52Z</time>
      </trkpt>
      <trkpt lat="46.24038" lon="12.01918">
        <time>2026-08-19T17:44:53Z</time>
      </trkpt>
      <trkpt lat="46.2404" lon="12.019200000000001">
        <time>2026-08-19T17:44:54Z</time>
      </trkpt>
      <trkpt lat="46.24043" lon="12.01922">
        <time>2026-08-19T17:44:57Z</time>
      </trkpt>
      <trkpt lat="46.24043" lon="12.01922">
        <time>2026-08-19T17:44:57Z</time>
      </trkpt>
      <trkpt lat="46.240460000000006" lon="12.019250000000001">
        <time>2026-08-19T17:44:59Z</time>
      </trkpt>
      <trkpt lat="46.240460000000006" lon="12.019250000000001">
        <time>2026-08-19T17:44:59Z</time>
      </trkpt>
      <trkpt lat="46.240480000000005" lon="12.019260000000001">
        <time>2026-08-19T17:45:01Z</time>
      </trkpt>
      <trkpt lat="46.24051" lon="12.01928">
        <time>2026-08-19T17:45:03Z</time>
      </trkpt>
      <trkpt lat="46.24051" lon="12.01928">
        <time>2026-08-19T17:45:03Z</time>
      </trkpt>
      <trkpt lat="46.24053000000001" lon="12.019290000000002">
        <time>2026-08-19T17:45:05Z</time>
      </trkpt>
      <trkpt lat="46.240550000000006" lon="12.019300000000001">
        <time>2026-08-19T17:45:06Z</time>
      </trkpt>
      <trkpt lat="46.240570000000005" lon="12.01931">
        <time>2026-08-19T17:45:08Z</time>
      </trkpt>
      <trkpt lat="46.2406" lon="12.019330000000002">
        <time>2026-08-19T17:45:10Z</time>
      </trkpt>
      <trkpt lat="46.2406" lon="12.019330000000002">
        <time>2026-08-19T17:45:10Z</time>
      </trkpt>
      <trkpt lat="46.24062000000001" lon="12.019340000000001">
        <time>2026-08-19T17:45:12Z</time>
      </trkpt>
      <trkpt lat="46.24063" lon="12.019340000000001">
        <time>2026-08-19T17:45:12Z</time>
      </trkpt>
      <trkpt lat="46.24065" lon="12.019340000000001">
        <time>2026-08-19T17:45:14Z</time>
      </trkpt>
      <trkpt lat="46.240680000000005" lon="12.019350000000001">
        <time>2026-08-19T17:45:16Z</time>
      </trkpt>
      <trkpt lat="46.240680000000005" lon="12.019350000000001">
        <time>2026-08-19T17:45:16Z</time>
      </trkpt>
      <trkpt lat="46.240700000000004" lon="12.019350000000001">
        <time>2026-08-19T17:45:17Z</time>
      </trkpt>
      <trkpt lat="46.24071000000001" lon="12.01936">
        <time>2026-08-19T17:45:18Z</time>
      </trkpt>
      <trkpt lat="46.240730000000006" lon="12.01936">
        <time>2026-08-19T17:45:20Z</time>
      </trkpt>
      <trkpt lat="46.24074" lon="12.01936">
        <time>2026-08-19T17:45:20Z</time>
      </trkpt>
      <trkpt lat="46.24076" lon="12.01936">
        <time>2026-08-19T17:45:22Z</time>
      </trkpt>
      <trkpt lat="46.240770000000005" lon="12.01936">
        <time>2026-08-19T17:45:22Z</time>
      </trkpt>
      <trkpt lat="46.24081" lon="12.01937">
        <time>2026-08-19T17:45:25Z</time>
      </trkpt>
      <trkpt lat="46.24083" lon="12.019380000000002">
        <time>2026-08-19T17:45:27Z</time>
      </trkpt>
      <trkpt lat="46.24083" lon="12.019380000000002">
        <time>2026-08-19T17:45:27Z</time>
      </trkpt>
      <trkpt lat="46.240840000000006" lon="12.019380000000002">
        <time>2026-08-19T17:45:27Z</time>
      </trkpt>
      <trkpt lat="46.240860000000005" lon="12.019390000000001">
        <time>2026-08-19T17:45:29Z</time>
      </trkpt>
      <trkpt lat="46.240880000000004" lon="12.019390000000001">
        <time>2026-08-19T17:45:30Z</time>
      </trkpt>
      <trkpt lat="46.24089" lon="12.019400000000001">
        <time>2026-08-19T17:45:31Z</time>
      </trkpt>
      <trkpt lat="46.24091000000001" lon="12.019400000000001">
        <time>2026-08-19T17:45:33Z</time>
      </trkpt>
      <trkpt lat="46.240930000000006" lon="12.01941">
        <time>2026-08-19T17:45:34Z</time>
      </trkpt>
      <trkpt lat="46.240950000000005" lon="12.01942">
        <time>2026-08-19T17:45:36Z</time>
      </trkpt>
      <trkpt lat="46.24096" lon="12.019430000000002">
        <time>2026-08-19T17:45:36Z</time>
      </trkpt>
      <trkpt lat="46.24098" lon="12.019440000000001">
        <time>2026-08-19T17:45:38Z</time>
      </trkpt>
      <trkpt lat="46.240990000000004" lon="12.01945">
        <time>2026-08-19T17:45:39Z</time>
      </trkpt>
      <trkpt lat="46.24101" lon="12.01946">
        <time>2026-08-19T17:45:40Z</time>
      </trkpt>
      <trkpt lat="46.24103" lon="12.01946">
        <time>2026-08-19T17:45:42Z</time>
      </trkpt>
      <trkpt lat="46.24105" lon="12.01947">
        <time>2026-08-19T17:45:43Z</time>
      </trkpt>
      <trkpt lat="46.24107" lon="12.01947">
        <time>2026-08-19T17:45:45Z</time>
      </trkpt>
      <trkpt lat="46.24109000000001" lon="12.019480000000001">
        <time>2026-08-19T17:45:46Z</time>
      </trkpt>
      <trkpt lat="46.241110000000006" lon="12.019480000000001">
        <time>2026-08-19T17:45:48Z</time>
      </trkpt>
      <trkpt lat="46.241150000000005" lon="12.019490000000001">
        <time>2026-08-19T17:45:50Z</time>
      </trkpt>
      <trkpt lat="46.241150000000005" lon="12.019490000000001">
        <time>2026-08-19T17:45:50Z</time>
      </trkpt>
      <trkpt lat="46.24116" lon="12.0195">
        <time>2026-08-19T17:45:51Z</time>
      </trkpt>
      <trkpt lat="46.241200000000006" lon="12.01951">
        <time>2026-08-19T17:45:54Z</time>
      </trkpt>
      <trkpt lat="46.241220000000006" lon="12.019520000000002">
        <time>2026-08-19T17:45:56Z</time>
      </trkpt>
      <trkpt lat="46.241220000000006" lon="12.019520000000002">
        <time>2026-08-19T17:45:56Z</time>
      </trkpt>
      <trkpt lat="46.241260000000004" lon="12.019540000000001">
        <time>2026-08-19T17:45:59Z</time>
      </trkpt>
      <trkpt lat="46.24128" lon="12.019540000000001">
        <time>2026-08-19T17:46:00Z</time>
      </trkpt>
      <trkpt lat="46.241290000000006" lon="12.01955">
        <time>2026-08-19T17:46:01Z</time>
      </trkpt>
      <trkpt lat="46.241310000000006" lon="12.01955">
        <time>2026-08-19T17:46:02Z</time>
      </trkpt>
      <trkpt lat="46.241310000000006" lon="12.01955">
        <time>2026-08-19T17:46:02Z</time>
      </trkpt>
      <trkpt lat="46.241350000000004" lon="12.01956">
        <time>2026-08-19T17:46:05Z</time>
      </trkpt>
      <trkpt lat="46.24136" lon="12.019570000000002">
        <time>2026-08-19T17:46:06Z</time>
      </trkpt>
      <trkpt lat="46.24138000000001" lon="12.019570000000002">
        <time>2026-08-19T17:46:07Z</time>
      </trkpt>
      <trkpt lat="46.241400000000006" lon="12.019580000000001">
        <time>2026-08-19T17:46:09Z</time>
      </trkpt>
      <trkpt lat="46.241400000000006" lon="12.019580000000001">
        <time>2026-08-19T17:46:09Z</time>
      </trkpt>
      <trkpt lat="46.241420000000005" lon="12.019580000000001">
        <time>2026-08-19T17:46:10Z</time>
      </trkpt>
      <trkpt lat="46.241460000000004" lon="12.0196">
        <time>2026-08-19T17:46:13Z</time>
      </trkpt>
      <trkpt lat="46.241460000000004" lon="12.0196">
        <time>2026-08-19T17:46:13Z</time>
      </trkpt>
      <trkpt lat="46.24147000000001" lon="12.0196">
        <time>2026-08-19T17:46:14Z</time>
      </trkpt>
      <trkpt lat="46.241490000000006" lon="12.01961">
        <time>2026-08-19T17:46:16Z</time>
      </trkpt>
      <trkpt lat="46.241510000000005" lon="12.019620000000002">
        <time>2026-08-19T17:46:17Z</time>
      </trkpt>
      <trkpt lat="46.24154" lon="12.01964">
        <time>2026-08-19T17:46:19Z</time>
      </trkpt>
      <trkpt lat="46.24156000000001" lon="12.01964">
        <time>2026-08-19T17:46:21Z</time>
      </trkpt>
      <trkpt lat="46.241580000000006" lon="12.01965">
        <time>2026-08-19T17:46:22Z</time>
      </trkpt>
      <trkpt lat="46.241580000000006" lon="12.01965">
        <time>2026-08-19T17:46:22Z</time>
      </trkpt>
      <trkpt lat="46.241620000000005" lon="12.019670000000001">
        <time>2026-08-19T17:46:25Z</time>
      </trkpt>
      <trkpt lat="46.24163" lon="12.019680000000001">
        <time>2026-08-19T17:46:26Z</time>
      </trkpt>
      <trkpt lat="46.24165000000001" lon="12.01969">
        <time>2026-08-19T17:46:28Z</time>
      </trkpt>
      <trkpt lat="46.24165000000001" lon="12.01969">
        <time>2026-08-19T17:46:28Z</time>
      </trkpt>
      <trkpt lat="46.241670000000006" lon="12.0197">
        <time>2026-08-19T17:46:29Z</time>
      </trkpt>
      <trkpt lat="46.24168" lon="12.019710000000002">
        <time>2026-08-19T17:46:30Z</time>
      </trkpt>
      <trkpt lat="46.2417" lon="12.019720000000001">
        <time>2026-08-19T17:46:32Z</time>
      </trkpt>
      <trkpt lat="46.241710000000005" lon="12.019730000000001">
        <time>2026-08-19T17:46:32Z</time>
      </trkpt>
      <trkpt lat="46.241730000000004" lon="12.01974">
        <time>2026-08-19T17:46:34Z</time>
      </trkpt>
      <trkpt lat="46.241760000000006" lon="12.019760000000002">
        <time>2026-08-19T17:46:36Z</time>
      </trkpt>
      <trkpt lat="46.24177" lon="12.019770000000001">
        <time>2026-08-19T17:46:37Z</time>
      </trkpt>
      <trkpt lat="46.24177" lon="12.019770000000001">
        <time>2026-08-19T17:46:37Z</time>
      </trkpt>
      <trkpt lat="46.241800000000005" lon="12.01979">
        <time>2026-08-19T17:46:39Z</time>
      </trkpt>
      <trkpt lat="46.241820000000004" lon="12.019800000000002">
        <time>2026-08-19T17:46:41Z</time>
      </trkpt>
      <trkpt lat="46.241820000000004" lon="12.019800000000002">
        <time>2026-08-19T17:46:41Z</time>
      </trkpt>
      <trkpt lat="46.24185000000001" lon="12.019820000000001">
        <time>2026-08-19T17:46:43Z</time>
      </trkpt>
      <trkpt lat="46.241870000000006" lon="12.01983">
        <time>2026-08-19T17:46:45Z</time>
      </trkpt>
      <trkpt lat="46.241890000000005" lon="12.01984">
        <time>2026-08-19T17:46:46Z</time>
      </trkpt>
      <trkpt lat="46.241890000000005" lon="12.01984">
        <time>2026-08-19T17:46:46Z</time>
      </trkpt>
      <trkpt lat="46.24192" lon="12.019860000000001">
        <time>2026-08-19T17:46:49Z</time>
      </trkpt>
      <trkpt lat="46.24192" lon="12.019860000000001">
        <time>2026-08-19T17:46:49Z</time>
      </trkpt>
      <trkpt lat="46.241960000000006" lon="12.019870000000001">
        <time>2026-08-19T17:46:51Z</time>
      </trkpt>
      <trkpt lat="46.241960000000006" lon="12.019870000000001">
        <time>2026-08-19T17:46:51Z</time>
      </trkpt>
      <trkpt lat="46.24197" lon="12.019870000000001">
        <time>2026-08-19T17:46:52Z</time>
      </trkpt>
      <trkpt lat="46.24201" lon="12.01989">
        <time>2026-08-19T17:46:55Z</time>
      </trkpt>
      <trkpt lat="46.242020000000004" lon="12.019900000000002">
        <time>2026-08-19T17:46:56Z</time>
      </trkpt>
      <trkpt lat="46.24204" lon="12.019900000000002">
        <time>2026-08-19T17:46:57Z</time>
      </trkpt>
      <trkpt lat="46.242050000000006" lon="12.01992">
        <time>2026-08-19T17:46:59Z</time>
      </trkpt>
      <trkpt lat="46.24206" lon="12.01992">
        <time>2026-08-19T17:46:59Z</time>
      </trkpt>
      <trkpt lat="46.24208" lon="12.01993">
        <time>2026-08-19T17:47:01Z</time>
      </trkpt>
      <trkpt lat="46.242090000000005" lon="12.019940000000002">
        <time>2026-08-19T17:47:02Z</time>
      </trkpt>
      <trkpt lat="46.242110000000004" lon="12.019960000000001">
        <time>2026-08-19T17:47:03Z</time>
      </trkpt>
      <trkpt lat="46.242110000000004" lon="12.019960000000001">
        <time>2026-08-19T17:47:03Z</time>
      </trkpt>
      <trkpt lat="46.24212000000001" lon="12.01997">
        <time>2026-08-19T17:47:04Z</time>
      </trkpt>
      <trkpt lat="46.242140000000006" lon="12.01998">
        <time>2026-08-19T17:47:06Z</time>
      </trkpt>
      <trkpt lat="46.24215" lon="12.019990000000002">
        <time>2026-08-19T17:47:07Z</time>
      </trkpt>
      <trkpt lat="46.242180000000005" lon="12.02002">
        <time>2026-08-19T17:47:09Z</time>
      </trkpt>
      <trkpt lat="46.24219" lon="12.02003">
        <time>2026-08-19T17:47:10Z</time>
      </trkpt>
      <trkpt lat="46.24219" lon="12.02003">
        <time>2026-08-19T17:47:10Z</time>
      </trkpt>
      <trkpt lat="46.24222" lon="12.02006">
        <time>2026-08-19T17:47:13Z</time>
      </trkpt>
      <trkpt lat="46.242230000000006" lon="12.02008">
        <time>2026-08-19T17:47:14Z</time>
      </trkpt>
      <trkpt lat="46.242230000000006" lon="12.02008">
        <time>2026-08-19T17:47:14Z</time>
      </trkpt>
      <trkpt lat="46.24226" lon="12.02011">
        <time>2026-08-19T17:47:16Z</time>
      </trkpt>
      <trkpt lat="46.24226" lon="12.02011">
        <time>2026-08-19T17:47:16Z</time>
      </trkpt>
      <trkpt lat="46.24228" lon="12.020130000000002">
        <time>2026-08-19T17:47:18Z</time>
      </trkpt>
      <trkpt lat="46.242290000000004" lon="12.020150000000001">
        <time>2026-08-19T17:47:19Z</time>
      </trkpt>
      <trkpt lat="46.24232000000001" lon="12.020180000000002">
        <time>2026-08-19T17:47:22Z</time>
      </trkpt>
      <trkpt lat="46.24233" lon="12.0202">
        <time>2026-08-19T17:47:23Z</time>
      </trkpt>
      <trkpt lat="46.24233" lon="12.0202">
        <time>2026-08-19T17:47:23Z</time>
      </trkpt>
      <trkpt lat="46.242360000000005" lon="12.020240000000001">
        <time>2026-08-19T17:47:26Z</time>
      </trkpt>
      <trkpt lat="46.242380000000004" lon="12.02025">
        <time>2026-08-19T17:47:27Z</time>
      </trkpt>
      <trkpt lat="46.242380000000004" lon="12.02025">
        <time>2026-08-19T17:47:27Z</time>
      </trkpt>
      <trkpt lat="46.24241000000001" lon="12.020280000000001">
        <time>2026-08-19T17:47:30Z</time>
      </trkpt>
      <trkpt lat="46.24241000000001" lon="12.020280000000001">
        <time>2026-08-19T17:47:30Z</time>
      </trkpt>
      <trkpt lat="46.24244" lon="12.02031">
        <time>2026-08-19T17:47:33Z</time>
      </trkpt>
      <trkpt lat="46.24244" lon="12.02031">
        <time>2026-08-19T17:47:33Z</time>
      </trkpt>
      <trkpt lat="46.24246" lon="12.020320000000002">
        <time>2026-08-19T17:47:34Z</time>
      </trkpt>
      <trkpt lat="46.242470000000004" lon="12.020330000000001">
        <time>2026-08-19T17:47:35Z</time>
      </trkpt>
      <trkpt lat="46.242490000000004" lon="12.020340000000001">
        <time>2026-08-19T17:47:37Z</time>
      </trkpt>
      <trkpt lat="46.24251" lon="12.02035">
        <time>2026-08-19T17:47:38Z</time>
      </trkpt>
      <trkpt lat="46.242540000000005" lon="12.02035">
        <time>2026-08-19T17:47:40Z</time>
      </trkpt>
      <trkpt lat="46.242560000000005" lon="12.02035">
        <time>2026-08-19T17:47:42Z</time>
      </trkpt>
      <trkpt lat="46.242580000000004" lon="12.02036">
        <time>2026-08-19T17:47:43Z</time>
      </trkpt>
      <trkpt lat="46.242580000000004" lon="12.02036">
        <time>2026-08-19T17:47:43Z</time>
      </trkpt>
      <trkpt lat="46.24259000000001" lon="12.02036">
        <time>2026-08-19T17:47:44Z</time>
      </trkpt>
      <trkpt lat="46.242630000000005" lon="12.02036">
        <time>2026-08-19T17:47:47Z</time>
      </trkpt>
      <trkpt lat="46.24264" lon="12.02036">
        <time>2026-08-19T17:47:47Z</time>
      </trkpt>
      <trkpt lat="46.24264" lon="12.02036">
        <time>2026-08-19T17:47:47Z</time>
      </trkpt>
      <trkpt lat="46.24266" lon="12.02036">
        <time>2026-08-19T17:47:49Z</time>
      </trkpt>
      <trkpt lat="46.24268000000001" lon="12.02035">
        <time>2026-08-19T17:47:50Z</time>
      </trkpt>
      <trkpt lat="46.242700000000006" lon="12.02035">
        <time>2026-08-19T17:47:52Z</time>
      </trkpt>
      <trkpt lat="46.24271" lon="12.02035">
        <time>2026-08-19T17:47:52Z</time>
      </trkpt>
      <trkpt lat="46.242740000000005" lon="12.020340000000001">
        <time>2026-08-19T17:47:54Z</time>
      </trkpt>
      <trkpt lat="46.242760000000004" lon="12.020340000000001">
        <time>2026-08-19T17:47:56Z</time>
      </trkpt>
      <trkpt lat="46.242760000000004" lon="12.020340000000001">
        <time>2026-08-19T17:47:56Z</time>
      </trkpt>
      <trkpt lat="46.24279000000001" lon="12.020330000000001">
        <time>2026-08-19T17:47:58Z</time>
      </trkpt>
      <trkpt lat="46.2428" lon="12.020320000000002">
        <time>2026-08-19T17:47:59Z</time>
      </trkpt>
      <trkpt lat="46.24282" lon="12.020320000000002">
        <time>2026-08-19T17:48:00Z</time>
      </trkpt>
      <trkpt lat="46.24282" lon="12.020320000000002">
        <time>2026-08-19T17:48:00Z</time>
      </trkpt>
      <trkpt lat="46.242830000000005" lon="12.02031">
        <time>2026-08-19T17:48:01Z</time>
      </trkpt>
      <trkpt lat="46.24286" lon="12.02031">
        <time>2026-08-19T17:48:03Z</time>
      </trkpt>
      <trkpt lat="46.24286" lon="12.02031">
        <time>2026-08-19T17:48:03Z</time>
      </trkpt>
      <trkpt lat="46.24289" lon="12.02031">
        <time>2026-08-19T17:48:05Z</time>
      </trkpt>
      <trkpt lat="46.24289" lon="12.02031">
        <time>2026-08-19T17:48:05Z</time>
      </trkpt>
      <trkpt lat="46.242920000000005" lon="12.02031">
        <time>2026-08-19T17:48:08Z</time>
      </trkpt>
      <trkpt lat="46.242940000000004" lon="12.02031">
        <time>2026-08-19T17:48:09Z</time>
      </trkpt>
      <trkpt lat="46.242940000000004" lon="12.02031">
        <time>2026-08-19T17:48:09Z</time>
      </trkpt>
      <trkpt lat="46.242960000000004" lon="12.02031">
        <time>2026-08-19T17:48:10Z</time>
      </trkpt>
      <trkpt lat="46.24297000000001" lon="12.02031">
        <time>2026-08-19T17:48:11Z</time>
      </trkpt>
      <trkpt lat="46.24298" lon="12.02031">
        <time>2026-08-19T17:48:12Z</time>
      </trkpt>
      <trkpt lat="46.243" lon="12.02031">
        <time>2026-08-19T17:48:13Z</time>
      </trkpt>
      <trkpt lat="46.24302" lon="12.02031">
        <time>2026-08-19T17:48:15Z</time>
      </trkpt>
      <trkpt lat="46.24304" lon="12.02031">
        <time>2026-08-19T17:48:16Z</time>
      </trkpt>
      <trkpt lat="46.24304" lon="12.02031">
        <time>2026-08-19T17:48:16Z</time>
      </trkpt>
      <trkpt lat="46.24307" lon="12.0203">
        <time>2026-08-19T17:48:18Z</time>
      </trkpt>
      <trkpt lat="46.24307" lon="12.0203">
        <time>2026-08-19T17:48:18Z</time>
      </trkpt>
      <trkpt lat="46.243100000000005" lon="12.0203">
        <time>2026-08-19T17:48:20Z</time>
      </trkpt>
      <trkpt lat="46.243100000000005" lon="12.0203">
        <time>2026-08-19T17:48:20Z</time>
      </trkpt>
      <trkpt lat="46.243120000000005" lon="12.0203">
        <time>2026-08-19T17:48:22Z</time>
      </trkpt>
      <trkpt lat="46.24313" lon="12.0203">
        <time>2026-08-19T17:48:22Z</time>
      </trkpt>
      <trkpt lat="46.24315000000001" lon="12.0203">
        <time>2026-08-19T17:48:24Z</time>
      </trkpt>
      <trkpt lat="46.24316" lon="12.020290000000001">
        <time>2026-08-19T17:48:25Z</time>
      </trkpt>
      <trkpt lat="46.24318" lon="12.020280000000001">
        <time>2026-08-19T17:48:26Z</time>
      </trkpt>
      <trkpt lat="46.243210000000005" lon="12.020270000000002">
        <time>2026-08-19T17:48:28Z</time>
      </trkpt>
      <trkpt lat="46.243210000000005" lon="12.020270000000002">
        <time>2026-08-19T17:48:28Z</time>
      </trkpt>
      <trkpt lat="46.24324000000001" lon="12.02025">
        <time>2026-08-19T17:48:31Z</time>
      </trkpt>
      <trkpt lat="46.24324000000001" lon="12.02025">
        <time>2026-08-19T17:48:31Z</time>
      </trkpt>
      <trkpt lat="46.24326000000001" lon="12.020240000000001">
        <time>2026-08-19T17:48:32Z</time>
      </trkpt>
      <trkpt lat="46.24329" lon="12.020240000000001">
        <time>2026-08-19T17:48:34Z</time>
      </trkpt>
      <trkpt lat="46.24329" lon="12.020240000000001">
        <time>2026-08-19T17:48:34Z</time>
      </trkpt>
      <trkpt lat="46.24333" lon="12.02025">
        <time>2026-08-19T17:48:37Z</time>
      </trkpt>
      <trkpt lat="46.24333" lon="12.02025">
        <time>2026-08-19T17:48:37Z</time>
      </trkpt>
      <trkpt lat="46.24335000000001" lon="12.02026">
        <time>2026-08-19T17:48:39Z</time>
      </trkpt>
      <trkpt lat="46.243370000000006" lon="12.02026">
        <time>2026-08-19T17:48:40Z</time>
      </trkpt>
      <trkpt lat="46.2434" lon="12.020270000000002">
        <time>2026-08-19T17:48:42Z</time>
      </trkpt>
      <trkpt lat="46.2434" lon="12.020270000000002">
        <time>2026-08-19T17:48:42Z</time>
      </trkpt>
      <trkpt lat="46.24342" lon="12.020270000000002">
        <time>2026-08-19T17:48:44Z</time>
      </trkpt>
      <trkpt lat="46.24344000000001" lon="12.020280000000001">
        <time>2026-08-19T17:48:45Z</time>
      </trkpt>
      <trkpt lat="46.243460000000006" lon="12.0203">
        <time>2026-08-19T17:48:47Z</time>
      </trkpt>
      <trkpt lat="46.243460000000006" lon="12.0203">
        <time>2026-08-19T17:48:47Z</time>
      </trkpt>
      <trkpt lat="46.243480000000005" lon="12.02031">
        <time>2026-08-19T17:48:48Z</time>
      </trkpt>
      <trkpt lat="46.24349" lon="12.020320000000002">
        <time>2026-08-19T17:48:49Z</time>
      </trkpt>
      <trkpt lat="46.24351" lon="12.020330000000001">
        <time>2026-08-19T17:48:51Z</time>
      </trkpt>
      <trkpt lat="46.243520000000004" lon="12.020340000000001">
        <time>2026-08-19T17:48:52Z</time>
      </trkpt>
      <trkpt lat="46.24353000000001" lon="12.02035">
        <time>2026-08-19T17:48:53Z</time>
      </trkpt>
      <trkpt lat="46.24354" lon="12.02036">
        <time>2026-08-19T17:48:53Z</time>
      </trkpt>
      <trkpt lat="46.243550000000006" lon="12.020370000000002">
        <time>2026-08-19T17:48:54Z</time>
      </trkpt>
      <trkpt lat="46.24356" lon="12.020380000000001">
        <time>2026-08-19T17:48:55Z</time>
      </trkpt>
      <trkpt lat="46.24358" lon="12.0204">
        <time>2026-08-19T17:48:57Z</time>
      </trkpt>
      <trkpt lat="46.243590000000005" lon="12.020410000000002">
        <time>2026-08-19T17:48:58Z</time>
      </trkpt>
      <trkpt lat="46.2436" lon="12.020420000000001">
        <time>2026-08-19T17:48:59Z</time>
      </trkpt>
      <trkpt lat="46.243610000000004" lon="12.02044">
        <time>2026-08-19T17:49:00Z</time>
      </trkpt>
      <trkpt lat="46.24362000000001" lon="12.02045">
        <time>2026-08-19T17:49:01Z</time>
      </trkpt>
      <trkpt lat="46.243640000000006" lon="12.020470000000001">
        <time>2026-08-19T17:49:02Z</time>
      </trkpt>
      <trkpt lat="46.24365" lon="12.02049">
        <time>2026-08-19T17:49:04Z</time>
      </trkpt>
      <trkpt lat="46.243660000000006" lon="12.020510000000002">
        <time>2026-08-19T17:49:05Z</time>
      </trkpt>
      <trkpt lat="46.243680000000005" lon="12.02053">
        <time>2026-08-19T17:49:06Z</time>
      </trkpt>
      <trkpt lat="46.243700000000004" lon="12.02054">
        <time>2026-08-19T17:49:08Z</time>
      </trkpt>
      <trkpt lat="46.24371000000001" lon="12.020560000000001">
        <time>2026-08-19T17:49:09Z</time>
      </trkpt>
      <trkpt lat="46.24372" lon="12.020570000000001">
        <time>2026-08-19T17:49:10Z</time>
      </trkpt>
      <trkpt lat="46.24374" lon="12.02059">
        <time>2026-08-19T17:49:12Z</time>
      </trkpt>
      <trkpt lat="46.24376" lon="12.020600000000002">
        <time>2026-08-19T17:49:13Z</time>
      </trkpt>
      <trkpt lat="46.243770000000005" lon="12.020620000000001">
        <time>2026-08-19T17:49:14Z</time>
      </trkpt>
      <trkpt lat="46.243790000000004" lon="12.02063">
        <time>2026-08-19T17:49:16Z</time>
      </trkpt>
      <trkpt lat="46.2438" lon="12.02064">
        <time>2026-08-19T17:49:17Z</time>
      </trkpt>
      <trkpt lat="46.24381" lon="12.020650000000002">
        <time>2026-08-19T17:49:18Z</time>
      </trkpt>
      <trkpt lat="46.24382000000001" lon="12.020660000000001">
        <time>2026-08-19T17:49:19Z</time>
      </trkpt>
      <trkpt lat="46.243840000000006" lon="12.02067">
        <time>2026-08-19T17:49:20Z</time>
      </trkpt>
      <trkpt lat="46.24385" lon="12.02068">
        <time>2026-08-19T17:49:21Z</time>
      </trkpt>
      <trkpt lat="46.243860000000005" lon="12.02069">
        <time>2026-08-19T17:49:22Z</time>
      </trkpt>
      <trkpt lat="46.24387" lon="12.020700000000001">
        <time>2026-08-19T17:49:23Z</time>
      </trkpt>
      <trkpt lat="46.24389" lon="12.020700000000001">
        <time>2026-08-19T17:49:24Z</time>
      </trkpt>
      <trkpt lat="46.243900000000004" lon="12.020710000000001">
        <time>2026-08-19T17:49:25Z</time>
      </trkpt>
      <trkpt lat="46.24392" lon="12.020710000000001">
        <time>2026-08-19T17:49:26Z</time>
      </trkpt>
      <trkpt lat="46.24394" lon="12.02072">
        <time>2026-08-19T17:49:28Z</time>
      </trkpt>
      <trkpt lat="46.243950000000005" lon="12.02072">
        <time>2026-08-19T17:49:28Z</time>
      </trkpt>
      <trkpt lat="46.243970000000004" lon="12.02072">
        <time>2026-08-19T17:49:30Z</time>
      </trkpt>
      <trkpt lat="46.24398" lon="12.02072">
        <time>2026-08-19T17:49:31Z</time>
      </trkpt>
      <trkpt lat="46.24400000000001" lon="12.02072">
        <time>2026-08-19T17:49:32Z</time>
      </trkpt>
      <trkpt lat="46.244020000000006" lon="12.02072">
        <time>2026-08-19T17:49:33Z</time>
      </trkpt>
      <trkpt lat="46.24403" lon="12.02072">
        <time>2026-08-19T17:49:34Z</time>
      </trkpt>
      <trkpt lat="46.244040000000005" lon="12.02072">
        <time>2026-08-19T17:49:35Z</time>
      </trkpt>
      <trkpt lat="46.244060000000005" lon="12.02072">
        <time>2026-08-19T17:49:36Z</time>
      </trkpt>
      <trkpt lat="46.24407" lon="12.020710000000001">
        <time>2026-08-19T17:49:37Z</time>
      </trkpt>
      <trkpt lat="46.24409000000001" lon="12.020710000000001">
        <time>2026-08-19T17:49:39Z</time>
      </trkpt>
      <trkpt lat="46.2441" lon="12.020700000000001">
        <time>2026-08-19T17:49:39Z</time>
      </trkpt>
      <trkpt lat="46.244110000000006" lon="12.020700000000001">
        <time>2026-08-19T17:49:40Z</time>
      </trkpt>
      <trkpt lat="46.244130000000006" lon="12.02069">
        <time>2026-08-19T17:49:42Z</time>
      </trkpt>
      <trkpt lat="46.24414" lon="12.02069">
        <time>2026-08-19T17:49:42Z</time>
      </trkpt>
      <trkpt lat="46.24416" lon="12.02068">
        <time>2026-08-19T17:49:44Z</time>
      </trkpt>
      <trkpt lat="46.244170000000004" lon="12.02068">
        <time>2026-08-19T17:49:45Z</time>
      </trkpt>
      <trkpt lat="46.24419" lon="12.02068">
        <time>2026-08-19T17:49:46Z</time>
      </trkpt>
      <trkpt lat="46.244200000000006" lon="12.02068">
        <time>2026-08-19T17:49:47Z</time>
      </trkpt>
      <trkpt lat="46.24421" lon="12.02067">
        <time>2026-08-19T17:49:47Z</time>
      </trkpt>
      <trkpt lat="46.24423" lon="12.02067">
        <time>2026-08-19T17:49:49Z</time>
      </trkpt>
      <trkpt lat="46.244240000000005" lon="12.020660000000001">
        <time>2026-08-19T17:49:50Z</time>
      </trkpt>
      <trkpt lat="46.24425" lon="12.020650000000002">
        <time>2026-08-19T17:49:51Z</time>
      </trkpt>
      <trkpt lat="46.244260000000004" lon="12.02064">
        <time>2026-08-19T17:49:51Z</time>
      </trkpt>
      <trkpt lat="46.24427000000001" lon="12.02064">
        <time>2026-08-19T17:49:52Z</time>
      </trkpt>
      <trkpt lat="46.24429000000001" lon="12.02063">
        <time>2026-08-19T17:49:54Z</time>
      </trkpt>
      <trkpt lat="46.2443" lon="12.020620000000001">
        <time>2026-08-19T17:49:55Z</time>
      </trkpt>
      <trkpt lat="46.244310000000006" lon="12.020610000000001">
        <time>2026-08-19T17:49:55Z</time>
      </trkpt>
      <trkpt lat="46.24432" lon="12.020600000000002">
        <time>2026-08-19T17:49:56Z</time>
      </trkpt>
      <trkpt lat="46.24434" lon="12.02059">
        <time>2026-08-19T17:49:58Z</time>
      </trkpt>
      <trkpt lat="46.244350000000004" lon="12.02058">
        <time>2026-08-19T17:49:59Z</time>
      </trkpt>
      <trkpt lat="46.24437" lon="12.020570000000001">
        <time>2026-08-19T17:50:00Z</time>
      </trkpt>
      <trkpt lat="46.24438000000001" lon="12.020560000000001">
        <time>2026-08-19T17:50:01Z</time>
      </trkpt>
      <trkpt lat="46.244400000000006" lon="12.020550000000002">
        <time>2026-08-19T17:50:02Z</time>
      </trkpt>
      <trkpt lat="46.24441" lon="12.02054">
        <time>2026-08-19T17:50:03Z</time>
      </trkpt>
      <trkpt lat="46.24443" lon="12.020520000000001">
        <time>2026-08-19T17:50:05Z</time>
      </trkpt>
      <trkpt lat="46.244460000000004" lon="12.02049">
        <time>2026-08-19T17:50:08Z</time>
      </trkpt>
      <trkpt lat="46.244460000000004" lon="12.02049">
        <time>2026-08-19T17:50:08Z</time>
      </trkpt>
      <trkpt lat="46.244490000000006" lon="12.020460000000002">
        <time>2026-08-19T17:50:10Z</time>
      </trkpt>
      <trkpt lat="46.2445" lon="12.02044">
        <time>2026-08-19T17:50:11Z</time>
      </trkpt>
      <trkpt lat="46.2445" lon="12.02044">
        <time>2026-08-19T17:50:11Z</time>
      </trkpt>
      <trkpt lat="46.244510000000005" lon="12.020420000000001">
        <time>2026-08-19T17:50:13Z</time>
      </trkpt>
      <trkpt lat="46.24454" lon="12.02039">
        <time>2026-08-19T17:50:15Z</time>
      </trkpt>
      <trkpt lat="46.24454" lon="12.02039">
        <time>2026-08-19T17:50:15Z</time>
      </trkpt>
      <trkpt lat="46.24456000000001" lon="12.020370000000002">
        <time>2026-08-19T17:50:17Z</time>
      </trkpt>
      <trkpt lat="46.24457" lon="12.02036">
        <time>2026-08-19T17:50:18Z</time>
      </trkpt>
      <trkpt lat="46.244580000000006" lon="12.02035">
        <time>2026-08-19T17:50:19Z</time>
      </trkpt>
      <trkpt lat="46.244600000000005" lon="12.020330000000001">
        <time>2026-08-19T17:50:20Z</time>
      </trkpt>
      <trkpt lat="46.244620000000005" lon="12.02031">
        <time>2026-08-19T17:50:22Z</time>
      </trkpt>
      <trkpt lat="46.244620000000005" lon="12.02031">
        <time>2026-08-19T17:50:22Z</time>
      </trkpt>
      <trkpt lat="46.24463" lon="12.0203">
        <time>2026-08-19T17:50:23Z</time>
      </trkpt>
      <trkpt lat="46.244640000000004" lon="12.020290000000001">
        <time>2026-08-19T17:50:24Z</time>
      </trkpt>
      <trkpt lat="46.24466" lon="12.020290000000001">
        <time>2026-08-19T17:50:25Z</time>
      </trkpt>
      <trkpt lat="46.24468" lon="12.020280000000001">
        <time>2026-08-19T17:50:27Z</time>
      </trkpt>
      <trkpt lat="46.244690000000006" lon="12.020280000000001">
        <time>2026-08-19T17:50:27Z</time>
      </trkpt>
      <trkpt lat="46.2447" lon="12.020280000000001">
        <time>2026-08-19T17:50:28Z</time>
      </trkpt>
      <trkpt lat="46.24472" lon="12.020290000000001">
        <time>2026-08-19T17:50:30Z</time>
      </trkpt>
      <trkpt lat="46.24474000000001" lon="12.020290000000001">
        <time>2026-08-19T17:50:31Z</time>
      </trkpt>
      <trkpt lat="46.24477" lon="12.020320000000002">
        <time>2026-08-19T17:50:34Z</time>
      </trkpt>
      <trkpt lat="46.24477" lon="12.020320000000002">
        <time>2026-08-19T17:50:34Z</time>
      </trkpt>
      <trkpt lat="46.244780000000006" lon="12.020330000000001">
        <time>2026-08-19T17:50:34Z</time>
      </trkpt>
      <trkpt lat="46.24479" lon="12.02035">
        <time>2026-08-19T17:50:36Z</time>
      </trkpt>
      <trkpt lat="46.244820000000004" lon="12.020380000000001">
        <time>2026-08-19T17:50:38Z</time>
      </trkpt>
      <trkpt lat="46.24484" lon="12.0204">
        <time>2026-08-19T17:50:40Z</time>
      </trkpt>
      <trkpt lat="46.24484" lon="12.020420000000001">
        <time>2026-08-19T17:50:41Z</time>
      </trkpt>
      <trkpt lat="46.24485000000001" lon="12.02044">
        <time>2026-08-19T17:50:42Z</time>
      </trkpt>
      <trkpt lat="46.24486" lon="12.020460000000002">
        <time>2026-08-19T17:50:43Z</time>
      </trkpt>
      <trkpt lat="46.24486" lon="12.020460000000002">
        <time>2026-08-19T17:50:43Z</time>
      </trkpt>
      <trkpt lat="46.244870000000006" lon="12.0205">
        <time>2026-08-19T17:50:45Z</time>
      </trkpt>
      <trkpt lat="46.24488" lon="12.02053">
        <time>2026-08-19T17:50:47Z</time>
      </trkpt>
      <trkpt lat="46.24488" lon="12.020550000000002">
        <time>2026-08-19T17:50:48Z</time>
      </trkpt>
      <trkpt lat="46.24488" lon="12.020550000000002">
        <time>2026-08-19T17:50:48Z</time>
      </trkpt>
      <trkpt lat="46.244890000000005" lon="12.02059">
        <time>2026-08-19T17:50:50Z</time>
      </trkpt>
      <trkpt lat="46.244890000000005" lon="12.02059">
        <time>2026-08-19T17:50:50Z</time>
      </trkpt>
      <trkpt lat="46.2449" lon="12.020610000000001">
        <time>2026-08-19T17:50:51Z</time>
      </trkpt>
      <trkpt lat="46.244910000000004" lon="12.02063">
        <time>2026-08-19T17:50:53Z</time>
      </trkpt>
      <trkpt lat="46.24492" lon="12.020650000000002">
        <time>2026-08-19T17:50:54Z</time>
      </trkpt>
      <trkpt lat="46.24492" lon="12.02067">
        <time>2026-08-19T17:50:55Z</time>
      </trkpt>
      <trkpt lat="46.244930000000004" lon="12.02069">
        <time>2026-08-19T17:50:56Z</time>
      </trkpt>
      <trkpt lat="46.24494000000001" lon="12.020710000000001">
        <time>2026-08-19T17:50:57Z</time>
      </trkpt>
      <trkpt lat="46.244960000000006" lon="12.020740000000002">
        <time>2026-08-19T17:50:59Z</time>
      </trkpt>
      <trkpt lat="46.244960000000006" lon="12.020740000000002">
        <time>2026-08-19T17:50:59Z</time>
      </trkpt>
      <trkpt lat="46.24497" lon="12.020760000000001">
        <time>2026-08-19T17:51:00Z</time>
      </trkpt>
      <trkpt lat="46.244980000000005" lon="12.02078">
        <time>2026-08-19T17:51:02Z</time>
      </trkpt>
      <trkpt lat="46.245000000000005" lon="12.020800000000001">
        <time>2026-08-19T17:51:03Z</time>
      </trkpt>
      <trkpt lat="46.245000000000005" lon="12.02082">
        <time>2026-08-19T17:51:04Z</time>
      </trkpt>
      <trkpt lat="46.24503000000001" lon="12.020850000000001">
        <time>2026-08-19T17:51:07Z</time>
      </trkpt>
      <trkpt lat="46.24503000000001" lon="12.020850000000001">
        <time>2026-08-19T17:51:07Z</time>
      </trkpt>
      <trkpt lat="46.24504" lon="12.02086">
        <time>2026-08-19T17:51:08Z</time>
      </trkpt>
      <trkpt lat="46.245050000000006" lon="12.020880000000002">
        <time>2026-08-19T17:51:09Z</time>
      </trkpt>
      <trkpt lat="46.245070000000005" lon="12.020900000000001">
        <time>2026-08-19T17:51:11Z</time>
      </trkpt>
      <trkpt lat="46.24508" lon="12.02091">
        <time>2026-08-19T17:51:12Z</time>
      </trkpt>
      <trkpt lat="46.245110000000004" lon="12.020950000000001">
        <time>2026-08-19T17:51:14Z</time>
      </trkpt>
      <trkpt lat="46.24512000000001" lon="12.02096">
        <time>2026-08-19T17:51:15Z</time>
      </trkpt>
      <trkpt lat="46.24512000000001" lon="12.02096">
        <time>2026-08-19T17:51:15Z</time>
      </trkpt>
      <trkpt lat="46.24513" lon="12.020980000000002">
        <time>2026-08-19T17:51:16Z</time>
      </trkpt>
      <trkpt lat="46.245160000000006" lon="12.021">
        <time>2026-08-19T17:51:19Z</time>
      </trkpt>
      <trkpt lat="46.245160000000006" lon="12.021">
        <time>2026-08-19T17:51:19Z</time>
      </trkpt>
      <trkpt lat="46.24519" lon="12.021030000000001">
        <time>2026-08-19T17:51:21Z</time>
      </trkpt>
      <trkpt lat="46.245200000000004" lon="12.021040000000001">
        <time>2026-08-19T17:51:22Z</time>
      </trkpt>
      <trkpt lat="46.245200000000004" lon="12.021040000000001">
        <time>2026-08-19T17:51:22Z</time>
      </trkpt>
      <trkpt lat="46.24521000000001" lon="12.02106">
        <time>2026-08-19T17:51:23Z</time>
      </trkpt>
      <trkpt lat="46.24524" lon="12.021080000000001">
        <time>2026-08-19T17:51:26Z</time>
      </trkpt>
      <trkpt lat="46.24524" lon="12.021080000000001">
        <time>2026-08-19T17:51:26Z</time>
      </trkpt>
      <trkpt lat="46.24526" lon="12.021080000000001">
        <time>2026-08-19T17:51:27Z</time>
      </trkpt>
      <trkpt lat="46.24528" lon="12.021090000000001">
        <time>2026-08-19T17:51:29Z</time>
      </trkpt>
      <trkpt lat="46.24531" lon="12.02111">
        <time>2026-08-19T17:51:31Z</time>
      </trkpt>
      <trkpt lat="46.24533" lon="12.021120000000002">
        <time>2026-08-19T17:51:33Z</time>
      </trkpt>
      <trkpt lat="46.24535" lon="12.021130000000001">
        <time>2026-08-19T17:51:34Z</time>
      </trkpt>
      <trkpt lat="46.24535" lon="12.021130000000001">
        <time>2026-08-19T17:51:34Z</time>
      </trkpt>
      <trkpt lat="46.245360000000005" lon="12.02114">
        <time>2026-08-19T17:51:35Z</time>
      </trkpt>
      <trkpt lat="46.24539" lon="12.021160000000002">
        <time>2026-08-19T17:51:37Z</time>
      </trkpt>
      <trkpt lat="46.24539" lon="12.021160000000002">
        <time>2026-08-19T17:51:37Z</time>
      </trkpt>
      <trkpt lat="46.24541000000001" lon="12.021170000000001">
        <time>2026-08-19T17:51:39Z</time>
      </trkpt>
      <trkpt lat="46.24544" lon="12.02119">
        <time>2026-08-19T17:51:41Z</time>
      </trkpt>
      <trkpt lat="46.24544" lon="12.02119">
        <time>2026-08-19T17:51:41Z</time>
      </trkpt>
      <trkpt lat="46.245470000000005" lon="12.0212">
        <time>2026-08-19T17:51:43Z</time>
      </trkpt>
      <trkpt lat="46.245490000000004" lon="12.021210000000002">
        <time>2026-08-19T17:51:45Z</time>
      </trkpt>
      <trkpt lat="46.245490000000004" lon="12.021210000000002">
        <time>2026-08-19T17:51:45Z</time>
      </trkpt>
      <trkpt lat="46.24550000000001" lon="12.021220000000001">
        <time>2026-08-19T17:51:46Z</time>
      </trkpt>
      <trkpt lat="46.24551" lon="12.021230000000001">
        <time>2026-08-19T17:51:46Z</time>
      </trkpt>
      <trkpt lat="46.24553" lon="12.02124">
        <time>2026-08-19T17:51:48Z</time>
      </trkpt>
      <trkpt lat="46.245540000000005" lon="12.02125">
        <time>2026-08-19T17:51:49Z</time>
      </trkpt>
      <trkpt lat="46.245560000000005" lon="12.021260000000002">
        <time>2026-08-19T17:51:50Z</time>
      </trkpt>
      <trkpt lat="46.24559000000001" lon="12.02128">
        <time>2026-08-19T17:51:53Z</time>
      </trkpt>
      <trkpt lat="46.24559000000001" lon="12.02128">
        <time>2026-08-19T17:51:53Z</time>
      </trkpt>
      <trkpt lat="46.2456" lon="12.0213">
        <time>2026-08-19T17:51:54Z</time>
      </trkpt>
      <trkpt lat="46.24562" lon="12.021310000000001">
        <time>2026-08-19T17:51:55Z</time>
      </trkpt>
      <trkpt lat="46.245650000000005" lon="12.02134">
        <time>2026-08-19T17:51:58Z</time>
      </trkpt>
      <trkpt lat="46.24566" lon="12.021350000000002">
        <time>2026-08-19T17:51:59Z</time>
      </trkpt>
      <trkpt lat="46.24566" lon="12.021350000000002">
        <time>2026-08-19T17:51:59Z</time>
      </trkpt>
      <trkpt lat="46.24568000000001" lon="12.021360000000001">
        <time>2026-08-19T17:52:00Z</time>
      </trkpt>
      <trkpt lat="46.24569" lon="12.02138">
        <time>2026-08-19T17:52:01Z</time>
      </trkpt>
      <trkpt lat="46.24570000000001" lon="12.02139">
        <time>2026-08-19T17:52:02Z</time>
      </trkpt>
      <trkpt lat="46.24573" lon="12.021410000000001">
        <time>2026-08-19T17:52:05Z</time>
      </trkpt>
      <trkpt lat="46.24573" lon="12.021410000000001">
        <time>2026-08-19T17:52:05Z</time>
      </trkpt>
      <trkpt lat="46.245760000000004" lon="12.02143">
        <time>2026-08-19T17:52:07Z</time>
      </trkpt>
      <trkpt lat="46.24577" lon="12.02144">
        <time>2026-08-19T17:52:08Z</time>
      </trkpt>
      <trkpt lat="46.24577" lon="12.02144">
        <time>2026-08-19T17:52:08Z</time>
      </trkpt>
      <trkpt lat="46.24579000000001" lon="12.02144">
        <time>2026-08-19T17:52:09Z</time>
      </trkpt>
      <trkpt lat="46.2458" lon="12.021450000000002">
        <time>2026-08-19T17:52:10Z</time>
      </trkpt>
      <trkpt lat="46.24582" lon="12.021460000000001">
        <time>2026-08-19T17:52:12Z</time>
      </trkpt>
      <trkpt lat="46.245850000000004" lon="12.02147">
        <time>2026-08-19T17:52:14Z</time>
      </trkpt>
      <trkpt lat="46.24586" lon="12.02147">
        <time>2026-08-19T17:52:15Z</time>
      </trkpt>
      <trkpt lat="46.24588000000001" lon="12.02148">
        <time>2026-08-19T17:52:16Z</time>
      </trkpt>
      <trkpt lat="46.24589" lon="12.02148">
        <time>2026-08-19T17:52:17Z</time>
      </trkpt>
      <trkpt lat="46.24591" lon="12.02148">
        <time>2026-08-19T17:52:18Z</time>
      </trkpt>
      <trkpt lat="46.245920000000005" lon="12.02148">
        <time>2026-08-19T17:52:19Z</time>
      </trkpt>
      <trkpt lat="46.245920000000005" lon="12.02148">
        <time>2026-08-19T17:52:19Z</time>
      </trkpt>
      <trkpt lat="46.245940000000004" lon="12.02148">
        <time>2026-08-19T17:52:20Z</time>
      </trkpt>
      <trkpt lat="46.24595" lon="12.02148">
        <time>2026-08-19T17:52:21Z</time>
      </trkpt>
      <trkpt lat="46.245960000000004" lon="12.021490000000002">
        <time>2026-08-19T17:52:22Z</time>
      </trkpt>
      <trkpt lat="46.24598" lon="12.021500000000001">
        <time>2026-08-19T17:52:23Z</time>
      </trkpt>
      <trkpt lat="46.245990000000006" lon="12.021500000000001">
        <time>2026-08-19T17:52:24Z</time>
      </trkpt>
      <trkpt lat="46.246010000000005" lon="12.021510000000001">
        <time>2026-08-19T17:52:26Z</time>
      </trkpt>
      <trkpt lat="46.24602" lon="12.02152">
        <time>2026-08-19T17:52:26Z</time>
      </trkpt>
      <trkpt lat="46.246030000000005" lon="12.02153">
        <time>2026-08-19T17:52:27Z</time>
      </trkpt>
      <trkpt lat="46.24604" lon="12.021540000000002">
        <time>2026-08-19T17:52:28Z</time>
      </trkpt>
      <trkpt lat="46.24607" lon="12.021560000000001">
        <time>2026-08-19T17:52:30Z</time>
      </trkpt>
      <trkpt lat="46.24609" lon="12.02157">
        <time>2026-08-19T17:52:32Z</time>
      </trkpt>
      <trkpt lat="46.24609" lon="12.02157">
        <time>2026-08-19T17:52:32Z</time>
      </trkpt>
      <trkpt lat="46.246100000000006" lon="12.02158">
        <time>2026-08-19T17:52:33Z</time>
      </trkpt>
      <trkpt lat="46.24611" lon="12.021590000000002">
        <time>2026-08-19T17:52:34Z</time>
      </trkpt>
      <trkpt lat="46.246120000000005" lon="12.021600000000001">
        <time>2026-08-19T17:52:34Z</time>
      </trkpt>
      <trkpt lat="46.246140000000004" lon="12.02161">
        <time>2026-08-19T17:52:36Z</time>
      </trkpt>
      <trkpt lat="46.246170000000006" lon="12.02162">
        <time>2026-08-19T17:52:38Z</time>
      </trkpt>
      <trkpt lat="46.246170000000006" lon="12.02162">
        <time>2026-08-19T17:52:38Z</time>
      </trkpt>
      <trkpt lat="46.246190000000006" lon="12.021640000000001">
        <time>2026-08-19T17:52:40Z</time>
      </trkpt>
      <trkpt lat="46.246210000000005" lon="12.021640000000001">
        <time>2026-08-19T17:52:41Z</time>
      </trkpt>
      <trkpt lat="46.246210000000005" lon="12.021640000000001">
        <time>2026-08-19T17:52:41Z</time>
      </trkpt>
      <trkpt lat="46.24624" lon="12.021650000000001">
        <time>2026-08-19T17:52:43Z</time>
      </trkpt>
      <trkpt lat="46.24625" lon="12.021650000000001">
        <time>2026-08-19T17:52:44Z</time>
      </trkpt>
      <trkpt lat="46.24625" lon="12.021650000000001">
        <time>2026-08-19T17:52:44Z</time>
      </trkpt>
      <trkpt lat="46.246280000000006" lon="12.02166">
        <time>2026-08-19T17:52:46Z</time>
      </trkpt>
      <trkpt lat="46.24629" lon="12.02166">
        <time>2026-08-19T17:52:47Z</time>
      </trkpt>
      <trkpt lat="46.24631" lon="12.02167">
        <time>2026-08-19T17:52:49Z</time>
      </trkpt>
      <trkpt lat="46.246320000000004" lon="12.021680000000002">
        <time>2026-08-19T17:52:49Z</time>
      </trkpt>
      <trkpt lat="46.246320000000004" lon="12.021680000000002">
        <time>2026-08-19T17:52:49Z</time>
      </trkpt>
      <trkpt lat="46.246340000000004" lon="12.021690000000001">
        <time>2026-08-19T17:52:51Z</time>
      </trkpt>
      <trkpt lat="46.24635000000001" lon="12.021700000000001">
        <time>2026-08-19T17:52:52Z</time>
      </trkpt>
      <trkpt lat="46.24638" lon="12.02172">
        <time>2026-08-19T17:52:54Z</time>
      </trkpt>
      <trkpt lat="46.2464" lon="12.021730000000002">
        <time>2026-08-19T17:52:56Z</time>
      </trkpt>
      <trkpt lat="46.2464" lon="12.021730000000002">
        <time>2026-08-19T17:52:56Z</time>
      </trkpt>
      <trkpt lat="46.246410000000004" lon="12.02175">
        <time>2026-08-19T17:52:57Z</time>
      </trkpt>
      <trkpt lat="46.24642" lon="12.021770000000002">
        <time>2026-08-19T17:52:58Z</time>
      </trkpt>
      <trkpt lat="46.24644000000001" lon="12.021790000000001">
        <time>2026-08-19T17:53:00Z</time>
      </trkpt>
      <trkpt lat="46.24645" lon="12.02181">
        <time>2026-08-19T17:53:01Z</time>
      </trkpt>
      <trkpt lat="46.24647" lon="12.021840000000001">
        <time>2026-08-19T17:53:03Z</time>
      </trkpt>
      <trkpt lat="46.246480000000005" lon="12.02185">
        <time>2026-08-19T17:53:04Z</time>
      </trkpt>
      <trkpt lat="46.24649" lon="12.021870000000002">
        <time>2026-08-19T17:53:05Z</time>
      </trkpt>
      <trkpt lat="46.24651" lon="12.021880000000001">
        <time>2026-08-19T17:53:07Z</time>
      </trkpt>
      <trkpt lat="46.246520000000004" lon="12.021880000000001">
        <time>2026-08-19T17:53:07Z</time>
      </trkpt>
      <trkpt lat="46.24653000000001" lon="12.02189">
        <time>2026-08-19T17:53:08Z</time>
      </trkpt>
      <trkpt lat="46.246550000000006" lon="12.02189">
        <time>2026-08-19T17:53:10Z</time>
      </trkpt>
      <trkpt lat="46.24656" lon="12.0219">
        <time>2026-08-19T17:53:10Z</time>
      </trkpt>
      <trkpt lat="46.24656" lon="12.0219">
        <time>2026-08-19T17:53:10Z</time>
      </trkpt>
      <trkpt lat="46.246590000000005" lon="12.02191">
        <time>2026-08-19T17:53:13Z</time>
      </trkpt>
      <trkpt lat="46.246610000000004" lon="12.021920000000001">
        <time>2026-08-19T17:53:14Z</time>
      </trkpt>
      <trkpt lat="46.24662000000001" lon="12.021930000000001">
        <time>2026-08-19T17:53:15Z</time>
      </trkpt>
      <trkpt lat="46.24662000000001" lon="12.021930000000001">
        <time>2026-08-19T17:53:15Z</time>
      </trkpt>
      <trkpt lat="46.246640000000006" lon="12.02194">
        <time>2026-08-19T17:53:16Z</time>
      </trkpt>
      <trkpt lat="46.246660000000006" lon="12.02194">
        <time>2026-08-19T17:53:18Z</time>
      </trkpt>
      <trkpt lat="46.24667" lon="12.02195">
        <time>2026-08-19T17:53:19Z</time>
      </trkpt>
      <trkpt lat="46.246700000000004" lon="12.021970000000001">
        <time>2026-08-19T17:53:21Z</time>
      </trkpt>
      <trkpt lat="46.24671000000001" lon="12.021980000000001">
        <time>2026-08-19T17:53:22Z</time>
      </trkpt>
      <trkpt lat="46.24671000000001" lon="12.021980000000001">
        <time>2026-08-19T17:53:22Z</time>
      </trkpt>
      <trkpt lat="46.24673000000001" lon="12.021980000000001">
        <time>2026-08-19T17:53:23Z</time>
      </trkpt>
      <trkpt lat="46.24674" lon="12.022">
        <time>2026-08-19T17:53:25Z</time>
      </trkpt>
      <trkpt lat="46.24676" lon="12.022010000000002">
        <time>2026-08-19T17:53:26Z</time>
      </trkpt>
      <trkpt lat="46.246770000000005" lon="12.022020000000001">
        <time>2026-08-19T17:53:27Z</time>
      </trkpt>
      <trkpt lat="46.246790000000004" lon="12.02203">
        <time>2026-08-19T17:53:28Z</time>
      </trkpt>
      <trkpt lat="46.2468" lon="12.02204">
        <time>2026-08-19T17:53:29Z</time>
      </trkpt>
      <trkpt lat="46.24683" lon="12.02205">
        <time>2026-08-19T17:53:31Z</time>
      </trkpt>
      <trkpt lat="46.24685" lon="12.02205">
        <time>2026-08-19T17:53:33Z</time>
      </trkpt>
      <trkpt lat="46.246860000000005" lon="12.022060000000002">
        <time>2026-08-19T17:53:34Z</time>
      </trkpt>
      <trkpt lat="46.246860000000005" lon="12.022060000000002">
        <time>2026-08-19T17:53:34Z</time>
      </trkpt>
      <trkpt lat="46.246880000000004" lon="12.02208">
        <time>2026-08-19T17:53:35Z</time>
      </trkpt>
      <trkpt lat="46.246900000000004" lon="12.02208">
        <time>2026-08-19T17:53:37Z</time>
      </trkpt>
      <trkpt lat="46.24691000000001" lon="12.02209">
        <time>2026-08-19T17:53:38Z</time>
      </trkpt>
      <trkpt lat="46.24692" lon="12.022100000000002">
        <time>2026-08-19T17:53:39Z</time>
      </trkpt>
      <trkpt lat="46.246930000000006" lon="12.022120000000001">
        <time>2026-08-19T17:53:40Z</time>
      </trkpt>
      <trkpt lat="46.246930000000006" lon="12.022120000000001">
        <time>2026-08-19T17:53:40Z</time>
      </trkpt>
      <trkpt lat="46.246950000000005" lon="12.02214">
        <time>2026-08-19T17:53:41Z</time>
      </trkpt>
      <trkpt lat="46.24696" lon="12.022160000000001">
        <time>2026-08-19T17:53:43Z</time>
      </trkpt>
      <trkpt lat="46.24700000000001" lon="12.02218">
        <time>2026-08-19T17:53:46Z</time>
      </trkpt>
      <trkpt lat="46.247020000000006" lon="12.02219">
        <time>2026-08-19T17:53:47Z</time>
      </trkpt>
      <trkpt lat="46.247040000000005" lon="12.022200000000002">
        <time>2026-08-19T17:53:49Z</time>
      </trkpt>
      <trkpt lat="46.247060000000005" lon="12.02222">
        <time>2026-08-19T17:53:50Z</time>
      </trkpt>
      <trkpt lat="46.247060000000005" lon="12.02222">
        <time>2026-08-19T17:53:50Z</time>
      </trkpt>
      <trkpt lat="46.24707" lon="12.02223">
        <time>2026-08-19T17:53:51Z</time>
      </trkpt>
      <trkpt lat="46.2471" lon="12.022250000000001">
        <time>2026-08-19T17:53:54Z</time>
      </trkpt>
      <trkpt lat="46.24712" lon="12.022260000000001">
        <time>2026-08-19T17:53:55Z</time>
      </trkpt>
      <trkpt lat="46.24712" lon="12.022260000000001">
        <time>2026-08-19T17:53:55Z</time>
      </trkpt>
      <trkpt lat="46.24716" lon="12.02228">
        <time>2026-08-19T17:53:58Z</time>
      </trkpt>
      <trkpt lat="46.24716" lon="12.02228">
        <time>2026-08-19T17:53:58Z</time>
      </trkpt>
      <trkpt lat="46.24718000000001" lon="12.02228">
        <time>2026-08-19T17:53:59Z</time>
      </trkpt>
      <trkpt lat="46.24719" lon="12.022290000000002">
        <time>2026-08-19T17:54:00Z</time>
      </trkpt>
      <trkpt lat="46.24723" lon="12.022310000000001">
        <time>2026-08-19T17:54:03Z</time>
      </trkpt>
      <trkpt lat="46.24723" lon="12.022310000000001">
        <time>2026-08-19T17:54:03Z</time>
      </trkpt>
      <trkpt lat="46.24725" lon="12.022310000000001">
        <time>2026-08-19T17:54:05Z</time>
      </trkpt>
      <trkpt lat="46.247260000000004" lon="12.022310000000001">
        <time>2026-08-19T17:54:05Z</time>
      </trkpt>
      <trkpt lat="46.24728" lon="12.02232">
        <time>2026-08-19T17:54:07Z</time>
      </trkpt>
      <trkpt lat="46.247310000000006" lon="12.022340000000002">
        <time>2026-08-19T17:54:09Z</time>
      </trkpt>
      <trkpt lat="46.247310000000006" lon="12.022340000000002">
        <time>2026-08-19T17:54:09Z</time>
      </trkpt>
      <trkpt lat="46.24732" lon="12.022350000000001">
        <time>2026-08-19T17:54:10Z</time>
      </trkpt>
      <trkpt lat="46.24736" lon="12.02236">
        <time>2026-08-19T17:54:13Z</time>
      </trkpt>
      <trkpt lat="46.24738000000001" lon="12.02237">
        <time>2026-08-19T17:54:14Z</time>
      </trkpt>
      <trkpt lat="46.247400000000006" lon="12.022380000000002">
        <time>2026-08-19T17:54:16Z</time>
      </trkpt>
      <trkpt lat="46.24741" lon="12.022390000000001">
        <time>2026-08-19T17:54:17Z</time>
      </trkpt>
      <trkpt lat="46.24743" lon="12.022390000000001">
        <time>2026-08-19T17:54:18Z</time>
      </trkpt>
      <trkpt lat="46.24743" lon="12.022390000000001">
        <time>2026-08-19T17:54:18Z</time>
      </trkpt>
      <trkpt lat="46.247440000000005" lon="12.022400000000001">
        <time>2026-08-19T17:54:19Z</time>
      </trkpt>
      <trkpt lat="46.247460000000004" lon="12.022400000000001">
        <time>2026-08-19T17:54:21Z</time>
      </trkpt>
      <trkpt lat="46.24748" lon="12.02241">
        <time>2026-08-19T17:54:22Z</time>
      </trkpt>
      <trkpt lat="46.2475" lon="12.02242">
        <time>2026-08-19T17:54:24Z</time>
      </trkpt>
      <trkpt lat="46.24752" lon="12.02242">
        <time>2026-08-19T17:54:25Z</time>
      </trkpt>
      <trkpt lat="46.24754" lon="12.02242">
        <time>2026-08-19T17:54:26Z</time>
      </trkpt>
      <trkpt lat="46.24756000000001" lon="12.02242">
        <time>2026-08-19T17:54:28Z</time>
      </trkpt>
      <trkpt lat="46.247580000000006" lon="12.02242">
        <time>2026-08-19T17:54:29Z</time>
      </trkpt>
      <trkpt lat="46.247600000000006" lon="12.02241">
        <time>2026-08-19T17:54:31Z</time>
      </trkpt>
      <trkpt lat="46.247620000000005" lon="12.02241">
        <time>2026-08-19T17:54:32Z</time>
      </trkpt>
      <trkpt lat="46.24763" lon="12.02241">
        <time>2026-08-19T17:54:33Z</time>
      </trkpt>
      <trkpt lat="46.24765000000001" lon="12.02241">
        <time>2026-08-19T17:54:34Z</time>
      </trkpt>
      <trkpt lat="46.24766" lon="12.022400000000001">
        <time>2026-08-19T17:54:35Z</time>
      </trkpt>
      <trkpt lat="46.2477" lon="12.022390000000001">
        <time>2026-08-19T17:54:38Z</time>
      </trkpt>
      <trkpt lat="46.2477" lon="12.022390000000001">
        <time>2026-08-19T17:54:38Z</time>
      </trkpt>
      <trkpt lat="46.247730000000004" lon="12.022380000000002">
        <time>2026-08-19T17:54:40Z</time>
      </trkpt>
      <trkpt lat="46.24775" lon="12.022380000000002">
        <time>2026-08-19T17:54:42Z</time>
      </trkpt>
      <trkpt lat="46.24776000000001" lon="12.02237">
        <time>2026-08-19T17:54:42Z</time>
      </trkpt>
      <trkpt lat="46.24776000000001" lon="12.02237">
        <time>2026-08-19T17:54:42Z</time>
      </trkpt>
      <trkpt lat="46.247780000000006" lon="12.02237">
        <time>2026-08-19T17:54:44Z</time>
      </trkpt>
      <trkpt lat="46.247800000000005" lon="12.02236">
        <time>2026-08-19T17:54:45Z</time>
      </trkpt>
      <trkpt lat="46.24783" lon="12.022350000000001">
        <time>2026-08-19T17:54:47Z</time>
      </trkpt>
      <trkpt lat="46.24785000000001" lon="12.022350000000001">
        <time>2026-08-19T17:54:49Z</time>
      </trkpt>
      <trkpt lat="46.24785000000001" lon="12.022350000000001">
        <time>2026-08-19T17:54:49Z</time>
      </trkpt>
      <trkpt lat="46.24786" lon="12.022340000000002">
        <time>2026-08-19T17:54:50Z</time>
      </trkpt>
      <trkpt lat="46.2479" lon="12.02233">
        <time>2026-08-19T17:54:53Z</time>
      </trkpt>
      <trkpt lat="46.2479" lon="12.02233">
        <time>2026-08-19T17:54:53Z</time>
      </trkpt>
      <trkpt lat="46.247930000000004" lon="12.02232">
        <time>2026-08-19T17:54:55Z</time>
      </trkpt>
      <trkpt lat="46.247930000000004" lon="12.02232">
        <time>2026-08-19T17:54:55Z</time>
      </trkpt>
      <trkpt lat="46.24795" lon="12.02232">
        <time>2026-08-19T17:54:56Z</time>
      </trkpt>
      <trkpt lat="46.24797" lon="12.02232">
        <time>2026-08-19T17:54:58Z</time>
      </trkpt>
      <trkpt lat="46.248000000000005" lon="12.022310000000001">
        <time>2026-08-19T17:55:00Z</time>
      </trkpt>
      <trkpt lat="46.248000000000005" lon="12.022310000000001">
        <time>2026-08-19T17:55:00Z</time>
      </trkpt>
      <trkpt lat="46.24801" lon="12.022300000000001">
        <time>2026-08-19T17:55:01Z</time>
      </trkpt>
      <trkpt lat="46.248050000000006" lon="12.022290000000002">
        <time>2026-08-19T17:55:04Z</time>
      </trkpt>
      <trkpt lat="46.248050000000006" lon="12.022290000000002">
        <time>2026-08-19T17:55:04Z</time>
      </trkpt>
      <trkpt lat="46.24806" lon="12.02228">
        <time>2026-08-19T17:55:04Z</time>
      </trkpt>
      <trkpt lat="46.2481" lon="12.02227">
        <time>2026-08-19T17:55:07Z</time>
      </trkpt>
      <trkpt lat="46.2481" lon="12.02227">
        <time>2026-08-19T17:55:07Z</time>
      </trkpt>
      <trkpt lat="46.24813" lon="12.022260000000001">
        <time>2026-08-19T17:55:09Z</time>
      </trkpt>
      <trkpt lat="46.24813" lon="12.022260000000001">
        <time>2026-08-19T17:55:09Z</time>
      </trkpt>
      <trkpt lat="46.248160000000006" lon="12.022250000000001">
        <time>2026-08-19T17:55:12Z</time>
      </trkpt>
      <trkpt lat="46.248180000000005" lon="12.022250000000001">
        <time>2026-08-19T17:55:13Z</time>
      </trkpt>
      <trkpt lat="46.24819" lon="12.022240000000002">
        <time>2026-08-19T17:55:14Z</time>
      </trkpt>
      <trkpt lat="46.24819" lon="12.022240000000002">
        <time>2026-08-19T17:55:14Z</time>
      </trkpt>
      <trkpt lat="46.24822" lon="12.022240000000002">
        <time>2026-08-19T17:55:16Z</time>
      </trkpt>
      <trkpt lat="46.24824" lon="12.022240000000002">
        <time>2026-08-19T17:55:17Z</time>
      </trkpt>
      <trkpt lat="46.24826" lon="12.02223">
        <time>2026-08-19T17:55:19Z</time>
      </trkpt>
      <trkpt lat="46.24826" lon="12.02223">
        <time>2026-08-19T17:55:19Z</time>
      </trkpt>
      <trkpt lat="46.248290000000004" lon="12.02223">
        <time>2026-08-19T17:55:21Z</time>
      </trkpt>
      <trkpt lat="46.248290000000004" lon="12.02223">
        <time>2026-08-19T17:55:21Z</time>
      </trkpt>
      <trkpt lat="46.24832000000001" lon="12.02222">
        <time>2026-08-19T17:55:23Z</time>
      </trkpt>
      <trkpt lat="46.24833" lon="12.02222">
        <time>2026-08-19T17:55:24Z</time>
      </trkpt>
      <trkpt lat="46.24833" lon="12.02222">
        <time>2026-08-19T17:55:24Z</time>
      </trkpt>
      <trkpt lat="46.24835" lon="12.02222">
        <time>2026-08-19T17:55:25Z</time>
      </trkpt>
      <trkpt lat="46.248360000000005" lon="12.02222">
        <time>2026-08-19T17:55:26Z</time>
      </trkpt>
      <trkpt lat="46.248380000000004" lon="12.02222">
        <time>2026-08-19T17:55:27Z</time>
      </trkpt>
      <trkpt lat="46.24841000000001" lon="12.02222">
        <time>2026-08-19T17:55:30Z</time>
      </trkpt>
      <trkpt lat="46.24841000000001" lon="12.02222">
        <time>2026-08-19T17:55:30Z</time>
      </trkpt>
      <trkpt lat="46.248430000000006" lon="12.02222">
        <time>2026-08-19T17:55:31Z</time>
      </trkpt>
      <trkpt lat="46.24846" lon="12.022210000000001">
        <time>2026-08-19T17:55:33Z</time>
      </trkpt>
      <trkpt lat="46.24846" lon="12.022210000000001">
        <time>2026-08-19T17:55:33Z</time>
      </trkpt>
      <trkpt lat="46.248470000000005" lon="12.022210000000001">
        <time>2026-08-19T17:55:34Z</time>
      </trkpt>
      <trkpt lat="46.248490000000004" lon="12.022210000000001">
        <time>2026-08-19T17:55:35Z</time>
      </trkpt>
      <trkpt lat="46.24851" lon="12.022210000000001">
        <time>2026-08-19T17:55:37Z</time>
      </trkpt>
      <trkpt lat="46.248520000000006" lon="12.022210000000001">
        <time>2026-08-19T17:55:37Z</time>
      </trkpt>
      <trkpt lat="46.248540000000006" lon="12.02222">
        <time>2026-08-19T17:55:39Z</time>
      </trkpt>
      <trkpt lat="46.24857" lon="12.02222">
        <time>2026-08-19T17:55:41Z</time>
      </trkpt>
      <trkpt lat="46.24857" lon="12.02222">
        <time>2026-08-19T17:55:41Z</time>
      </trkpt>
      <trkpt lat="46.248610000000006" lon="12.022240000000002">
        <time>2026-08-19T17:55:44Z</time>
      </trkpt>
      <trkpt lat="46.24862" lon="12.022250000000001">
        <time>2026-08-19T17:55:45Z</time>
      </trkpt>
      <trkpt lat="46.24864" lon="12.022260000000001">
        <time>2026-08-19T17:55:46Z</time>
      </trkpt>
      <trkpt lat="46.248650000000005" lon="12.02227">
        <time>2026-08-19T17:55:47Z</time>
      </trkpt>
      <trkpt lat="46.24866" lon="12.02228">
        <time>2026-08-19T17:55:48Z</time>
      </trkpt>
      <trkpt lat="46.24866" lon="12.02228">
        <time>2026-08-19T17:55:48Z</time>
      </trkpt>
      <trkpt lat="46.24870000000001" lon="12.022300000000001">
        <time>2026-08-19T17:55:51Z</time>
      </trkpt>
      <trkpt lat="46.24871" lon="12.022300000000001">
        <time>2026-08-19T17:55:52Z</time>
      </trkpt>
      <trkpt lat="46.24873" lon="12.022310000000001">
        <time>2026-08-19T17:55:53Z</time>
      </trkpt>
      <trkpt lat="46.24873" lon="12.022310000000001">
        <time>2026-08-19T17:55:53Z</time>
      </trkpt>
      <trkpt lat="46.248740000000005" lon="12.02232">
        <time>2026-08-19T17:55:54Z</time>
      </trkpt>
      <trkpt lat="46.24875" lon="12.02232">
        <time>2026-08-19T17:55:55Z</time>
      </trkpt>
      <trkpt lat="46.24877" lon="12.022340000000002">
        <time>2026-08-19T17:55:57Z</time>
      </trkpt>
      <trkpt lat="46.24879000000001" lon="12.02236">
        <time>2026-08-19T17:55:58Z</time>
      </trkpt>
      <trkpt lat="46.248810000000006" lon="12.022400000000001">
        <time>2026-08-19T17:56:01Z</time>
      </trkpt>
      <trkpt lat="46.24882" lon="12.02242">
        <time>2026-08-19T17:56:02Z</time>
      </trkpt>
      <trkpt lat="46.24884" lon="12.022440000000001">
        <time>2026-08-19T17:56:04Z</time>
      </trkpt>
      <trkpt lat="46.24884" lon="12.022440000000001">
        <time>2026-08-19T17:56:04Z</time>
      </trkpt>
      <trkpt lat="46.24886" lon="12.022480000000002">
        <time>2026-08-19T17:56:06Z</time>
      </trkpt>
      <trkpt lat="46.24888000000001" lon="12.0225">
        <time>2026-08-19T17:56:08Z</time>
      </trkpt>
      <trkpt lat="46.24889" lon="12.02252">
        <time>2026-08-19T17:56:09Z</time>
      </trkpt>
      <trkpt lat="46.24889" lon="12.02252">
        <time>2026-08-19T17:56:09Z</time>
      </trkpt>
      <trkpt lat="46.24891" lon="12.02256">
        <time>2026-08-19T17:56:11Z</time>
      </trkpt>
      <trkpt lat="46.248920000000005" lon="12.022570000000002">
        <time>2026-08-19T17:56:12Z</time>
      </trkpt>
      <trkpt lat="46.248940000000005" lon="12.022590000000001">
        <time>2026-08-19T17:56:14Z</time>
      </trkpt>
      <trkpt lat="46.24895" lon="12.0226">
        <time>2026-08-19T17:56:15Z</time>
      </trkpt>
      <trkpt lat="46.248960000000004" lon="12.022620000000002">
        <time>2026-08-19T17:56:16Z</time>
      </trkpt>
      <trkpt lat="46.24897000000001" lon="12.02264">
        <time>2026-08-19T17:56:17Z</time>
      </trkpt>
      <trkpt lat="46.24897000000001" lon="12.02264">
        <time>2026-08-19T17:56:17Z</time>
      </trkpt>
      <trkpt lat="46.24898" lon="12.02265">
        <time>2026-08-19T17:56:18Z</time>
      </trkpt>
      <trkpt lat="46.249" lon="12.022680000000001">
        <time>2026-08-19T17:56:20Z</time>
      </trkpt>
      <trkpt lat="46.24902" lon="12.02269">
        <time>2026-08-19T17:56:22Z</time>
      </trkpt>
      <trkpt lat="46.24902" lon="12.02269">
        <time>2026-08-19T17:56:22Z</time>
      </trkpt>
      <trkpt lat="46.249030000000005" lon="12.0227">
        <time>2026-08-19T17:56:22Z</time>
      </trkpt>
      <trkpt lat="46.24906000000001" lon="12.022730000000001">
        <time>2026-08-19T17:56:25Z</time>
      </trkpt>
      <trkpt lat="46.24906000000001" lon="12.022730000000001">
        <time>2026-08-19T17:56:25Z</time>
      </trkpt>
      <trkpt lat="46.249080000000006" lon="12.02275">
        <time>2026-08-19T17:56:27Z</time>
      </trkpt>
      <trkpt lat="46.249100000000006" lon="12.022760000000002">
        <time>2026-08-19T17:56:28Z</time>
      </trkpt>
      <trkpt lat="46.249100000000006" lon="12.022760000000002">
        <time>2026-08-19T17:56:28Z</time>
      </trkpt>
      <trkpt lat="46.24911" lon="12.022770000000001">
        <time>2026-08-19T17:56:29Z</time>
      </trkpt>
      <trkpt lat="46.249140000000004" lon="12.02279">
        <time>2026-08-19T17:56:31Z</time>
      </trkpt>
      <trkpt lat="46.249140000000004" lon="12.02279">
        <time>2026-08-19T17:56:31Z</time>
      </trkpt>
      <trkpt lat="46.24917000000001" lon="12.022810000000002">
        <time>2026-08-19T17:56:34Z</time>
      </trkpt>
      <trkpt lat="46.24918" lon="12.022820000000001">
        <time>2026-08-19T17:56:35Z</time>
      </trkpt>
      <trkpt lat="46.24918" lon="12.022820000000001">
        <time>2026-08-19T17:56:35Z</time>
      </trkpt>
      <trkpt lat="46.2492" lon="12.02283">
        <time>2026-08-19T17:56:36Z</time>
      </trkpt>
      <trkpt lat="46.249210000000005" lon="12.02284">
        <time>2026-08-19T17:56:37Z</time>
      </trkpt>
      <trkpt lat="46.249230000000004" lon="12.02284">
        <time>2026-08-19T17:56:38Z</time>
      </trkpt>
      <trkpt lat="46.24924" lon="12.022850000000002">
        <time>2026-08-19T17:56:39Z</time>
      </trkpt>
      <trkpt lat="46.24925" lon="12.022850000000002">
        <time>2026-08-19T17:56:40Z</time>
      </trkpt>
      <trkpt lat="46.24926000000001" lon="12.022860000000001">
        <time>2026-08-19T17:56:41Z</time>
      </trkpt>
      <trkpt lat="46.249280000000006" lon="12.022860000000001">
        <time>2026-08-19T17:56:42Z</time>
      </trkpt>
      <trkpt lat="46.24929" lon="12.022860000000001">
        <time>2026-08-19T17:56:43Z</time>
      </trkpt>
      <trkpt lat="46.24931" lon="12.022860000000001">
        <time>2026-08-19T17:56:44Z</time>
      </trkpt>
      <trkpt lat="46.249320000000004" lon="12.022860000000001">
        <time>2026-08-19T17:56:45Z</time>
      </trkpt>
      <trkpt lat="46.24933" lon="12.022850000000002">
        <time>2026-08-19T17:56:46Z</time>
      </trkpt>
      <trkpt lat="46.249340000000004" lon="12.022850000000002">
        <time>2026-08-19T17:56:47Z</time>
      </trkpt>
      <trkpt lat="46.24936" lon="12.02284">
        <time>2026-08-19T17:56:48Z</time>
      </trkpt>
      <trkpt lat="46.249370000000006" lon="12.02283">
        <time>2026-08-19T17:56:49Z</time>
      </trkpt>
      <trkpt lat="46.24938" lon="12.022820000000001">
        <time>2026-08-19T17:56:50Z</time>
      </trkpt>
      <trkpt lat="46.249390000000005" lon="12.022810000000002">
        <time>2026-08-19T17:56:51Z</time>
      </trkpt>
      <trkpt lat="46.2494" lon="12.0228">
        <time>2026-08-19T17:56:52Z</time>
      </trkpt>
      <trkpt lat="46.24942" lon="12.02279">
        <time>2026-08-19T17:56:53Z</time>
      </trkpt>
      <trkpt lat="46.249430000000004" lon="12.022780000000001">
        <time>2026-08-19T17:56:54Z</time>
      </trkpt>
      <trkpt lat="46.24944000000001" lon="12.022770000000001">
        <time>2026-08-19T17:56:55Z</time>
      </trkpt>
      <trkpt lat="46.24945" lon="12.022760000000002">
        <time>2026-08-19T17:56:56Z</time>
      </trkpt>
      <trkpt lat="46.24947" lon="12.02275">
        <time>2026-08-19T17:56:57Z</time>
      </trkpt>
      <trkpt lat="46.249480000000005" lon="12.02274">
        <time>2026-08-19T17:56:58Z</time>
      </trkpt>
      <trkpt lat="46.249500000000005" lon="12.022730000000001">
        <time>2026-08-19T17:57:00Z</time>
      </trkpt>
      <trkpt lat="46.24951" lon="12.022720000000001">
        <time>2026-08-19T17:57:00Z</time>
      </trkpt>
      <trkpt lat="46.249520000000004" lon="12.022720000000001">
        <time>2026-08-19T17:57:01Z</time>
      </trkpt>
      <trkpt lat="46.24954" lon="12.022710000000002">
        <time>2026-08-19T17:57:03Z</time>
      </trkpt>
      <trkpt lat="46.249550000000006" lon="12.0227">
        <time>2026-08-19T17:57:03Z</time>
      </trkpt>
      <trkpt lat="46.249570000000006" lon="12.02269">
        <time>2026-08-19T17:57:05Z</time>
      </trkpt>
      <trkpt lat="46.24958" lon="12.02269">
        <time>2026-08-19T17:57:06Z</time>
      </trkpt>
      <trkpt lat="46.2496" lon="12.022680000000001">
        <time>2026-08-19T17:57:07Z</time>
      </trkpt>
      <trkpt lat="46.24962000000001" lon="12.022680000000001">
        <time>2026-08-19T17:57:09Z</time>
      </trkpt>
      <trkpt lat="46.24963" lon="12.022680000000001">
        <time>2026-08-19T17:57:09Z</time>
      </trkpt>
      <trkpt lat="46.24965" lon="12.022670000000002">
        <time>2026-08-19T17:57:11Z</time>
      </trkpt>
      <trkpt lat="46.249660000000006" lon="12.022670000000002">
        <time>2026-08-19T17:57:11Z</time>
      </trkpt>
      <trkpt lat="46.249680000000005" lon="12.02266">
        <time>2026-08-19T17:57:13Z</time>
      </trkpt>
      <trkpt lat="46.249700000000004" lon="12.02266">
        <time>2026-08-19T17:57:14Z</time>
      </trkpt>
      <trkpt lat="46.24973000000001" lon="12.02265">
        <time>2026-08-19T17:57:17Z</time>
      </trkpt>
      <trkpt lat="46.24973000000001" lon="12.02265">
        <time>2026-08-19T17:57:17Z</time>
      </trkpt>
      <trkpt lat="46.24974" lon="12.02265">
        <time>2026-08-19T17:57:17Z</time>
      </trkpt>
      <trkpt lat="46.24976" lon="12.02265">
        <time>2026-08-19T17:57:19Z</time>
      </trkpt>
      <trkpt lat="46.24978" lon="12.02265">
        <time>2026-08-19T17:57:20Z</time>
      </trkpt>
      <trkpt lat="46.2498" lon="12.02265">
        <time>2026-08-19T17:57:22Z</time>
      </trkpt>
      <trkpt lat="46.24983" lon="12.02266">
        <time>2026-08-19T17:57:24Z</time>
      </trkpt>
      <trkpt lat="46.24983" lon="12.02266">
        <time>2026-08-19T17:57:24Z</time>
      </trkpt>
      <trkpt lat="46.249860000000005" lon="12.022670000000002">
        <time>2026-08-19T17:57:26Z</time>
      </trkpt>
      <trkpt lat="46.249880000000005" lon="12.022680000000001">
        <time>2026-08-19T17:57:27Z</time>
      </trkpt>
      <trkpt lat="46.249880000000005" lon="12.022680000000001">
        <time>2026-08-19T17:57:27Z</time>
      </trkpt>
      <trkpt lat="46.24989" lon="12.022680000000001">
        <time>2026-08-19T17:57:28Z</time>
      </trkpt>
      <trkpt lat="46.24991000000001" lon="12.02269">
        <time>2026-08-19T17:57:30Z</time>
      </trkpt>
      <trkpt lat="46.249930000000006" lon="12.0227">
        <time>2026-08-19T17:57:31Z</time>
      </trkpt>
      <trkpt lat="46.24996" lon="12.022720000000001">
        <time>2026-08-19T17:57:33Z</time>
      </trkpt>
      <trkpt lat="46.249970000000005" lon="12.02274">
        <time>2026-08-19T17:57:35Z</time>
      </trkpt>
      <trkpt lat="46.249990000000004" lon="12.02275">
        <time>2026-08-19T17:57:36Z</time>
      </trkpt>
      <trkpt lat="46.249990000000004" lon="12.02275">
        <time>2026-08-19T17:57:36Z</time>
      </trkpt>
      <trkpt lat="46.25000000000001" lon="12.022760000000002">
        <time>2026-08-19T17:57:37Z</time>
      </trkpt>
      <trkpt lat="46.250020000000006" lon="12.022780000000001">
        <time>2026-08-19T17:57:39Z</time>
      </trkpt>
      <trkpt lat="46.250040000000006" lon="12.0228">
        <time>2026-08-19T17:57:40Z</time>
      </trkpt>
      <trkpt lat="46.25005" lon="12.022820000000001">
        <time>2026-08-19T17:57:42Z</time>
      </trkpt>
      <trkpt lat="46.25005" lon="12.022820000000001">
        <time>2026-08-19T17:57:42Z</time>
      </trkpt>
      <trkpt lat="46.250060000000005" lon="12.02284">
        <time>2026-08-19T17:57:43Z</time>
      </trkpt>
      <trkpt lat="46.25007" lon="12.022850000000002">
        <time>2026-08-19T17:57:44Z</time>
      </trkpt>
      <trkpt lat="46.250080000000004" lon="12.022870000000001">
        <time>2026-08-19T17:57:45Z</time>
      </trkpt>
      <trkpt lat="46.25009000000001" lon="12.02289">
        <time>2026-08-19T17:57:46Z</time>
      </trkpt>
      <trkpt lat="46.2501" lon="12.022910000000001">
        <time>2026-08-19T17:57:47Z</time>
      </trkpt>
      <trkpt lat="46.25011000000001" lon="12.02293">
        <time>2026-08-19T17:57:49Z</time>
      </trkpt>
      <trkpt lat="46.25012" lon="12.022960000000001">
        <time>2026-08-19T17:57:50Z</time>
      </trkpt>
      <trkpt lat="46.250130000000006" lon="12.02298">
        <time>2026-08-19T17:57:51Z</time>
      </trkpt>
      <trkpt lat="46.25014" lon="12.023000000000001">
        <time>2026-08-19T17:57:53Z</time>
      </trkpt>
      <trkpt lat="46.25014" lon="12.02302">
        <time>2026-08-19T17:57:54Z</time>
      </trkpt>
      <trkpt lat="46.25016" lon="12.023040000000002">
        <time>2026-08-19T17:57:55Z</time>
      </trkpt>
      <trkpt lat="46.25016" lon="12.023060000000001">
        <time>2026-08-19T17:57:56Z</time>
      </trkpt>
      <trkpt lat="46.250170000000004" lon="12.02308">
        <time>2026-08-19T17:57:57Z</time>
      </trkpt>
      <trkpt lat="46.25020000000001" lon="12.02312">
        <time>2026-08-19T17:58:00Z</time>
      </trkpt>
      <trkpt lat="46.25020000000001" lon="12.02312">
        <time>2026-08-19T17:58:00Z</time>
      </trkpt>
      <trkpt lat="46.25021" lon="12.023150000000001">
        <time>2026-08-19T17:58:02Z</time>
      </trkpt>
      <trkpt lat="46.25021" lon="12.023150000000001">
        <time>2026-08-19T17:58:02Z</time>
      </trkpt>
      <trkpt lat="46.250240000000005" lon="12.023190000000001">
        <time>2026-08-19T17:58:05Z</time>
      </trkpt>
      <trkpt lat="46.25025" lon="12.023200000000001">
        <time>2026-08-19T17:58:06Z</time>
      </trkpt>
      <trkpt lat="46.250260000000004" lon="12.02322">
        <time>2026-08-19T17:58:07Z</time>
      </trkpt>
      <trkpt lat="46.250260000000004" lon="12.02322">
        <time>2026-08-19T17:58:07Z</time>
      </trkpt>
      <trkpt lat="46.250280000000004" lon="12.023240000000001">
        <time>2026-08-19T17:58:09Z</time>
      </trkpt>
      <trkpt lat="46.2503" lon="12.02326">
        <time>2026-08-19T17:58:10Z</time>
      </trkpt>
      <trkpt lat="46.2503" lon="12.02326">
        <time>2026-08-19T17:58:10Z</time>
      </trkpt>
      <trkpt lat="46.25032" lon="12.023280000000002">
        <time>2026-08-19T17:58:12Z</time>
      </trkpt>
      <trkpt lat="46.250330000000005" lon="12.023290000000001">
        <time>2026-08-19T17:58:13Z</time>
      </trkpt>
      <trkpt lat="46.25034" lon="12.0233">
        <time>2026-08-19T17:58:14Z</time>
      </trkpt>
      <trkpt lat="46.25036" lon="12.0233">
        <time>2026-08-19T17:58:15Z</time>
      </trkpt>
      <trkpt lat="46.250370000000004" lon="12.02331">
        <time>2026-08-19T17:58:16Z</time>
      </trkpt>
      <trkpt lat="46.25039" lon="12.023320000000002">
        <time>2026-08-19T17:58:18Z</time>
      </trkpt>
      <trkpt lat="46.250400000000006" lon="12.023320000000002">
        <time>2026-08-19T17:58:18Z</time>
      </trkpt>
      <trkpt lat="46.250420000000005" lon="12.023330000000001">
        <time>2026-08-19T17:58:20Z</time>
      </trkpt>
      <trkpt lat="46.250440000000005" lon="12.023330000000001">
        <time>2026-08-19T17:58:21Z</time>
      </trkpt>
      <trkpt lat="46.25047000000001" lon="12.023330000000001">
        <time>2026-08-19T17:58:23Z</time>
      </trkpt>
      <trkpt lat="46.25047000000001" lon="12.023330000000001">
        <time>2026-08-19T17:58:23Z</time>
      </trkpt>
      <trkpt lat="46.250490000000006" lon="12.023330000000001">
        <time>2026-08-19T17:58:25Z</time>
      </trkpt>
      <trkpt lat="46.250510000000006" lon="12.023330000000001">
        <time>2026-08-19T17:58:26Z</time>
      </trkpt>
      <trkpt lat="46.25052" lon="12.023330000000001">
        <time>2026-08-19T17:58:27Z</time>
      </trkpt>
      <trkpt lat="46.25054" lon="12.023330000000001">
        <time>2026-08-19T17:58:28Z</time>
      </trkpt>
      <trkpt lat="46.25056000000001" lon="12.023330000000001">
        <time>2026-08-19T17:58:30Z</time>
      </trkpt>
      <trkpt lat="46.25058000000001" lon="12.023330000000001">
        <time>2026-08-19T17:58:31Z</time>
      </trkpt>
      <trkpt lat="46.25059" lon="12.023320000000002">
        <time>2026-08-19T17:58:32Z</time>
      </trkpt>
      <trkpt lat="46.25061" lon="12.023320000000002">
        <time>2026-08-19T17:58:33Z</time>
      </trkpt>
      <trkpt lat="46.250640000000004" lon="12.02331">
        <time>2026-08-19T17:58:36Z</time>
      </trkpt>
      <trkpt lat="46.250640000000004" lon="12.02331">
        <time>2026-08-19T17:58:36Z</time>
      </trkpt>
      <trkpt lat="46.25065" lon="12.02331">
        <time>2026-08-19T17:58:36Z</time>
      </trkpt>
      <trkpt lat="46.25067000000001" lon="12.02331">
        <time>2026-08-19T17:58:38Z</time>
      </trkpt>
      <trkpt lat="46.250690000000006" lon="12.0233">
        <time>2026-08-19T17:58:39Z</time>
      </trkpt>
      <trkpt lat="46.2507" lon="12.0233">
        <time>2026-08-19T17:58:40Z</time>
      </trkpt>
      <trkpt lat="46.250710000000005" lon="12.0233">
        <time>2026-08-19T17:58:41Z</time>
      </trkpt>
      <trkpt lat="46.250730000000004" lon="12.023290000000001">
        <time>2026-08-19T17:58:42Z</time>
      </trkpt>
      <trkpt lat="46.25074" lon="12.023280000000002">
        <time>2026-08-19T17:58:43Z</time>
      </trkpt>
      <trkpt lat="46.25077" lon="12.02327">
        <time>2026-08-19T17:58:45Z</time>
      </trkpt>
      <trkpt lat="46.25079" lon="12.02326">
        <time>2026-08-19T17:58:47Z</time>
      </trkpt>
      <trkpt lat="46.25079" lon="12.02326">
        <time>2026-08-19T17:58:47Z</time>
      </trkpt>
      <trkpt lat="46.250800000000005" lon="12.02325">
        <time>2026-08-19T17:58:47Z</time>
      </trkpt>
      <trkpt lat="46.250820000000004" lon="12.023240000000001">
        <time>2026-08-19T17:58:49Z</time>
      </trkpt>
      <trkpt lat="46.25083" lon="12.023230000000002">
        <time>2026-08-19T17:58:50Z</time>
      </trkpt>
      <trkpt lat="46.25085000000001" lon="12.02321">
        <time>2026-08-19T17:58:51Z</time>
      </trkpt>
      <trkpt lat="46.25086" lon="12.023200000000001">
        <time>2026-08-19T17:58:52Z</time>
      </trkpt>
      <trkpt lat="46.25086" lon="12.02317">
        <time>2026-08-19T17:58:54Z</time>
      </trkpt>
      <trkpt lat="46.250870000000006" lon="12.023150000000001">
        <time>2026-08-19T17:58:55Z</time>
      </trkpt>
      <trkpt lat="46.250870000000006" lon="12.023130000000002">
        <time>2026-08-19T17:58:56Z</time>
      </trkpt>
      <trkpt lat="46.25088" lon="12.023090000000002">
        <time>2026-08-19T17:58:58Z</time>
      </trkpt>
      <trkpt lat="46.25088" lon="12.023090000000002">
        <time>2026-08-19T17:58:58Z</time>
      </trkpt>
      <trkpt lat="46.25088" lon="12.023040000000002">
        <time>2026-08-19T17:59:01Z</time>
      </trkpt>
      <trkpt lat="46.25088" lon="12.023040000000002">
        <time>2026-08-19T17:59:01Z</time>
      </trkpt>
      <trkpt lat="46.25088" lon="12.023000000000001">
        <time>2026-08-19T17:59:02Z</time>
      </trkpt>
      <trkpt lat="46.250870000000006" lon="12.02298">
        <time>2026-08-19T17:59:04Z</time>
      </trkpt>
      <trkpt lat="46.250870000000006" lon="12.02298">
        <time>2026-08-19T17:59:04Z</time>
      </trkpt>
      <trkpt lat="46.25086" lon="12.02293">
        <time>2026-08-19T17:59:06Z</time>
      </trkpt>
      <trkpt lat="46.25086" lon="12.02293">
        <time>2026-08-19T17:59:06Z</time>
      </trkpt>
      <trkpt lat="46.25085000000001" lon="12.02288">
        <time>2026-08-19T17:59:09Z</time>
      </trkpt>
      <trkpt lat="46.25085000000001" lon="12.022860000000001">
        <time>2026-08-19T17:59:10Z</time>
      </trkpt>
      <trkpt lat="46.25085000000001" lon="12.022860000000001">
        <time>2026-08-19T17:59:10Z</time>
      </trkpt>
      <trkpt lat="46.25085000000001" lon="12.02283">
        <time>2026-08-19T17:59:11Z</time>
      </trkpt>
      <trkpt lat="46.25085000000001" lon="12.0228">
        <time>2026-08-19T17:59:13Z</time>
      </trkpt>
      <trkpt lat="46.25085000000001" lon="12.022780000000001">
        <time>2026-08-19T17:59:14Z</time>
      </trkpt>
      <trkpt lat="46.25086" lon="12.02275">
        <time>2026-08-19T17:59:15Z</time>
      </trkpt>
      <trkpt lat="46.250870000000006" lon="12.022730000000001">
        <time>2026-08-19T17:59:17Z</time>
      </trkpt>
      <trkpt lat="46.250870000000006" lon="12.022710000000002">
        <time>2026-08-19T17:59:17Z</time>
      </trkpt>
      <trkpt lat="46.25088" lon="12.02269">
        <time>2026-08-19T17:59:19Z</time>
      </trkpt>
      <trkpt lat="46.25088" lon="12.02266">
        <time>2026-08-19T17:59:20Z</time>
      </trkpt>
      <trkpt lat="46.250890000000005" lon="12.02264">
        <time>2026-08-19T17:59:21Z</time>
      </trkpt>
      <trkpt lat="46.2509" lon="12.022620000000002">
        <time>2026-08-19T17:59:23Z</time>
      </trkpt>
      <trkpt lat="46.250910000000005" lon="12.02261">
        <time>2026-08-19T17:59:23Z</time>
      </trkpt>
      <trkpt lat="46.25092" lon="12.022590000000001">
        <time>2026-08-19T17:59:25Z</time>
      </trkpt>
      <trkpt lat="46.250930000000004" lon="12.022570000000002">
        <time>2026-08-19T17:59:26Z</time>
      </trkpt>
      <trkpt lat="46.25095" lon="12.022540000000001">
        <time>2026-08-19T17:59:28Z</time>
      </trkpt>
      <trkpt lat="46.25095" lon="12.022540000000001">
        <time>2026-08-19T17:59:28Z</time>
      </trkpt>
      <trkpt lat="46.250960000000006" lon="12.02252">
        <time>2026-08-19T17:59:29Z</time>
      </trkpt>
      <trkpt lat="46.250960000000006" lon="12.0225">
        <time>2026-08-19T17:59:30Z</time>
      </trkpt>
      <trkpt lat="46.250980000000006" lon="12.022480000000002">
        <time>2026-08-19T17:59:32Z</time>
      </trkpt>
      <trkpt lat="46.25099" lon="12.02246">
        <time>2026-08-19T17:59:33Z</time>
      </trkpt>
      <trkpt lat="46.251000000000005" lon="12.022450000000001">
        <time>2026-08-19T17:59:34Z</time>
      </trkpt>
      <trkpt lat="46.25101" lon="12.022430000000002">
        <time>2026-08-19T17:59:35Z</time>
      </trkpt>
      <trkpt lat="46.25103000000001" lon="12.02241">
        <time>2026-08-19T17:59:37Z</time>
      </trkpt>
      <trkpt lat="46.25104" lon="12.022400000000001">
        <time>2026-08-19T17:59:38Z</time>
      </trkpt>
      <trkpt lat="46.25104" lon="12.022400000000001">
        <time>2026-08-19T17:59:38Z</time>
      </trkpt>
      <trkpt lat="46.25106" lon="12.022400000000001">
        <time>2026-08-19T17:59:39Z</time>
      </trkpt>
      <trkpt lat="46.25108" lon="12.022390000000001">
        <time>2026-08-19T17:59:41Z</time>
      </trkpt>
      <trkpt lat="46.25108" lon="12.022390000000001">
        <time>2026-08-19T17:59:41Z</time>
      </trkpt>
      <trkpt lat="46.251110000000004" lon="12.022390000000001">
        <time>2026-08-19T17:59:43Z</time>
      </trkpt>
      <trkpt lat="46.251110000000004" lon="12.022390000000001">
        <time>2026-08-19T17:59:43Z</time>
      </trkpt>
      <trkpt lat="46.25113" lon="12.022380000000002">
        <time>2026-08-19T17:59:44Z</time>
      </trkpt>
      <trkpt lat="46.25114000000001" lon="12.022380000000002">
        <time>2026-08-19T17:59:45Z</time>
      </trkpt>
      <trkpt lat="46.25117" lon="12.02237">
        <time>2026-08-19T17:59:47Z</time>
      </trkpt>
      <trkpt lat="46.251180000000005" lon="12.02237">
        <time>2026-08-19T17:59:48Z</time>
      </trkpt>
      <trkpt lat="46.25119" lon="12.02237">
        <time>2026-08-19T17:59:48Z</time>
      </trkpt>
      <trkpt lat="46.25121" lon="12.02237">
        <time>2026-08-19T17:59:50Z</time>
      </trkpt>
      <trkpt lat="46.25121" lon="12.02237">
        <time>2026-08-19T17:59:50Z</time>
      </trkpt>
      <trkpt lat="46.25124" lon="12.02236">
        <time>2026-08-19T17:59:52Z</time>
      </trkpt>
      <trkpt lat="46.25126" lon="12.022350000000001">
        <time>2026-08-19T17:59:54Z</time>
      </trkpt>
      <trkpt lat="46.251270000000005" lon="12.022350000000001">
        <time>2026-08-19T17:59:54Z</time>
      </trkpt>
      <trkpt lat="46.251270000000005" lon="12.022350000000001">
        <time>2026-08-19T17:59:54Z</time>
      </trkpt>
      <trkpt lat="46.251290000000004" lon="12.022340000000002">
        <time>2026-08-19T17:59:56Z</time>
      </trkpt>
      <trkpt lat="46.2513" lon="12.02232">
        <time>2026-08-19T17:59:57Z</time>
      </trkpt>
      <trkpt lat="46.25132000000001" lon="12.022310000000001">
        <time>2026-08-19T17:59:58Z</time>
      </trkpt>
      <trkpt lat="46.25133" lon="12.022290000000002">
        <time>2026-08-19T18:00:00Z</time>
      </trkpt>
      <trkpt lat="46.251340000000006" lon="12.02227">
        <time>2026-08-19T18:00:01Z</time>
      </trkpt>
      <trkpt lat="46.25135" lon="12.022240000000002">
        <time>2026-08-19T18:00:02Z</time>
      </trkpt>
      <trkpt lat="46.25135" lon="12.022240000000002">
        <time>2026-08-19T18:00:02Z</time>
      </trkpt>
      <trkpt lat="46.25135" lon="12.022210000000001">
        <time>2026-08-19T18:00:04Z</time>
      </trkpt>
      <trkpt lat="46.25137" lon="12.022170000000001">
        <time>2026-08-19T18:00:06Z</time>
      </trkpt>
      <trkpt lat="46.25137" lon="12.022150000000002">
        <time>2026-08-19T18:00:07Z</time>
      </trkpt>
      <trkpt lat="46.25137" lon="12.022150000000002">
        <time>2026-08-19T18:00:07Z</time>
      </trkpt>
      <trkpt lat="46.251380000000005" lon="12.02213">
        <time>2026-08-19T18:00:09Z</time>
      </trkpt>
      <trkpt lat="46.251380000000005" lon="12.022110000000001">
        <time>2026-08-19T18:00:10Z</time>
      </trkpt>
      <trkpt lat="46.25139" lon="12.02209">
        <time>2026-08-19T18:00:11Z</time>
      </trkpt>
      <trkpt lat="46.251400000000004" lon="12.022070000000001">
        <time>2026-08-19T18:00:12Z</time>
      </trkpt>
      <trkpt lat="46.251400000000004" lon="12.02205">
        <time>2026-08-19T18:00:13Z</time>
      </trkpt>
      <trkpt lat="46.25141000000001" lon="12.02203">
        <time>2026-08-19T18:00:14Z</time>
      </trkpt>
      <trkpt lat="46.25142" lon="12.022010000000002">
        <time>2026-08-19T18:00:15Z</time>
      </trkpt>
      <trkpt lat="46.251430000000006" lon="12.021970000000001">
        <time>2026-08-19T18:00:17Z</time>
      </trkpt>
      <trkpt lat="46.251430000000006" lon="12.021970000000001">
        <time>2026-08-19T18:00:17Z</time>
      </trkpt>
      <trkpt lat="46.25144" lon="12.02195">
        <time>2026-08-19T18:00:19Z</time>
      </trkpt>
      <trkpt lat="46.25144" lon="12.021930000000001">
        <time>2026-08-19T18:00:20Z</time>
      </trkpt>
      <trkpt lat="46.251450000000006" lon="12.02191">
        <time>2026-08-19T18:00:21Z</time>
      </trkpt>
      <trkpt lat="46.251450000000006" lon="12.02189">
        <time>2026-08-19T18:00:22Z</time>
      </trkpt>
      <trkpt lat="46.25146" lon="12.021870000000002">
        <time>2026-08-19T18:00:23Z</time>
      </trkpt>
      <trkpt lat="46.25146" lon="12.02185">
        <time>2026-08-19T18:00:24Z</time>
      </trkpt>
      <trkpt lat="46.251470000000005" lon="12.021830000000001">
        <time>2026-08-19T18:00:25Z</time>
      </trkpt>
      <trkpt lat="46.251470000000005" lon="12.02181">
        <time>2026-08-19T18:00:26Z</time>
      </trkpt>
      <trkpt lat="46.25148" lon="12.0218">
        <time>2026-08-19T18:00:27Z</time>
      </trkpt>
      <trkpt lat="46.25148" lon="12.021780000000001">
        <time>2026-08-19T18:00:28Z</time>
      </trkpt>
      <trkpt lat="46.25148" lon="12.02176">
        <time>2026-08-19T18:00:29Z</time>
      </trkpt>
      <trkpt lat="46.251490000000004" lon="12.021740000000001">
        <time>2026-08-19T18:00:30Z</time>
      </trkpt>
      <trkpt lat="46.251490000000004" lon="12.021700000000001">
        <time>2026-08-19T18:00:32Z</time>
      </trkpt>
      <trkpt lat="46.251490000000004" lon="12.021700000000001">
        <time>2026-08-19T18:00:32Z</time>
      </trkpt>
      <trkpt lat="46.251490000000004" lon="12.021680000000002">
        <time>2026-08-19T18:00:33Z</time>
      </trkpt>
      <trkpt lat="46.25150000000001" lon="12.02166">
        <time>2026-08-19T18:00:34Z</time>
      </trkpt>
      <trkpt lat="46.25150000000001" lon="12.021640000000001">
        <time>2026-08-19T18:00:35Z</time>
      </trkpt>
      <trkpt lat="46.251490000000004" lon="12.02162">
        <time>2026-08-19T18:00:36Z</time>
      </trkpt>
      <trkpt lat="46.251490000000004" lon="12.021600000000001">
        <time>2026-08-19T18:00:37Z</time>
      </trkpt>
      <trkpt lat="46.251490000000004" lon="12.02158">
        <time>2026-08-19T18:00:38Z</time>
      </trkpt>
      <trkpt lat="46.25148" lon="12.021560000000001">
        <time>2026-08-19T18:00:40Z</time>
      </trkpt>
      <trkpt lat="46.25148" lon="12.021550000000001">
        <time>2026-08-19T18:00:40Z</time>
      </trkpt>
      <trkpt lat="46.25148" lon="12.02153">
        <time>2026-08-19T18:00:41Z</time>
      </trkpt>
      <trkpt lat="46.251470000000005" lon="12.021510000000001">
        <time>2026-08-19T18:00:42Z</time>
      </trkpt>
      <trkpt lat="46.25146" lon="12.021500000000001">
        <time>2026-08-19T18:00:43Z</time>
      </trkpt>
      <trkpt lat="46.25146" lon="12.02148">
        <time>2026-08-19T18:00:44Z</time>
      </trkpt>
      <trkpt lat="46.251450000000006" lon="12.02147">
        <time>2026-08-19T18:00:45Z</time>
      </trkpt>
      <trkpt lat="46.251450000000006" lon="12.021450000000002">
        <time>2026-08-19T18:00:46Z</time>
      </trkpt>
      <trkpt lat="46.251430000000006" lon="12.02142">
        <time>2026-08-19T18:00:48Z</time>
      </trkpt>
      <trkpt lat="46.251430000000006" lon="12.02142">
        <time>2026-08-19T18:00:48Z</time>
      </trkpt>
      <trkpt lat="46.25142" lon="12.02139">
        <time>2026-08-19T18:00:50Z</time>
      </trkpt>
      <trkpt lat="46.25142" lon="12.02139">
        <time>2026-08-19T18:00:50Z</time>
      </trkpt>
      <trkpt lat="46.25141000000001" lon="12.021370000000001">
        <time>2026-08-19T18:00:51Z</time>
      </trkpt>
      <trkpt lat="46.25139" lon="12.02134">
        <time>2026-08-19T18:00:53Z</time>
      </trkpt>
      <trkpt lat="46.251380000000005" lon="12.02133">
        <time>2026-08-19T18:00:54Z</time>
      </trkpt>
      <trkpt lat="46.251380000000005" lon="12.02133">
        <time>2026-08-19T18:00:54Z</time>
      </trkpt>
      <trkpt lat="46.25137" lon="12.021320000000001">
        <time>2026-08-19T18:00:55Z</time>
      </trkpt>
      <trkpt lat="46.251360000000005" lon="12.0213">
        <time>2026-08-19T18:00:56Z</time>
      </trkpt>
      <trkpt lat="46.25135" lon="12.02129">
        <time>2026-08-19T18:00:57Z</time>
      </trkpt>
      <trkpt lat="46.251340000000006" lon="12.021270000000001">
        <time>2026-08-19T18:00:58Z</time>
      </trkpt>
      <trkpt lat="46.25132000000001" lon="12.021260000000002">
        <time>2026-08-19T18:00:59Z</time>
      </trkpt>
      <trkpt lat="46.251310000000004" lon="12.02125">
        <time>2026-08-19T18:01:00Z</time>
      </trkpt>
      <trkpt lat="46.2513" lon="12.021230000000001">
        <time>2026-08-19T18:01:01Z</time>
      </trkpt>
      <trkpt lat="46.251270000000005" lon="12.021210000000002">
        <time>2026-08-19T18:01:04Z</time>
      </trkpt>
      <trkpt lat="46.25126" lon="12.0212">
        <time>2026-08-19T18:01:05Z</time>
      </trkpt>
      <trkpt lat="46.25126" lon="12.0212">
        <time>2026-08-19T18:01:05Z</time>
      </trkpt>
      <trkpt lat="46.251250000000006" lon="12.02119">
        <time>2026-08-19T18:01:06Z</time>
      </trkpt>
      <trkpt lat="46.25124" lon="12.021180000000001">
        <time>2026-08-19T18:01:06Z</time>
      </trkpt>
      <trkpt lat="46.25121" lon="12.02115">
        <time>2026-08-19T18:01:09Z</time>
      </trkpt>
      <trkpt lat="46.25121" lon="12.02115">
        <time>2026-08-19T18:01:09Z</time>
      </trkpt>
      <trkpt lat="46.251200000000004" lon="12.02114">
        <time>2026-08-19T18:01:10Z</time>
      </trkpt>
      <trkpt lat="46.25119" lon="12.021130000000001">
        <time>2026-08-19T18:01:11Z</time>
      </trkpt>
      <trkpt lat="46.251180000000005" lon="12.021120000000002">
        <time>2026-08-19T18:01:12Z</time>
      </trkpt>
      <trkpt lat="46.251160000000006" lon="12.02111">
        <time>2026-08-19T18:01:13Z</time>
      </trkpt>
      <trkpt lat="46.25115" lon="12.0211">
        <time>2026-08-19T18:01:14Z</time>
      </trkpt>
      <trkpt lat="46.25113" lon="12.021090000000001">
        <time>2026-08-19T18:01:15Z</time>
      </trkpt>
      <trkpt lat="46.25112" lon="12.021080000000001">
        <time>2026-08-19T18:01:16Z</time>
      </trkpt>
      <trkpt lat="46.251110000000004" lon="12.021070000000002">
        <time>2026-08-19T18:01:17Z</time>
      </trkpt>
      <trkpt lat="46.2511" lon="12.02106">
        <time>2026-08-19T18:01:18Z</time>
      </trkpt>
      <trkpt lat="46.25108" lon="12.02106">
        <time>2026-08-19T18:01:19Z</time>
      </trkpt>
      <trkpt lat="46.25106" lon="12.02105">
        <time>2026-08-19T18:01:21Z</time>
      </trkpt>
      <trkpt lat="46.251050000000006" lon="12.021040000000001">
        <time>2026-08-19T18:01:22Z</time>
      </trkpt>
      <trkpt lat="46.25104" lon="12.021030000000001">
        <time>2026-08-19T18:01:23Z</time>
      </trkpt>
      <trkpt lat="46.25103000000001" lon="12.021030000000001">
        <time>2026-08-19T18:01:23Z</time>
      </trkpt>
      <trkpt lat="46.25101" lon="12.021020000000002">
        <time>2026-08-19T18:01:25Z</time>
      </trkpt>
      <trkpt lat="46.251000000000005" lon="12.02101">
        <time>2026-08-19T18:01:26Z</time>
      </trkpt>
      <trkpt lat="46.250980000000006" lon="12.021">
        <time>2026-08-19T18:01:27Z</time>
      </trkpt>
      <trkpt lat="46.25097" lon="12.021">
        <time>2026-08-19T18:01:28Z</time>
      </trkpt>
      <trkpt lat="46.25095" lon="12.021">
        <time>2026-08-19T18:01:29Z</time>
      </trkpt>
      <trkpt lat="46.25094000000001" lon="12.020990000000001">
        <time>2026-08-19T18:01:30Z</time>
      </trkpt>
      <trkpt lat="46.250930000000004" lon="12.020980000000002">
        <time>2026-08-19T18:01:31Z</time>
      </trkpt>
      <trkpt lat="46.250910000000005" lon="12.020980000000002">
        <time>2026-08-19T18:01:32Z</time>
      </trkpt>
      <trkpt lat="46.2509" lon="12.02097">
        <time>2026-08-19T18:01:33Z</time>
      </trkpt>
      <trkpt lat="46.250890000000005" lon="12.02097">
        <time>2026-08-19T18:01:34Z</time>
      </trkpt>
      <trkpt lat="46.250870000000006" lon="12.02096">
        <time>2026-08-19T18:01:35Z</time>
      </trkpt>
      <trkpt lat="46.25086" lon="12.02096">
        <time>2026-08-19T18:01:36Z</time>
      </trkpt>
      <trkpt lat="46.25085000000001" lon="12.02096">
        <time>2026-08-19T18:01:37Z</time>
      </trkpt>
      <trkpt lat="46.25083" lon="12.020950000000001">
        <time>2026-08-19T18:01:38Z</time>
      </trkpt>
      <trkpt lat="46.250820000000004" lon="12.020950000000001">
        <time>2026-08-19T18:01:39Z</time>
      </trkpt>
      <trkpt lat="46.250800000000005" lon="12.020940000000001">
        <time>2026-08-19T18:01:41Z</time>
      </trkpt>
      <trkpt lat="46.25079" lon="12.020940000000001">
        <time>2026-08-19T18:01:41Z</time>
      </trkpt>
      <trkpt lat="46.25077" lon="12.020930000000002">
        <time>2026-08-19T18:01:43Z</time>
      </trkpt>
      <trkpt lat="46.25076000000001" lon="12.020930000000002">
        <time>2026-08-19T18:01:44Z</time>
      </trkpt>
      <trkpt lat="46.250750000000004" lon="12.02092">
        <time>2026-08-19T18:01:44Z</time>
      </trkpt>
      <trkpt lat="46.250730000000004" lon="12.02092">
        <time>2026-08-19T18:01:46Z</time>
      </trkpt>
      <trkpt lat="46.25072" lon="12.02092">
        <time>2026-08-19T18:01:46Z</time>
      </trkpt>
      <trkpt lat="46.250710000000005" lon="12.02092">
        <time>2026-08-19T18:01:47Z</time>
      </trkpt>
      <trkpt lat="46.250690000000006" lon="12.02091">
        <time>2026-08-19T18:01:49Z</time>
      </trkpt>
      <trkpt lat="46.25068" lon="12.02091">
        <time>2026-08-19T18:01:49Z</time>
      </trkpt>
      <trkpt lat="46.25066" lon="12.02091">
        <time>2026-08-19T18:01:51Z</time>
      </trkpt>
      <trkpt lat="46.250640000000004" lon="12.02091">
        <time>2026-08-19T18:01:52Z</time>
      </trkpt>
      <trkpt lat="46.25063" lon="12.020900000000001">
        <time>2026-08-19T18:01:53Z</time>
      </trkpt>
      <trkpt lat="46.25061" lon="12.020900000000001">
        <time>2026-08-19T18:01:54Z</time>
      </trkpt>
      <trkpt lat="46.250600000000006" lon="12.020900000000001">
        <time>2026-08-19T18:01:55Z</time>
      </trkpt>
      <trkpt lat="46.25058000000001" lon="12.020890000000001">
        <time>2026-08-19T18:01:57Z</time>
      </trkpt>
      <trkpt lat="46.25057" lon="12.020890000000001">
        <time>2026-08-19T18:01:57Z</time>
      </trkpt>
      <trkpt lat="46.25056000000001" lon="12.020880000000002">
        <time>2026-08-19T18:01:58Z</time>
      </trkpt>
      <trkpt lat="46.25054" lon="12.020880000000002">
        <time>2026-08-19T18:02:00Z</time>
      </trkpt>
      <trkpt lat="46.250530000000005" lon="12.020880000000002">
        <time>2026-08-19T18:02:00Z</time>
      </trkpt>
      <trkpt lat="46.25052" lon="12.020880000000002">
        <time>2026-08-19T18:02:01Z</time>
      </trkpt>
      <trkpt lat="46.2505" lon="12.020880000000002">
        <time>2026-08-19T18:02:03Z</time>
      </trkpt>
      <trkpt lat="46.25048" lon="12.020880000000002">
        <time>2026-08-19T18:02:04Z</time>
      </trkpt>
      <trkpt lat="46.25047000000001" lon="12.02087">
        <time>2026-08-19T18:02:05Z</time>
      </trkpt>
      <trkpt lat="46.25045" lon="12.02087">
        <time>2026-08-19T18:02:06Z</time>
      </trkpt>
      <trkpt lat="46.250440000000005" lon="12.02087">
        <time>2026-08-19T18:02:07Z</time>
      </trkpt>
      <trkpt lat="46.250420000000005" lon="12.02087">
        <time>2026-08-19T18:02:08Z</time>
      </trkpt>
      <trkpt lat="46.250400000000006" lon="12.02086">
        <time>2026-08-19T18:02:10Z</time>
      </trkpt>
      <trkpt lat="46.25038000000001" lon="12.02086">
        <time>2026-08-19T18:02:11Z</time>
      </trkpt>
      <trkpt lat="46.250370000000004" lon="12.02086">
        <time>2026-08-19T18:02:12Z</time>
      </trkpt>
      <trkpt lat="46.250350000000005" lon="12.02086">
        <time>2026-08-19T18:02:13Z</time>
      </trkpt>
      <trkpt lat="46.25034" lon="12.02086">
        <time>2026-08-19T18:02:14Z</time>
      </trkpt>
      <trkpt lat="46.25032" lon="12.02086">
        <time>2026-08-19T18:02:15Z</time>
      </trkpt>
      <trkpt lat="46.2503" lon="12.02086">
        <time>2026-08-19T18:02:17Z</time>
      </trkpt>
      <trkpt lat="46.25029000000001" lon="12.02086">
        <time>2026-08-19T18:02:18Z</time>
      </trkpt>
      <trkpt lat="46.250280000000004" lon="12.02086">
        <time>2026-08-19T18:02:18Z</time>
      </trkpt>
      <trkpt lat="46.250260000000004" lon="12.02086">
        <time>2026-08-19T18:02:20Z</time>
      </trkpt>
      <trkpt lat="46.250240000000005" lon="12.02086">
        <time>2026-08-19T18:02:21Z</time>
      </trkpt>
      <trkpt lat="46.25023" lon="12.020850000000001">
        <time>2026-08-19T18:02:22Z</time>
      </trkpt>
      <trkpt lat="46.250220000000006" lon="12.020850000000001">
        <time>2026-08-19T18:02:23Z</time>
      </trkpt>
      <trkpt lat="46.25020000000001" lon="12.020850000000001">
        <time>2026-08-19T18:02:24Z</time>
      </trkpt>
      <trkpt lat="46.25019" lon="12.020850000000001">
        <time>2026-08-19T18:02:25Z</time>
      </trkpt>
      <trkpt lat="46.25018" lon="12.020850000000001">
        <time>2026-08-19T18:02:26Z</time>
      </trkpt>
      <trkpt lat="46.25016" lon="12.020850000000001">
        <time>2026-08-19T18:02:27Z</time>
      </trkpt>
      <trkpt lat="46.250150000000005" lon="12.020850000000001">
        <time>2026-08-19T18:02:28Z</time>
      </trkpt>
      <trkpt lat="46.250130000000006" lon="12.020850000000001">
        <time>2026-08-19T18:02:29Z</time>
      </trkpt>
      <trkpt lat="46.25012" lon="12.020850000000001">
        <time>2026-08-19T18:02:30Z</time>
      </trkpt>
      <trkpt lat="46.2501" lon="12.020840000000002">
        <time>2026-08-19T18:02:31Z</time>
      </trkpt>
      <trkpt lat="46.250080000000004" lon="12.020840000000002">
        <time>2026-08-19T18:02:33Z</time>
      </trkpt>
      <trkpt lat="46.250080000000004" lon="12.020840000000002">
        <time>2026-08-19T18:02:33Z</time>
      </trkpt>
      <trkpt lat="46.250060000000005" lon="12.020840000000002">
        <time>2026-08-19T18:02:34Z</time>
      </trkpt>
      <trkpt lat="46.25005" lon="12.020840000000002">
        <time>2026-08-19T18:02:35Z</time>
      </trkpt>
      <trkpt lat="46.250040000000006" lon="12.020840000000002">
        <time>2026-08-19T18:02:35Z</time>
      </trkpt>
      <trkpt lat="46.25003" lon="12.020840000000002">
        <time>2026-08-19T18:02:36Z</time>
      </trkpt>
      <trkpt lat="46.250020000000006" lon="12.020840000000002">
        <time>2026-08-19T18:02:37Z</time>
      </trkpt>
      <trkpt lat="46.25001" lon="12.020840000000002">
        <time>2026-08-19T18:02:38Z</time>
      </trkpt>
      <trkpt lat="46.249990000000004" lon="12.020840000000002">
        <time>2026-08-19T18:02:39Z</time>
      </trkpt>
      <trkpt lat="46.24998" lon="12.020840000000002">
        <time>2026-08-19T18:02:40Z</time>
      </trkpt>
      <trkpt lat="46.249970000000005" lon="12.020840000000002">
        <time>2026-08-19T18:02:40Z</time>
      </trkpt>
      <trkpt lat="46.249950000000005" lon="12.020840000000002">
        <time>2026-08-19T18:02:42Z</time>
      </trkpt>
      <trkpt lat="46.24994" lon="12.020840000000002">
        <time>2026-08-19T18:02:43Z</time>
      </trkpt>
      <trkpt lat="46.24992" lon="12.02083">
        <time>2026-08-19T18:02:44Z</time>
      </trkpt>
      <trkpt lat="46.24991000000001" lon="12.02082">
        <time>2026-08-19T18:02:45Z</time>
      </trkpt>
      <trkpt lat="46.24991000000001" lon="12.02082">
        <time>2026-08-19T18:02:45Z</time>
      </trkpt>
      <trkpt lat="46.24991000000001" lon="12.02082">
        <time>2026-08-19T18:02:45Z</time>
      </trkpt>
      <trkpt lat="46.24991000000001" lon="12.02082">
        <time>2026-08-19T18:02:45Z</time>
      </trkpt>
      <trkpt lat="46.24991000000001" lon="12.02082">
        <time>2026-08-19T18:02:45Z</time>
      </trkpt>
      <trkpt lat="46.24991000000001" lon="12.02082">
        <time>2026-08-19T18:02:45Z</time>
      </trkpt>
      <trkpt lat="46.24991000000001" lon="12.02082">
        <time>2026-08-19T18:02:45Z</time>
      </trkpt>
      <trkpt lat="46.24991000000001" lon="12.02083">
        <time>2026-08-19T18:02:45Z</time>
      </trkpt>
      <trkpt lat="46.24991000000001" lon="12.020840000000002">
        <time>2026-08-19T18:02:46Z</time>
      </trkpt>
      <trkpt lat="46.249900000000004" lon="12.020850000000001">
        <time>2026-08-19T18:02:47Z</time>
      </trkpt>
      <trkpt lat="46.249900000000004" lon="12.02086">
        <time>2026-08-19T18:02:47Z</time>
      </trkpt>
      <trkpt lat="46.24989" lon="12.020880000000002">
        <time>2026-08-19T18:02:48Z</time>
      </trkpt>
      <trkpt lat="46.249880000000005" lon="12.020900000000001">
        <time>2026-08-19T18:02:50Z</time>
      </trkpt>
      <trkpt lat="46.24987" lon="12.02092">
        <time>2026-08-19T18:02:51Z</time>
      </trkpt>
      <trkpt lat="46.249860000000005" lon="12.020940000000001">
        <time>2026-08-19T18:02:52Z</time>
      </trkpt>
      <trkpt lat="46.24985" lon="12.02097">
        <time>2026-08-19T18:02:54Z</time>
      </trkpt>
      <trkpt lat="46.249840000000006" lon="12.020990000000001">
        <time>2026-08-19T18:02:55Z</time>
      </trkpt>
      <trkpt lat="46.24983" lon="12.02101">
        <time>2026-08-19T18:02:56Z</time>
      </trkpt>
      <trkpt lat="46.24983" lon="12.021030000000001">
        <time>2026-08-19T18:02:57Z</time>
      </trkpt>
      <trkpt lat="46.24982000000001" lon="12.02105">
        <time>2026-08-19T18:02:58Z</time>
      </trkpt>
      <trkpt lat="46.249810000000004" lon="12.021080000000001">
        <time>2026-08-19T18:03:00Z</time>
      </trkpt>
      <trkpt lat="46.249810000000004" lon="12.0211">
        <time>2026-08-19T18:03:01Z</time>
      </trkpt>
      <trkpt lat="46.2498" lon="12.021130000000001">
        <time>2026-08-19T18:03:03Z</time>
      </trkpt>
      <trkpt lat="46.2498" lon="12.02115">
        <time>2026-08-19T18:03:04Z</time>
      </trkpt>
      <trkpt lat="46.2498" lon="12.021170000000001">
        <time>2026-08-19T18:03:04Z</time>
      </trkpt>
      <trkpt lat="46.249790000000004" lon="12.0212">
        <time>2026-08-19T18:03:06Z</time>
      </trkpt>
      <trkpt lat="46.249790000000004" lon="12.021220000000001">
        <time>2026-08-19T18:03:07Z</time>
      </trkpt>
      <trkpt lat="46.249790000000004" lon="12.02124">
        <time>2026-08-19T18:03:08Z</time>
      </trkpt>
      <trkpt lat="46.24978" lon="12.021270000000001">
        <time>2026-08-19T18:03:10Z</time>
      </trkpt>
      <trkpt lat="46.24978" lon="12.02129">
        <time>2026-08-19T18:03:11Z</time>
      </trkpt>
      <trkpt lat="46.24978" lon="12.021310000000001">
        <time>2026-08-19T18:03:12Z</time>
      </trkpt>
      <trkpt lat="46.249770000000005" lon="12.02133">
        <time>2026-08-19T18:03:13Z</time>
      </trkpt>
      <trkpt lat="46.24976" lon="12.021350000000002">
        <time>2026-08-19T18:03:14Z</time>
      </trkpt>
      <trkpt lat="46.24976" lon="12.021370000000001">
        <time>2026-08-19T18:03:15Z</time>
      </trkpt>
      <trkpt lat="46.249750000000006" lon="12.02139">
        <time>2026-08-19T18:03:16Z</time>
      </trkpt>
      <trkpt lat="46.24974" lon="12.021410000000001">
        <time>2026-08-19T18:03:17Z</time>
      </trkpt>
      <trkpt lat="46.24974" lon="12.02143">
        <time>2026-08-19T18:03:18Z</time>
      </trkpt>
      <trkpt lat="46.24972" lon="12.02144">
        <time>2026-08-19T18:03:20Z</time>
      </trkpt>
      <trkpt lat="46.24971" lon="12.021450000000002">
        <time>2026-08-19T18:03:21Z</time>
      </trkpt>
      <trkpt lat="46.249700000000004" lon="12.021460000000001">
        <time>2026-08-19T18:03:22Z</time>
      </trkpt>
      <trkpt lat="46.249680000000005" lon="12.02147">
        <time>2026-08-19T18:03:23Z</time>
      </trkpt>
      <trkpt lat="46.249660000000006" lon="12.02148">
        <time>2026-08-19T18:03:25Z</time>
      </trkpt>
      <trkpt lat="46.24964000000001" lon="12.02148">
        <time>2026-08-19T18:03:26Z</time>
      </trkpt>
      <trkpt lat="46.24963" lon="12.02148">
        <time>2026-08-19T18:03:27Z</time>
      </trkpt>
      <trkpt lat="46.249610000000004" lon="12.02148">
        <time>2026-08-19T18:03:28Z</time>
      </trkpt>
      <trkpt lat="46.249590000000005" lon="12.02148">
        <time>2026-08-19T18:03:30Z</time>
      </trkpt>
      <trkpt lat="46.249570000000006" lon="12.02148">
        <time>2026-08-19T18:03:31Z</time>
      </trkpt>
      <trkpt lat="46.24956" lon="12.02148">
        <time>2026-08-19T18:03:32Z</time>
      </trkpt>
      <trkpt lat="46.24954" lon="12.02147">
        <time>2026-08-19T18:03:33Z</time>
      </trkpt>
      <trkpt lat="46.24953000000001" lon="12.021460000000001">
        <time>2026-08-19T18:03:34Z</time>
      </trkpt>
      <trkpt lat="46.249520000000004" lon="12.021460000000001">
        <time>2026-08-19T18:03:35Z</time>
      </trkpt>
      <trkpt lat="46.249500000000005" lon="12.021450000000002">
        <time>2026-08-19T18:03:36Z</time>
      </trkpt>
      <trkpt lat="46.249480000000005" lon="12.021450000000002">
        <time>2026-08-19T18:03:38Z</time>
      </trkpt>
      <trkpt lat="46.24947" lon="12.02144">
        <time>2026-08-19T18:03:39Z</time>
      </trkpt>
      <trkpt lat="46.249460000000006" lon="12.02143">
        <time>2026-08-19T18:03:39Z</time>
      </trkpt>
      <trkpt lat="46.24944000000001" lon="12.02143">
        <time>2026-08-19T18:03:41Z</time>
      </trkpt>
      <trkpt lat="46.249430000000004" lon="12.02142">
        <time>2026-08-19T18:03:42Z</time>
      </trkpt>
      <trkpt lat="46.249410000000005" lon="12.02142">
        <time>2026-08-19T18:03:43Z</time>
      </trkpt>
      <trkpt lat="46.2494" lon="12.02142">
        <time>2026-08-19T18:03:44Z</time>
      </trkpt>
      <trkpt lat="46.249390000000005" lon="12.021410000000001">
        <time>2026-08-19T18:03:45Z</time>
      </trkpt>
      <trkpt lat="46.249370000000006" lon="12.021400000000002">
        <time>2026-08-19T18:03:46Z</time>
      </trkpt>
      <trkpt lat="46.24936" lon="12.021400000000002">
        <time>2026-08-19T18:03:47Z</time>
      </trkpt>
      <trkpt lat="46.249340000000004" lon="12.02139">
        <time>2026-08-19T18:03:48Z</time>
      </trkpt>
      <trkpt lat="46.24933" lon="12.02138">
        <time>2026-08-19T18:03:49Z</time>
      </trkpt>
      <trkpt lat="46.24931" lon="12.02138">
        <time>2026-08-19T18:03:51Z</time>
      </trkpt>
      <trkpt lat="46.249300000000005" lon="12.021370000000001">
        <time>2026-08-19T18:03:51Z</time>
      </trkpt>
      <trkpt lat="46.24929" lon="12.021360000000001">
        <time>2026-08-19T18:03:52Z</time>
      </trkpt>
      <trkpt lat="46.24927" lon="12.021360000000001">
        <time>2026-08-19T18:03:54Z</time>
      </trkpt>
      <trkpt lat="46.24926000000001" lon="12.021350000000002">
        <time>2026-08-19T18:03:55Z</time>
      </trkpt>
      <trkpt lat="46.24924" lon="12.021350000000002">
        <time>2026-08-19T18:03:56Z</time>
      </trkpt>
      <trkpt lat="46.249230000000004" lon="12.02134">
        <time>2026-08-19T18:03:57Z</time>
      </trkpt>
      <trkpt lat="46.24922" lon="12.02134">
        <time>2026-08-19T18:03:58Z</time>
      </trkpt>
      <trkpt lat="46.2492" lon="12.02133">
        <time>2026-08-19T18:03:59Z</time>
      </trkpt>
      <trkpt lat="46.249190000000006" lon="12.021320000000001">
        <time>2026-08-19T18:04:00Z</time>
      </trkpt>
      <trkpt lat="46.24918" lon="12.021320000000001">
        <time>2026-08-19T18:04:01Z</time>
      </trkpt>
      <trkpt lat="46.24916" lon="12.021320000000001">
        <time>2026-08-19T18:04:02Z</time>
      </trkpt>
      <trkpt lat="46.24915000000001" lon="12.021310000000001">
        <time>2026-08-19T18:04:03Z</time>
      </trkpt>
      <trkpt lat="46.24913" lon="12.0213">
        <time>2026-08-19T18:04:04Z</time>
      </trkpt>
      <trkpt lat="46.249120000000005" lon="12.0213">
        <time>2026-08-19T18:04:05Z</time>
      </trkpt>
      <trkpt lat="46.249100000000006" lon="12.0213">
        <time>2026-08-19T18:04:07Z</time>
      </trkpt>
      <trkpt lat="46.24909" lon="12.02129">
        <time>2026-08-19T18:04:07Z</time>
      </trkpt>
      <trkpt lat="46.249080000000006" lon="12.02129">
        <time>2026-08-19T18:04:08Z</time>
      </trkpt>
      <trkpt lat="46.24906000000001" lon="12.02128">
        <time>2026-08-19T18:04:10Z</time>
      </trkpt>
      <trkpt lat="46.249050000000004" lon="12.02128">
        <time>2026-08-19T18:04:10Z</time>
      </trkpt>
      <trkpt lat="46.24904" lon="12.021270000000001">
        <time>2026-08-19T18:04:11Z</time>
      </trkpt>
      <trkpt lat="46.24902" lon="12.021260000000002">
        <time>2026-08-19T18:04:13Z</time>
      </trkpt>
      <trkpt lat="46.249010000000006" lon="12.021260000000002">
        <time>2026-08-19T18:04:13Z</time>
      </trkpt>
      <trkpt lat="46.248990000000006" lon="12.02125">
        <time>2026-08-19T18:04:15Z</time>
      </trkpt>
      <trkpt lat="46.24898" lon="12.02124">
        <time>2026-08-19T18:04:16Z</time>
      </trkpt>
      <trkpt lat="46.24897000000001" lon="12.02124">
        <time>2026-08-19T18:04:16Z</time>
      </trkpt>
      <trkpt lat="46.24895" lon="12.021230000000001">
        <time>2026-08-19T18:04:18Z</time>
      </trkpt>
      <trkpt lat="46.248940000000005" lon="12.021220000000001">
        <time>2026-08-19T18:04:19Z</time>
      </trkpt>
      <trkpt lat="46.248920000000005" lon="12.021220000000001">
        <time>2026-08-19T18:04:20Z</time>
      </trkpt>
      <trkpt lat="46.24891" lon="12.021210000000002">
        <time>2026-08-19T18:04:21Z</time>
      </trkpt>
      <trkpt lat="46.248900000000006" lon="12.021210000000002">
        <time>2026-08-19T18:04:22Z</time>
      </trkpt>
      <trkpt lat="46.24888000000001" lon="12.0212">
        <time>2026-08-19T18:04:23Z</time>
      </trkpt>
      <trkpt lat="46.24886" lon="12.02119">
        <time>2026-08-19T18:04:25Z</time>
      </trkpt>
      <trkpt lat="46.24886" lon="12.02119">
        <time>2026-08-19T18:04:25Z</time>
      </trkpt>
      <trkpt lat="46.24884" lon="12.02119">
        <time>2026-08-19T18:04:26Z</time>
      </trkpt>
      <trkpt lat="46.248830000000005" lon="12.021180000000001">
        <time>2026-08-19T18:04:27Z</time>
      </trkpt>
      <trkpt lat="46.248810000000006" lon="12.021180000000001">
        <time>2026-08-19T18:04:28Z</time>
      </trkpt>
      <trkpt lat="46.2488" lon="12.021170000000001">
        <time>2026-08-19T18:04:29Z</time>
      </trkpt>
      <trkpt lat="46.24879000000001" lon="12.021170000000001">
        <time>2026-08-19T18:04:30Z</time>
      </trkpt>
      <trkpt lat="46.24877" lon="12.021160000000002">
        <time>2026-08-19T18:04:32Z</time>
      </trkpt>
      <trkpt lat="46.248760000000004" lon="12.02115">
        <time>2026-08-19T18:04:32Z</time>
      </trkpt>
      <trkpt lat="46.248740000000005" lon="12.02114">
        <time>2026-08-19T18:04:34Z</time>
      </trkpt>
      <trkpt lat="46.24873" lon="12.02114">
        <time>2026-08-19T18:04:35Z</time>
      </trkpt>
      <trkpt lat="46.24871" lon="12.021130000000001">
        <time>2026-08-19T18:04:36Z</time>
      </trkpt>
      <trkpt lat="46.24870000000001" lon="12.021120000000002">
        <time>2026-08-19T18:04:37Z</time>
      </trkpt>
      <trkpt lat="46.24869" lon="12.021120000000002">
        <time>2026-08-19T18:04:38Z</time>
      </trkpt>
      <trkpt lat="46.248670000000004" lon="12.02111">
        <time>2026-08-19T18:04:39Z</time>
      </trkpt>
      <trkpt lat="46.24866" lon="12.0211">
        <time>2026-08-19T18:04:40Z</time>
      </trkpt>
      <trkpt lat="46.248650000000005" lon="12.0211">
        <time>2026-08-19T18:04:41Z</time>
      </trkpt>
      <trkpt lat="46.248630000000006" lon="12.021090000000001">
        <time>2026-08-19T18:04:42Z</time>
      </trkpt>
      <trkpt lat="46.24862" lon="12.021080000000001">
        <time>2026-08-19T18:04:43Z</time>
      </trkpt>
      <trkpt lat="46.248610000000006" lon="12.021070000000002">
        <time>2026-08-19T18:04:44Z</time>
      </trkpt>
      <trkpt lat="46.24859000000001" lon="12.02106">
        <time>2026-08-19T18:04:45Z</time>
      </trkpt>
      <trkpt lat="46.248580000000004" lon="12.02106">
        <time>2026-08-19T18:04:46Z</time>
      </trkpt>
      <trkpt lat="46.24857" lon="12.02105">
        <time>2026-08-19T18:04:47Z</time>
      </trkpt>
      <trkpt lat="46.24855" lon="12.021040000000001">
        <time>2026-08-19T18:04:48Z</time>
      </trkpt>
      <trkpt lat="46.248540000000006" lon="12.021040000000001">
        <time>2026-08-19T18:04:49Z</time>
      </trkpt>
      <trkpt lat="46.24853" lon="12.021030000000001">
        <time>2026-08-19T18:04:50Z</time>
      </trkpt>
      <trkpt lat="46.248520000000006" lon="12.021020000000002">
        <time>2026-08-19T18:04:51Z</time>
      </trkpt>
      <trkpt lat="46.24850000000001" lon="12.021020000000002">
        <time>2026-08-19T18:04:52Z</time>
      </trkpt>
      <trkpt lat="46.248490000000004" lon="12.02101">
        <time>2026-08-19T18:04:53Z</time>
      </trkpt>
      <trkpt lat="46.24848" lon="12.021">
        <time>2026-08-19T18:04:54Z</time>
      </trkpt>
      <trkpt lat="46.248470000000005" lon="12.021">
        <time>2026-08-19T18:04:55Z</time>
      </trkpt>
      <trkpt lat="46.248450000000005" lon="12.020990000000001">
        <time>2026-08-19T18:04:56Z</time>
      </trkpt>
      <trkpt lat="46.24844" lon="12.020980000000002">
        <time>2026-08-19T18:04:57Z</time>
      </trkpt>
      <trkpt lat="46.24842" lon="12.02097">
        <time>2026-08-19T18:04:59Z</time>
      </trkpt>
      <trkpt lat="46.24841000000001" lon="12.02097">
        <time>2026-08-19T18:04:59Z</time>
      </trkpt>
      <trkpt lat="46.248400000000004" lon="12.02096">
        <time>2026-08-19T18:05:00Z</time>
      </trkpt>
      <trkpt lat="46.24839" lon="12.020950000000001">
        <time>2026-08-19T18:05:01Z</time>
      </trkpt>
      <trkpt lat="46.248380000000004" lon="12.020940000000001">
        <time>2026-08-19T18:05:02Z</time>
      </trkpt>
      <trkpt lat="46.248360000000005" lon="12.020940000000001">
        <time>2026-08-19T18:05:03Z</time>
      </trkpt>
      <trkpt lat="46.24835" lon="12.020930000000002">
        <time>2026-08-19T18:05:04Z</time>
      </trkpt>
      <trkpt lat="46.248340000000006" lon="12.02092">
        <time>2026-08-19T18:05:05Z</time>
      </trkpt>
      <trkpt lat="46.24833" lon="12.02091">
        <time>2026-08-19T18:05:06Z</time>
      </trkpt>
      <trkpt lat="46.24832000000001" lon="12.020900000000001">
        <time>2026-08-19T18:05:07Z</time>
      </trkpt>
      <trkpt lat="46.248310000000004" lon="12.020890000000001">
        <time>2026-08-19T18:05:08Z</time>
      </trkpt>
      <trkpt lat="46.2483" lon="12.020880000000002">
        <time>2026-08-19T18:05:08Z</time>
      </trkpt>
      <trkpt lat="46.24828" lon="12.020880000000002">
        <time>2026-08-19T18:05:10Z</time>
      </trkpt>
      <trkpt lat="46.248270000000005" lon="12.02087">
        <time>2026-08-19T18:05:11Z</time>
      </trkpt>
      <trkpt lat="46.24826" lon="12.02086">
        <time>2026-08-19T18:05:12Z</time>
      </trkpt>
      <trkpt lat="46.248250000000006" lon="12.02086">
        <time>2026-08-19T18:05:12Z</time>
      </trkpt>
      <trkpt lat="46.24824" lon="12.020850000000001">
        <time>2026-08-19T18:05:13Z</time>
      </trkpt>
      <trkpt lat="46.24822" lon="12.020840000000002">
        <time>2026-08-19T18:05:15Z</time>
      </trkpt>
      <trkpt lat="46.24821" lon="12.020840000000002">
        <time>2026-08-19T18:05:15Z</time>
      </trkpt>
      <trkpt lat="46.248200000000004" lon="12.02083">
        <time>2026-08-19T18:05:16Z</time>
      </trkpt>
      <trkpt lat="46.248180000000005" lon="12.02082">
        <time>2026-08-19T18:05:18Z</time>
      </trkpt>
      <trkpt lat="46.24817" lon="12.02082">
        <time>2026-08-19T18:05:18Z</time>
      </trkpt>
      <trkpt lat="46.248160000000006" lon="12.02081">
        <time>2026-08-19T18:05:19Z</time>
      </trkpt>
      <trkpt lat="46.24814000000001" lon="12.020800000000001">
        <time>2026-08-19T18:05:21Z</time>
      </trkpt>
      <trkpt lat="46.24813" lon="12.020800000000001">
        <time>2026-08-19T18:05:21Z</time>
      </trkpt>
      <trkpt lat="46.24812000000001" lon="12.020790000000002">
        <time>2026-08-19T18:05:22Z</time>
      </trkpt>
      <trkpt lat="46.2481" lon="12.02078">
        <time>2026-08-19T18:05:24Z</time>
      </trkpt>
      <trkpt lat="46.248090000000005" lon="12.02078">
        <time>2026-08-19T18:05:25Z</time>
      </trkpt>
      <trkpt lat="46.24808" lon="12.02077">
        <time>2026-08-19T18:05:25Z</time>
      </trkpt>
      <trkpt lat="46.248070000000006" lon="12.020760000000001">
        <time>2026-08-19T18:05:26Z</time>
      </trkpt>
      <trkpt lat="46.248050000000006" lon="12.020750000000001">
        <time>2026-08-19T18:05:28Z</time>
      </trkpt>
      <trkpt lat="46.24804" lon="12.020740000000002">
        <time>2026-08-19T18:05:29Z</time>
      </trkpt>
      <trkpt lat="46.248020000000004" lon="12.02073">
        <time>2026-08-19T18:05:30Z</time>
      </trkpt>
      <trkpt lat="46.24801" lon="12.02072">
        <time>2026-08-19T18:05:31Z</time>
      </trkpt>
      <trkpt lat="46.248000000000005" lon="12.020710000000001">
        <time>2026-08-19T18:05:32Z</time>
      </trkpt>
      <trkpt lat="46.24799" lon="12.020700000000001">
        <time>2026-08-19T18:05:33Z</time>
      </trkpt>
      <trkpt lat="46.247980000000005" lon="12.02069">
        <time>2026-08-19T18:05:34Z</time>
      </trkpt>
      <trkpt lat="46.24797" lon="12.02068">
        <time>2026-08-19T18:05:34Z</time>
      </trkpt>
      <trkpt lat="46.247960000000006" lon="12.02067">
        <time>2026-08-19T18:05:35Z</time>
      </trkpt>
      <trkpt lat="46.24794000000001" lon="12.020660000000001">
        <time>2026-08-19T18:05:37Z</time>
      </trkpt>
      <trkpt lat="46.247930000000004" lon="12.02064">
        <time>2026-08-19T18:05:38Z</time>
      </trkpt>
      <trkpt lat="46.24792" lon="12.02063">
        <time>2026-08-19T18:05:39Z</time>
      </trkpt>
      <trkpt lat="46.247910000000005" lon="12.020620000000001">
        <time>2026-08-19T18:05:40Z</time>
      </trkpt>
      <trkpt lat="46.2479" lon="12.020610000000001">
        <time>2026-08-19T18:05:41Z</time>
      </trkpt>
      <trkpt lat="46.247890000000005" lon="12.02059">
        <time>2026-08-19T18:05:42Z</time>
      </trkpt>
      <trkpt lat="46.24788" lon="12.02058">
        <time>2026-08-19T18:05:43Z</time>
      </trkpt>
      <trkpt lat="46.24786" lon="12.020560000000001">
        <time>2026-08-19T18:05:44Z</time>
      </trkpt>
      <trkpt lat="46.24785000000001" lon="12.02054">
        <time>2026-08-19T18:05:46Z</time>
      </trkpt>
      <trkpt lat="46.247840000000004" lon="12.02053">
        <time>2026-08-19T18:05:46Z</time>
      </trkpt>
      <trkpt lat="46.24783" lon="12.020510000000002">
        <time>2026-08-19T18:05:48Z</time>
      </trkpt>
      <trkpt lat="46.247820000000004" lon="12.0205">
        <time>2026-08-19T18:05:48Z</time>
      </trkpt>
      <trkpt lat="46.24781" lon="12.020480000000001">
        <time>2026-08-19T18:05:50Z</time>
      </trkpt>
      <trkpt lat="46.247800000000005" lon="12.020470000000001">
        <time>2026-08-19T18:05:51Z</time>
      </trkpt>
      <trkpt lat="46.24779" lon="12.02045">
        <time>2026-08-19T18:05:52Z</time>
      </trkpt>
      <trkpt lat="46.24777" lon="12.02044">
        <time>2026-08-19T18:05:53Z</time>
      </trkpt>
      <trkpt lat="46.24776000000001" lon="12.020420000000001">
        <time>2026-08-19T18:05:54Z</time>
      </trkpt>
      <trkpt lat="46.24775" lon="12.020410000000002">
        <time>2026-08-19T18:05:55Z</time>
      </trkpt>
      <trkpt lat="46.247730000000004" lon="12.0204">
        <time>2026-08-19T18:05:57Z</time>
      </trkpt>
      <trkpt lat="46.24772" lon="12.020380000000001">
        <time>2026-08-19T18:05:58Z</time>
      </trkpt>
      <trkpt lat="46.247710000000005" lon="12.020370000000002">
        <time>2026-08-19T18:05:59Z</time>
      </trkpt>
      <trkpt lat="46.2477" lon="12.02036">
        <time>2026-08-19T18:06:00Z</time>
      </trkpt>
      <trkpt lat="46.24768" lon="12.020340000000001">
        <time>2026-08-19T18:06:01Z</time>
      </trkpt>
      <trkpt lat="46.24767000000001" lon="12.020330000000001">
        <time>2026-08-19T18:06:02Z</time>
      </trkpt>
      <trkpt lat="46.24766" lon="12.02031">
        <time>2026-08-19T18:06:04Z</time>
      </trkpt>
      <trkpt lat="46.24765000000001" lon="12.0203">
        <time>2026-08-19T18:06:04Z</time>
      </trkpt>
      <trkpt lat="46.247640000000004" lon="12.020290000000001">
        <time>2026-08-19T18:06:05Z</time>
      </trkpt>
      <trkpt lat="46.247620000000005" lon="12.020270000000002">
        <time>2026-08-19T18:06:07Z</time>
      </trkpt>
      <trkpt lat="46.24761" lon="12.02026">
        <time>2026-08-19T18:06:08Z</time>
      </trkpt>
      <trkpt lat="46.247600000000006" lon="12.02025">
        <time>2026-08-19T18:06:09Z</time>
      </trkpt>
      <trkpt lat="46.247580000000006" lon="12.020240000000001">
        <time>2026-08-19T18:06:10Z</time>
      </trkpt>
      <trkpt lat="46.24757" lon="12.020230000000002">
        <time>2026-08-19T18:06:11Z</time>
      </trkpt>
      <trkpt lat="46.24756000000001" lon="12.02022">
        <time>2026-08-19T18:06:12Z</time>
      </trkpt>
      <trkpt lat="46.24754" lon="12.02021">
        <time>2026-08-19T18:06:13Z</time>
      </trkpt>
      <trkpt lat="46.247530000000005" lon="12.0202">
        <time>2026-08-19T18:06:14Z</time>
      </trkpt>
      <trkpt lat="46.247510000000005" lon="12.020180000000002">
        <time>2026-08-19T18:06:16Z</time>
      </trkpt>
      <trkpt lat="46.2475" lon="12.020180000000002">
        <time>2026-08-19T18:06:17Z</time>
      </trkpt>
      <trkpt lat="46.24748" lon="12.02017">
        <time>2026-08-19T18:06:18Z</time>
      </trkpt>
      <trkpt lat="46.24747000000001" lon="12.02016">
        <time>2026-08-19T18:06:19Z</time>
      </trkpt>
      <trkpt lat="46.24745" lon="12.020150000000001">
        <time>2026-08-19T18:06:21Z</time>
      </trkpt>
      <trkpt lat="46.247440000000005" lon="12.020140000000001">
        <time>2026-08-19T18:06:21Z</time>
      </trkpt>
      <trkpt lat="46.247420000000005" lon="12.020140000000001">
        <time>2026-08-19T18:06:23Z</time>
      </trkpt>
      <trkpt lat="46.24741" lon="12.020130000000002">
        <time>2026-08-19T18:06:24Z</time>
      </trkpt>
      <trkpt lat="46.247400000000006" lon="12.02012">
        <time>2026-08-19T18:06:25Z</time>
      </trkpt>
      <trkpt lat="46.24738000000001" lon="12.02012">
        <time>2026-08-19T18:06:26Z</time>
      </trkpt>
      <trkpt lat="46.24736" lon="12.02011">
        <time>2026-08-19T18:06:27Z</time>
      </trkpt>
      <trkpt lat="46.247350000000004" lon="12.020100000000001">
        <time>2026-08-19T18:06:28Z</time>
      </trkpt>
      <trkpt lat="46.24734" lon="12.020100000000001">
        <time>2026-08-19T18:06:29Z</time>
      </trkpt>
      <trkpt lat="46.247330000000005" lon="12.02008">
        <time>2026-08-19T18:06:30Z</time>
      </trkpt>
      <trkpt lat="46.247310000000006" lon="12.02008">
        <time>2026-08-19T18:06:32Z</time>
      </trkpt>
      <trkpt lat="46.2473" lon="12.02007">
        <time>2026-08-19T18:06:32Z</time>
      </trkpt>
      <trkpt lat="46.24729000000001" lon="12.02006">
        <time>2026-08-19T18:06:33Z</time>
      </trkpt>
      <trkpt lat="46.24727" lon="12.020050000000001">
        <time>2026-08-19T18:06:35Z</time>
      </trkpt>
      <trkpt lat="46.247260000000004" lon="12.020040000000002">
        <time>2026-08-19T18:06:36Z</time>
      </trkpt>
      <trkpt lat="46.24725" lon="12.02003">
        <time>2026-08-19T18:06:37Z</time>
      </trkpt>
      <trkpt lat="46.247220000000006" lon="12.020010000000001">
        <time>2026-08-19T18:06:39Z</time>
      </trkpt>
      <trkpt lat="46.247220000000006" lon="12.020010000000001">
        <time>2026-08-19T18:06:39Z</time>
      </trkpt>
      <trkpt lat="46.24721" lon="12.020000000000001">
        <time>2026-08-19T18:06:40Z</time>
      </trkpt>
      <trkpt lat="46.24720000000001" lon="12.019990000000002">
        <time>2026-08-19T18:06:41Z</time>
      </trkpt>
      <trkpt lat="46.24718000000001" lon="12.01998">
        <time>2026-08-19T18:06:42Z</time>
      </trkpt>
      <trkpt lat="46.247170000000004" lon="12.01998">
        <time>2026-08-19T18:06:43Z</time>
      </trkpt>
      <trkpt lat="46.24716" lon="12.019960000000001">
        <time>2026-08-19T18:06:44Z</time>
      </trkpt>
      <trkpt lat="46.24714" lon="12.019950000000001">
        <time>2026-08-19T18:06:46Z</time>
      </trkpt>
      <trkpt lat="46.247130000000006" lon="12.019940000000002">
        <time>2026-08-19T18:06:46Z</time>
      </trkpt>
      <trkpt lat="46.24712" lon="12.01993">
        <time>2026-08-19T18:06:47Z</time>
      </trkpt>
      <trkpt lat="46.247110000000006" lon="12.01992">
        <time>2026-08-19T18:06:48Z</time>
      </trkpt>
      <trkpt lat="46.24709000000001" lon="12.019910000000001">
        <time>2026-08-19T18:06:50Z</time>
      </trkpt>
      <trkpt lat="46.247080000000004" lon="12.019900000000002">
        <time>2026-08-19T18:06:50Z</time>
      </trkpt>
      <trkpt lat="46.24707" lon="12.01989">
        <time>2026-08-19T18:06:51Z</time>
      </trkpt>
      <trkpt lat="46.247060000000005" lon="12.019870000000001">
        <time>2026-08-19T18:06:53Z</time>
      </trkpt>
      <trkpt lat="46.247040000000005" lon="12.019860000000001">
        <time>2026-08-19T18:06:54Z</time>
      </trkpt>
      <trkpt lat="46.24703" lon="12.019850000000002">
        <time>2026-08-19T18:06:55Z</time>
      </trkpt>
      <trkpt lat="46.247020000000006" lon="12.01984">
        <time>2026-08-19T18:06:56Z</time>
      </trkpt>
      <trkpt lat="46.246990000000004" lon="12.019810000000001">
        <time>2026-08-19T18:06:58Z</time>
      </trkpt>
      <trkpt lat="46.246990000000004" lon="12.019810000000001">
        <time>2026-08-19T18:06:58Z</time>
      </trkpt>
      <trkpt lat="46.24698" lon="12.01979">
        <time>2026-08-19T18:07:00Z</time>
      </trkpt>
      <trkpt lat="46.246970000000005" lon="12.01978">
        <time>2026-08-19T18:07:00Z</time>
      </trkpt>
      <trkpt lat="46.24696" lon="12.019760000000002">
        <time>2026-08-19T18:07:02Z</time>
      </trkpt>
      <trkpt lat="46.246950000000005" lon="12.01975">
        <time>2026-08-19T18:07:02Z</time>
      </trkpt>
      <trkpt lat="46.24694" lon="12.019730000000001">
        <time>2026-08-19T18:07:04Z</time>
      </trkpt>
      <trkpt lat="46.246930000000006" lon="12.019720000000001">
        <time>2026-08-19T18:07:05Z</time>
      </trkpt>
      <trkpt lat="46.24692" lon="12.0197">
        <time>2026-08-19T18:07:06Z</time>
      </trkpt>
      <trkpt lat="46.24691000000001" lon="12.019680000000001">
        <time>2026-08-19T18:07:07Z</time>
      </trkpt>
      <trkpt lat="46.246900000000004" lon="12.019670000000001">
        <time>2026-08-19T18:07:08Z</time>
      </trkpt>
      <trkpt lat="46.24689" lon="12.01965">
        <time>2026-08-19T18:07:09Z</time>
      </trkpt>
      <trkpt lat="46.246880000000004" lon="12.01964">
        <time>2026-08-19T18:07:10Z</time>
      </trkpt>
      <trkpt lat="46.246860000000005" lon="12.019630000000001">
        <time>2026-08-19T18:07:11Z</time>
      </trkpt>
      <trkpt lat="46.24685" lon="12.01961">
        <time>2026-08-19T18:07:13Z</time>
      </trkpt>
      <trkpt lat="46.24683" lon="12.01959">
        <time>2026-08-19T18:07:14Z</time>
      </trkpt>
      <trkpt lat="46.24683" lon="12.01959">
        <time>2026-08-19T18:07:14Z</time>
      </trkpt>
      <trkpt lat="46.24682000000001" lon="12.019580000000001">
        <time>2026-08-19T18:07:15Z</time>
      </trkpt>
      <trkpt lat="46.2468" lon="12.01956">
        <time>2026-08-19T18:07:17Z</time>
      </trkpt>
      <trkpt lat="46.246790000000004" lon="12.01955">
        <time>2026-08-19T18:07:18Z</time>
      </trkpt>
      <trkpt lat="46.24678" lon="12.019540000000001">
        <time>2026-08-19T18:07:19Z</time>
      </trkpt>
      <trkpt lat="46.24676" lon="12.019530000000001">
        <time>2026-08-19T18:07:20Z</time>
      </trkpt>
      <trkpt lat="46.246750000000006" lon="12.01951">
        <time>2026-08-19T18:07:21Z</time>
      </trkpt>
      <trkpt lat="46.24674" lon="12.0195">
        <time>2026-08-19T18:07:22Z</time>
      </trkpt>
      <trkpt lat="46.24672" lon="12.019490000000001">
        <time>2026-08-19T18:07:24Z</time>
      </trkpt>
      <trkpt lat="46.24671000000001" lon="12.019480000000001">
        <time>2026-08-19T18:07:24Z</time>
      </trkpt>
      <trkpt lat="46.246700000000004" lon="12.01946">
        <time>2026-08-19T18:07:26Z</time>
      </trkpt>
      <trkpt lat="46.246680000000005" lon="12.01946">
        <time>2026-08-19T18:07:27Z</time>
      </trkpt>
      <trkpt lat="46.24667" lon="12.019440000000001">
        <time>2026-08-19T18:07:28Z</time>
      </trkpt>
      <trkpt lat="46.24665" lon="12.019430000000002">
        <time>2026-08-19T18:07:30Z</time>
      </trkpt>
      <trkpt lat="46.246640000000006" lon="12.01942">
        <time>2026-08-19T18:07:31Z</time>
      </trkpt>
      <trkpt lat="46.24662000000001" lon="12.01942">
        <time>2026-08-19T18:07:32Z</time>
      </trkpt>
      <trkpt lat="46.246610000000004" lon="12.019400000000001">
        <time>2026-08-19T18:07:33Z</time>
      </trkpt>
      <trkpt lat="46.246590000000005" lon="12.019390000000001">
        <time>2026-08-19T18:07:35Z</time>
      </trkpt>
      <trkpt lat="46.24658" lon="12.019380000000002">
        <time>2026-08-19T18:07:36Z</time>
      </trkpt>
      <trkpt lat="46.246570000000006" lon="12.01936">
        <time>2026-08-19T18:07:37Z</time>
      </trkpt>
      <trkpt lat="46.24656" lon="12.019350000000001">
        <time>2026-08-19T18:07:38Z</time>
      </trkpt>
      <trkpt lat="46.24654" lon="12.019340000000001">
        <time>2026-08-19T18:07:39Z</time>
      </trkpt>
      <trkpt lat="46.24653000000001" lon="12.01932">
        <time>2026-08-19T18:07:40Z</time>
      </trkpt>
      <trkpt lat="46.246520000000004" lon="12.01931">
        <time>2026-08-19T18:07:41Z</time>
      </trkpt>
      <trkpt lat="46.24651" lon="12.019300000000001">
        <time>2026-08-19T18:07:42Z</time>
      </trkpt>
      <trkpt lat="46.24649" lon="12.019290000000002">
        <time>2026-08-19T18:07:44Z</time>
      </trkpt>
      <trkpt lat="46.246480000000005" lon="12.01928">
        <time>2026-08-19T18:07:44Z</time>
      </trkpt>
      <trkpt lat="46.24647" lon="12.01927">
        <time>2026-08-19T18:07:45Z</time>
      </trkpt>
      <trkpt lat="46.246460000000006" lon="12.019260000000001">
        <time>2026-08-19T18:07:46Z</time>
      </trkpt>
      <trkpt lat="46.24644000000001" lon="12.019260000000001">
        <time>2026-08-19T18:07:48Z</time>
      </trkpt>
      <trkpt lat="46.24642" lon="12.019240000000002">
        <time>2026-08-19T18:07:49Z</time>
      </trkpt>
      <trkpt lat="46.24642" lon="12.019240000000002">
        <time>2026-08-19T18:07:49Z</time>
      </trkpt>
      <trkpt lat="46.246410000000004" lon="12.01923">
        <time>2026-08-19T18:07:50Z</time>
      </trkpt>
      <trkpt lat="46.246390000000005" lon="12.01922">
        <time>2026-08-19T18:07:52Z</time>
      </trkpt>
      <trkpt lat="46.24638" lon="12.01922">
        <time>2026-08-19T18:07:52Z</time>
      </trkpt>
      <trkpt lat="46.246370000000006" lon="12.019210000000001">
        <time>2026-08-19T18:07:53Z</time>
      </trkpt>
      <trkpt lat="46.24635000000001" lon="12.019200000000001">
        <time>2026-08-19T18:07:55Z</time>
      </trkpt>
      <trkpt lat="46.246340000000004" lon="12.019190000000002">
        <time>2026-08-19T18:07:56Z</time>
      </trkpt>
      <trkpt lat="46.24633" lon="12.01918">
        <time>2026-08-19T18:07:56Z</time>
      </trkpt>
      <trkpt lat="46.24631" lon="12.01917">
        <time>2026-08-19T18:07:58Z</time>
      </trkpt>
      <trkpt lat="46.246300000000005" lon="12.019160000000001">
        <time>2026-08-19T18:07:59Z</time>
      </trkpt>
      <trkpt lat="46.246280000000006" lon="12.019160000000001">
        <time>2026-08-19T18:08:00Z</time>
      </trkpt>
      <trkpt lat="46.24627" lon="12.019150000000002">
        <time>2026-08-19T18:08:01Z</time>
      </trkpt>
      <trkpt lat="46.24626000000001" lon="12.01914">
        <time>2026-08-19T18:08:02Z</time>
      </trkpt>
      <trkpt lat="46.24624" lon="12.01914">
        <time>2026-08-19T18:08:03Z</time>
      </trkpt>
      <trkpt lat="46.246230000000004" lon="12.01913">
        <time>2026-08-19T18:08:04Z</time>
      </trkpt>
      <trkpt lat="46.24622" lon="12.01913">
        <time>2026-08-19T18:08:05Z</time>
      </trkpt>
      <trkpt lat="46.2462" lon="12.01913">
        <time>2026-08-19T18:08:06Z</time>
      </trkpt>
      <trkpt lat="46.246190000000006" lon="12.019120000000001">
        <time>2026-08-19T18:08:07Z</time>
      </trkpt>
      <trkpt lat="46.24616" lon="12.019120000000001">
        <time>2026-08-19T18:08:09Z</time>
      </trkpt>
      <trkpt lat="46.24615000000001" lon="12.019110000000001">
        <time>2026-08-19T18:08:10Z</time>
      </trkpt>
      <trkpt lat="46.24615000000001" lon="12.019110000000001">
        <time>2026-08-19T18:08:10Z</time>
      </trkpt>
      <trkpt lat="46.24613" lon="12.019110000000001">
        <time>2026-08-19T18:08:12Z</time>
      </trkpt>
      <trkpt lat="46.24611" lon="12.019100000000002">
        <time>2026-08-19T18:08:13Z</time>
      </trkpt>
      <trkpt lat="46.24611" lon="12.019100000000002">
        <time>2026-08-19T18:08:13Z</time>
      </trkpt>
      <trkpt lat="46.24609" lon="12.01909">
        <time>2026-08-19T18:08:15Z</time>
      </trkpt>
      <trkpt lat="46.24607" lon="12.01908">
        <time>2026-08-19T18:08:16Z</time>
      </trkpt>
      <trkpt lat="46.24607" lon="12.01908">
        <time>2026-08-19T18:08:16Z</time>
      </trkpt>
      <trkpt lat="46.24604" lon="12.019070000000001">
        <time>2026-08-19T18:08:18Z</time>
      </trkpt>
      <trkpt lat="46.246030000000005" lon="12.019060000000001">
        <time>2026-08-19T18:08:19Z</time>
      </trkpt>
      <trkpt lat="46.246030000000005" lon="12.019060000000001">
        <time>2026-08-19T18:08:19Z</time>
      </trkpt>
      <trkpt lat="46.24602" lon="12.019050000000002">
        <time>2026-08-19T18:08:20Z</time>
      </trkpt>
      <trkpt lat="46.246010000000005" lon="12.01904">
        <time>2026-08-19T18:08:21Z</time>
      </trkpt>
      <trkpt lat="46.246" lon="12.019020000000001">
        <time>2026-08-19T18:08:22Z</time>
      </trkpt>
      <trkpt lat="46.24597000000001" lon="12.01899">
        <time>2026-08-19T18:08:25Z</time>
      </trkpt>
      <trkpt lat="46.245960000000004" lon="12.01898">
        <time>2026-08-19T18:08:26Z</time>
      </trkpt>
      <trkpt lat="46.245960000000004" lon="12.01898">
        <time>2026-08-19T18:08:26Z</time>
      </trkpt>
      <trkpt lat="46.24595" lon="12.018960000000002">
        <time>2026-08-19T18:08:27Z</time>
      </trkpt>
      <trkpt lat="46.245940000000004" lon="12.01894">
        <time>2026-08-19T18:08:28Z</time>
      </trkpt>
      <trkpt lat="46.24593" lon="12.018920000000001">
        <time>2026-08-19T18:08:29Z</time>
      </trkpt>
      <trkpt lat="46.245920000000005" lon="12.018880000000001">
        <time>2026-08-19T18:08:31Z</time>
      </trkpt>
      <trkpt lat="46.245920000000005" lon="12.018880000000001">
        <time>2026-08-19T18:08:31Z</time>
      </trkpt>
      <trkpt lat="46.245920000000005" lon="12.01886">
        <time>2026-08-19T18:08:32Z</time>
      </trkpt>
      <trkpt lat="46.24591" lon="12.01884">
        <time>2026-08-19T18:08:33Z</time>
      </trkpt>
      <trkpt lat="46.24591" lon="12.0188">
        <time>2026-08-19T18:08:35Z</time>
      </trkpt>
      <trkpt lat="46.245900000000006" lon="12.018780000000001">
        <time>2026-08-19T18:08:37Z</time>
      </trkpt>
      <trkpt lat="46.245900000000006" lon="12.018780000000001">
        <time>2026-08-19T18:08:37Z</time>
      </trkpt>
      <trkpt lat="46.245900000000006" lon="12.01875">
        <time>2026-08-19T18:08:38Z</time>
      </trkpt>
      <trkpt lat="46.24589" lon="12.018740000000001">
        <time>2026-08-19T18:08:39Z</time>
      </trkpt>
      <trkpt lat="46.24589" lon="12.018720000000002">
        <time>2026-08-19T18:08:40Z</time>
      </trkpt>
      <trkpt lat="46.24588000000001" lon="12.0187">
        <time>2026-08-19T18:08:41Z</time>
      </trkpt>
      <trkpt lat="46.245870000000004" lon="12.018680000000002">
        <time>2026-08-19T18:08:42Z</time>
      </trkpt>
      <trkpt lat="46.24586" lon="12.01866">
        <time>2026-08-19T18:08:43Z</time>
      </trkpt>
      <trkpt lat="46.245850000000004" lon="12.018640000000001">
        <time>2026-08-19T18:08:45Z</time>
      </trkpt>
      <trkpt lat="46.245830000000005" lon="12.01861">
        <time>2026-08-19T18:08:47Z</time>
      </trkpt>
      <trkpt lat="46.24582" lon="12.018600000000001">
        <time>2026-08-19T18:08:48Z</time>
      </trkpt>
      <trkpt lat="46.245810000000006" lon="12.018580000000002">
        <time>2026-08-19T18:08:49Z</time>
      </trkpt>
      <trkpt lat="46.245810000000006" lon="12.018580000000002">
        <time>2026-08-19T18:08:49Z</time>
      </trkpt>
      <trkpt lat="46.2458" lon="12.01857">
        <time>2026-08-19T18:08:50Z</time>
      </trkpt>
      <trkpt lat="46.24577" lon="12.018540000000002">
        <time>2026-08-19T18:08:52Z</time>
      </trkpt>
      <trkpt lat="46.24577" lon="12.018540000000002">
        <time>2026-08-19T18:08:52Z</time>
      </trkpt>
      <trkpt lat="46.245760000000004" lon="12.01853">
        <time>2026-08-19T18:08:53Z</time>
      </trkpt>
      <trkpt lat="46.24575" lon="12.018510000000001">
        <time>2026-08-19T18:08:54Z</time>
      </trkpt>
      <trkpt lat="46.24573" lon="12.018500000000001">
        <time>2026-08-19T18:08:56Z</time>
      </trkpt>
      <trkpt lat="46.24570000000001" lon="12.01848">
        <time>2026-08-19T18:08:58Z</time>
      </trkpt>
      <trkpt lat="46.24569" lon="12.01848">
        <time>2026-08-19T18:08:59Z</time>
      </trkpt>
      <trkpt lat="46.24569" lon="12.01848">
        <time>2026-08-19T18:08:59Z</time>
      </trkpt>
      <trkpt lat="46.24566" lon="12.018460000000001">
        <time>2026-08-19T18:09:01Z</time>
      </trkpt>
      <trkpt lat="46.24564" lon="12.018460000000001">
        <time>2026-08-19T18:09:03Z</time>
      </trkpt>
      <trkpt lat="46.24564" lon="12.018460000000001">
        <time>2026-08-19T18:09:03Z</time>
      </trkpt>
      <trkpt lat="46.245630000000006" lon="12.018450000000001">
        <time>2026-08-19T18:09:03Z</time>
      </trkpt>
      <trkpt lat="46.245610000000006" lon="12.018440000000002">
        <time>2026-08-19T18:09:05Z</time>
      </trkpt>
      <trkpt lat="46.2456" lon="12.018440000000002">
        <time>2026-08-19T18:09:06Z</time>
      </trkpt>
      <trkpt lat="46.24559000000001" lon="12.01843">
        <time>2026-08-19T18:09:07Z</time>
      </trkpt>
      <trkpt lat="46.24557" lon="12.01843">
        <time>2026-08-19T18:09:08Z</time>
      </trkpt>
      <trkpt lat="46.245540000000005" lon="12.01843">
        <time>2026-08-19T18:09:10Z</time>
      </trkpt>
      <trkpt lat="46.245540000000005" lon="12.01843">
        <time>2026-08-19T18:09:10Z</time>
      </trkpt>
      <trkpt lat="46.245520000000006" lon="12.01843">
        <time>2026-08-19T18:09:11Z</time>
      </trkpt>
      <trkpt lat="46.245490000000004" lon="12.01843">
        <time>2026-08-19T18:09:14Z</time>
      </trkpt>
      <trkpt lat="46.245470000000005" lon="12.01843">
        <time>2026-08-19T18:09:15Z</time>
      </trkpt>
      <trkpt lat="46.245470000000005" lon="12.01843">
        <time>2026-08-19T18:09:15Z</time>
      </trkpt>
      <trkpt lat="46.245450000000005" lon="12.01843">
        <time>2026-08-19T18:09:16Z</time>
      </trkpt>
      <trkpt lat="46.24542" lon="12.01843">
        <time>2026-08-19T18:09:19Z</time>
      </trkpt>
      <trkpt lat="46.24542" lon="12.01843">
        <time>2026-08-19T18:09:19Z</time>
      </trkpt>
      <trkpt lat="46.24539" lon="12.01843">
        <time>2026-08-19T18:09:21Z</time>
      </trkpt>
      <trkpt lat="46.24539" lon="12.01843">
        <time>2026-08-19T18:09:21Z</time>
      </trkpt>
      <trkpt lat="46.24537" lon="12.01842">
        <time>2026-08-19T18:09:22Z</time>
      </trkpt>
      <trkpt lat="46.24535" lon="12.01842">
        <time>2026-08-19T18:09:24Z</time>
      </trkpt>
      <trkpt lat="46.24532000000001" lon="12.018410000000001">
        <time>2026-08-19T18:09:26Z</time>
      </trkpt>
      <trkpt lat="46.2453" lon="12.018410000000001">
        <time>2026-08-19T18:09:27Z</time>
      </trkpt>
      <trkpt lat="46.2453" lon="12.018410000000001">
        <time>2026-08-19T18:09:27Z</time>
      </trkpt>
      <trkpt lat="46.245290000000004" lon="12.018400000000002">
        <time>2026-08-19T18:09:28Z</time>
      </trkpt>
      <trkpt lat="46.245270000000005" lon="12.018400000000002">
        <time>2026-08-19T18:09:29Z</time>
      </trkpt>
      <trkpt lat="46.24526" lon="12.018400000000002">
        <time>2026-08-19T18:09:30Z</time>
      </trkpt>
      <trkpt lat="46.24524" lon="12.018400000000002">
        <time>2026-08-19T18:09:32Z</time>
      </trkpt>
      <trkpt lat="46.24522" lon="12.01839">
        <time>2026-08-19T18:09:33Z</time>
      </trkpt>
      <trkpt lat="46.24522" lon="12.01839">
        <time>2026-08-19T18:09:33Z</time>
      </trkpt>
      <trkpt lat="46.24519" lon="12.01838">
        <time>2026-08-19T18:09:35Z</time>
      </trkpt>
      <trkpt lat="46.24519" lon="12.01838">
        <time>2026-08-19T18:09:35Z</time>
      </trkpt>
      <trkpt lat="46.24517" lon="12.01837">
        <time>2026-08-19T18:09:37Z</time>
      </trkpt>
      <trkpt lat="46.245160000000006" lon="12.018360000000001">
        <time>2026-08-19T18:09:38Z</time>
      </trkpt>
      <trkpt lat="46.24512000000001" lon="12.01834">
        <time>2026-08-19T18:09:41Z</time>
      </trkpt>
      <trkpt lat="46.24512000000001" lon="12.01834">
        <time>2026-08-19T18:09:41Z</time>
      </trkpt>
      <trkpt lat="46.2451" lon="12.018320000000001">
        <time>2026-08-19T18:09:42Z</time>
      </trkpt>
      <trkpt lat="46.2451" lon="12.018320000000001">
        <time>2026-08-19T18:09:42Z</time>
      </trkpt>
      <trkpt lat="46.24508" lon="12.018310000000001">
        <time>2026-08-19T18:09:44Z</time>
      </trkpt>
      <trkpt lat="46.245070000000005" lon="12.018300000000002">
        <time>2026-08-19T18:09:45Z</time>
      </trkpt>
      <trkpt lat="46.24506" lon="12.01829">
        <time>2026-08-19T18:09:45Z</time>
      </trkpt>
      <trkpt lat="46.24504" lon="12.018270000000001">
        <time>2026-08-19T18:09:47Z</time>
      </trkpt>
      <trkpt lat="46.24503000000001" lon="12.018260000000001">
        <time>2026-08-19T18:09:48Z</time>
      </trkpt>
      <trkpt lat="46.24501" lon="12.01825">
        <time>2026-08-19T18:09:50Z</time>
      </trkpt>
      <trkpt lat="46.245000000000005" lon="12.01825">
        <time>2026-08-19T18:09:50Z</time>
      </trkpt>
      <trkpt lat="46.24499" lon="12.01824">
        <time>2026-08-19T18:09:51Z</time>
      </trkpt>
      <trkpt lat="46.24497" lon="12.01823">
        <time>2026-08-19T18:09:53Z</time>
      </trkpt>
      <trkpt lat="46.244960000000006" lon="12.018220000000001">
        <time>2026-08-19T18:09:53Z</time>
      </trkpt>
      <trkpt lat="46.24494000000001" lon="12.018220000000001">
        <time>2026-08-19T18:09:55Z</time>
      </trkpt>
      <trkpt lat="46.244930000000004" lon="12.018210000000002">
        <time>2026-08-19T18:09:56Z</time>
      </trkpt>
      <trkpt lat="46.244910000000004" lon="12.0182">
        <time>2026-08-19T18:09:57Z</time>
      </trkpt>
      <trkpt lat="46.244890000000005" lon="12.0182">
        <time>2026-08-19T18:09:59Z</time>
      </trkpt>
      <trkpt lat="46.24488" lon="12.0182">
        <time>2026-08-19T18:09:59Z</time>
      </trkpt>
      <trkpt lat="46.24486" lon="12.01819">
        <time>2026-08-19T18:10:01Z</time>
      </trkpt>
      <trkpt lat="46.24484" lon="12.01819">
        <time>2026-08-19T18:10:02Z</time>
      </trkpt>
      <trkpt lat="46.24483" lon="12.01819">
        <time>2026-08-19T18:10:03Z</time>
      </trkpt>
      <trkpt lat="46.24481" lon="12.018180000000001">
        <time>2026-08-19T18:10:04Z</time>
      </trkpt>
      <trkpt lat="46.24479" lon="12.018180000000001">
        <time>2026-08-19T18:10:06Z</time>
      </trkpt>
      <trkpt lat="46.244780000000006" lon="12.018170000000001">
        <time>2026-08-19T18:10:07Z</time>
      </trkpt>
      <trkpt lat="46.24476000000001" lon="12.018170000000001">
        <time>2026-08-19T18:10:08Z</time>
      </trkpt>
      <trkpt lat="46.24475" lon="12.018160000000002">
        <time>2026-08-19T18:10:09Z</time>
      </trkpt>
      <trkpt lat="46.244730000000004" lon="12.018160000000002">
        <time>2026-08-19T18:10:10Z</time>
      </trkpt>
      <trkpt lat="46.24472" lon="12.018160000000002">
        <time>2026-08-19T18:10:11Z</time>
      </trkpt>
      <trkpt lat="46.2447" lon="12.01815">
        <time>2026-08-19T18:10:13Z</time>
      </trkpt>
      <trkpt lat="46.244690000000006" lon="12.01815">
        <time>2026-08-19T18:10:13Z</time>
      </trkpt>
      <trkpt lat="46.24468" lon="12.01814">
        <time>2026-08-19T18:10:14Z</time>
      </trkpt>
      <trkpt lat="46.24466" lon="12.01814">
        <time>2026-08-19T18:10:16Z</time>
      </trkpt>
      <trkpt lat="46.244620000000005" lon="12.018130000000001">
        <time>2026-08-19T18:10:19Z</time>
      </trkpt>
      <trkpt lat="46.244620000000005" lon="12.018130000000001">
        <time>2026-08-19T18:10:19Z</time>
      </trkpt>
      <trkpt lat="46.24461" lon="12.018130000000001">
        <time>2026-08-19T18:10:19Z</time>
      </trkpt>
      <trkpt lat="46.244600000000005" lon="12.018130000000001">
        <time>2026-08-19T18:10:20Z</time>
      </trkpt>
      <trkpt lat="46.244580000000006" lon="12.018120000000001">
        <time>2026-08-19T18:10:21Z</time>
      </trkpt>
      <trkpt lat="46.24456000000001" lon="12.018120000000001">
        <time>2026-08-19T18:10:23Z</time>
      </trkpt>
      <trkpt lat="46.244550000000004" lon="12.018110000000002">
        <time>2026-08-19T18:10:24Z</time>
      </trkpt>
      <trkpt lat="46.244530000000005" lon="12.0181">
        <time>2026-08-19T18:10:25Z</time>
      </trkpt>
      <trkpt lat="46.244510000000005" lon="12.018080000000001">
        <time>2026-08-19T18:10:27Z</time>
      </trkpt>
      <trkpt lat="46.244510000000005" lon="12.018080000000001">
        <time>2026-08-19T18:10:27Z</time>
      </trkpt>
      <trkpt lat="46.244490000000006" lon="12.01806">
        <time>2026-08-19T18:10:29Z</time>
      </trkpt>
      <trkpt lat="46.244460000000004" lon="12.018040000000001">
        <time>2026-08-19T18:10:31Z</time>
      </trkpt>
      <trkpt lat="46.244460000000004" lon="12.018040000000001">
        <time>2026-08-19T18:10:31Z</time>
      </trkpt>
      <trkpt lat="46.24445" lon="12.018020000000002">
        <time>2026-08-19T18:10:32Z</time>
      </trkpt>
      <trkpt lat="46.24443" lon="12.018">
        <time>2026-08-19T18:10:34Z</time>
      </trkpt>
      <trkpt lat="46.24441" lon="12.018">
        <time>2026-08-19T18:10:35Z</time>
      </trkpt>
      <trkpt lat="46.244400000000006" lon="12.017990000000001">
        <time>2026-08-19T18:10:36Z</time>
      </trkpt>
      <trkpt lat="46.244400000000006" lon="12.017990000000001">
        <time>2026-08-19T18:10:36Z</time>
      </trkpt>
      <trkpt lat="46.24438000000001" lon="12.017980000000001">
        <time>2026-08-19T18:10:38Z</time>
      </trkpt>
      <trkpt lat="46.24437" lon="12.017970000000002">
        <time>2026-08-19T18:10:39Z</time>
      </trkpt>
      <trkpt lat="46.244350000000004" lon="12.01796">
        <time>2026-08-19T18:10:40Z</time>
      </trkpt>
      <trkpt lat="46.24434" lon="12.01795">
        <time>2026-08-19T18:10:41Z</time>
      </trkpt>
      <trkpt lat="46.24432" lon="12.017940000000001">
        <time>2026-08-19T18:10:42Z</time>
      </trkpt>
      <trkpt lat="46.2443" lon="12.017940000000001">
        <time>2026-08-19T18:10:44Z</time>
      </trkpt>
      <trkpt lat="46.24429000000001" lon="12.017930000000002">
        <time>2026-08-19T18:10:45Z</time>
      </trkpt>
      <trkpt lat="46.24427000000001" lon="12.017930000000002">
        <time>2026-08-19T18:10:46Z</time>
      </trkpt>
      <trkpt lat="46.244260000000004" lon="12.01792">
        <time>2026-08-19T18:10:47Z</time>
      </trkpt>
      <trkpt lat="46.24423" lon="12.01792">
        <time>2026-08-19T18:10:49Z</time>
      </trkpt>
      <trkpt lat="46.24423" lon="12.01792">
        <time>2026-08-19T18:10:49Z</time>
      </trkpt>
      <trkpt lat="46.24421" lon="12.01792">
        <time>2026-08-19T18:10:50Z</time>
      </trkpt>
      <trkpt lat="46.244200000000006" lon="12.01791">
        <time>2026-08-19T18:10:51Z</time>
      </trkpt>
      <trkpt lat="46.24419" lon="12.01791">
        <time>2026-08-19T18:10:52Z</time>
      </trkpt>
      <trkpt lat="46.244170000000004" lon="12.01791">
        <time>2026-08-19T18:10:53Z</time>
      </trkpt>
      <trkpt lat="46.24416" lon="12.017900000000001">
        <time>2026-08-19T18:10:54Z</time>
      </trkpt>
      <trkpt lat="46.24414" lon="12.017900000000001">
        <time>2026-08-19T18:10:56Z</time>
      </trkpt>
      <trkpt lat="46.24412" lon="12.017890000000001">
        <time>2026-08-19T18:10:57Z</time>
      </trkpt>
      <trkpt lat="46.2441" lon="12.01787">
        <time>2026-08-19T18:10:59Z</time>
      </trkpt>
      <trkpt lat="46.2441" lon="12.01787">
        <time>2026-08-19T18:10:59Z</time>
      </trkpt>
      <trkpt lat="46.244080000000004" lon="12.01786">
        <time>2026-08-19T18:11:00Z</time>
      </trkpt>
      <trkpt lat="46.244060000000005" lon="12.017850000000001">
        <time>2026-08-19T18:11:02Z</time>
      </trkpt>
      <trkpt lat="46.24403" lon="12.017830000000002">
        <time>2026-08-19T18:11:04Z</time>
      </trkpt>
      <trkpt lat="46.24403" lon="12.017830000000002">
        <time>2026-08-19T18:11:04Z</time>
      </trkpt>
      <trkpt lat="46.24401" lon="12.01781">
        <time>2026-08-19T18:11:06Z</time>
      </trkpt>
      <trkpt lat="46.24401" lon="12.01781">
        <time>2026-08-19T18:11:06Z</time>
      </trkpt>
      <trkpt lat="46.243990000000004" lon="12.017790000000002">
        <time>2026-08-19T18:11:08Z</time>
      </trkpt>
      <trkpt lat="46.24398" lon="12.01778">
        <time>2026-08-19T18:11:09Z</time>
      </trkpt>
      <trkpt lat="46.24396" lon="12.01777">
        <time>2026-08-19T18:11:10Z</time>
      </trkpt>
      <trkpt lat="46.243950000000005" lon="12.01776">
        <time>2026-08-19T18:11:11Z</time>
      </trkpt>
      <trkpt lat="46.24394" lon="12.017750000000001">
        <time>2026-08-19T18:11:12Z</time>
      </trkpt>
      <trkpt lat="46.24392" lon="12.017740000000002">
        <time>2026-08-19T18:11:13Z</time>
      </trkpt>
      <trkpt lat="46.24391000000001" lon="12.01773">
        <time>2026-08-19T18:11:14Z</time>
      </trkpt>
      <trkpt lat="46.243880000000004" lon="12.017710000000001">
        <time>2026-08-19T18:11:16Z</time>
      </trkpt>
      <trkpt lat="46.243860000000005" lon="12.017700000000001">
        <time>2026-08-19T18:11:18Z</time>
      </trkpt>
      <trkpt lat="46.243860000000005" lon="12.017700000000001">
        <time>2026-08-19T18:11:18Z</time>
      </trkpt>
      <trkpt lat="46.24385" lon="12.017700000000001">
        <time>2026-08-19T18:11:19Z</time>
      </trkpt>
      <trkpt lat="46.243840000000006" lon="12.017690000000002">
        <time>2026-08-19T18:11:20Z</time>
      </trkpt>
      <trkpt lat="46.24382000000001" lon="12.01768">
        <time>2026-08-19T18:11:21Z</time>
      </trkpt>
      <trkpt lat="46.2438" lon="12.01768">
        <time>2026-08-19T18:11:22Z</time>
      </trkpt>
      <trkpt lat="46.243790000000004" lon="12.01767">
        <time>2026-08-19T18:11:23Z</time>
      </trkpt>
      <trkpt lat="46.24376" lon="12.017660000000001">
        <time>2026-08-19T18:11:25Z</time>
      </trkpt>
      <trkpt lat="46.24376" lon="12.017660000000001">
        <time>2026-08-19T18:11:25Z</time>
      </trkpt>
      <trkpt lat="46.243750000000006" lon="12.017660000000001">
        <time>2026-08-19T18:11:26Z</time>
      </trkpt>
      <trkpt lat="46.24374" lon="12.017660000000001">
        <time>2026-08-19T18:11:27Z</time>
      </trkpt>
      <trkpt lat="46.24372" lon="12.017660000000001">
        <time>2026-08-19T18:11:28Z</time>
      </trkpt>
      <trkpt lat="46.24369" lon="12.017650000000001">
        <time>2026-08-19T18:11:30Z</time>
      </trkpt>
      <trkpt lat="46.243680000000005" lon="12.017650000000001">
        <time>2026-08-19T18:11:31Z</time>
      </trkpt>
      <trkpt lat="46.243680000000005" lon="12.017650000000001">
        <time>2026-08-19T18:11:31Z</time>
      </trkpt>
      <trkpt lat="46.243660000000006" lon="12.01764">
        <time>2026-08-19T18:11:33Z</time>
      </trkpt>
      <trkpt lat="46.24363" lon="12.01763">
        <time>2026-08-19T18:11:35Z</time>
      </trkpt>
      <trkpt lat="46.24363" lon="12.01763">
        <time>2026-08-19T18:11:35Z</time>
      </trkpt>
      <trkpt lat="46.24362000000001" lon="12.01762">
        <time>2026-08-19T18:11:36Z</time>
      </trkpt>
      <trkpt lat="46.243610000000004" lon="12.017610000000001">
        <time>2026-08-19T18:11:37Z</time>
      </trkpt>
      <trkpt lat="46.24358" lon="12.017600000000002">
        <time>2026-08-19T18:11:39Z</time>
      </trkpt>
      <trkpt lat="46.24358" lon="12.017600000000002">
        <time>2026-08-19T18:11:39Z</time>
      </trkpt>
      <trkpt lat="46.243550000000006" lon="12.01759">
        <time>2026-08-19T18:11:41Z</time>
      </trkpt>
      <trkpt lat="46.24354" lon="12.01758">
        <time>2026-08-19T18:11:42Z</time>
      </trkpt>
      <trkpt lat="46.24354" lon="12.01758">
        <time>2026-08-19T18:11:42Z</time>
      </trkpt>
      <trkpt lat="46.243520000000004" lon="12.017570000000001">
        <time>2026-08-19T18:11:43Z</time>
      </trkpt>
      <trkpt lat="46.24351" lon="12.017570000000001">
        <time>2026-08-19T18:11:44Z</time>
      </trkpt>
      <trkpt lat="46.243500000000004" lon="12.017560000000001">
        <time>2026-08-19T18:11:45Z</time>
      </trkpt>
      <trkpt lat="46.243480000000005" lon="12.017560000000001">
        <time>2026-08-19T18:11:46Z</time>
      </trkpt>
      <trkpt lat="46.243460000000006" lon="12.017560000000001">
        <time>2026-08-19T18:11:48Z</time>
      </trkpt>
      <trkpt lat="46.24345" lon="12.017550000000002">
        <time>2026-08-19T18:11:49Z</time>
      </trkpt>
      <trkpt lat="46.24345" lon="12.017550000000002">
        <time>2026-08-19T18:11:49Z</time>
      </trkpt>
      <trkpt lat="46.24342" lon="12.017550000000002">
        <time>2026-08-19T18:11:51Z</time>
      </trkpt>
      <trkpt lat="46.24342" lon="12.017550000000002">
        <time>2026-08-19T18:11:51Z</time>
      </trkpt>
      <trkpt lat="46.2434" lon="12.01754">
        <time>2026-08-19T18:11:52Z</time>
      </trkpt>
      <trkpt lat="46.2434" lon="12.01754">
        <time>2026-08-19T18:11:52Z</time>
      </trkpt>
      <trkpt lat="46.24338" lon="12.01754">
        <time>2026-08-19T18:11:54Z</time>
      </trkpt>
      <trkpt lat="46.243370000000006" lon="12.01753">
        <time>2026-08-19T18:11:54Z</time>
      </trkpt>
      <trkpt lat="46.24336" lon="12.017520000000001">
        <time>2026-08-19T18:11:55Z</time>
      </trkpt>
      <trkpt lat="46.24335000000001" lon="12.017520000000001">
        <time>2026-08-19T18:11:56Z</time>
      </trkpt>
      <trkpt lat="46.24334" lon="12.017520000000001">
        <time>2026-08-19T18:11:57Z</time>
      </trkpt>
      <trkpt lat="46.243320000000004" lon="12.017510000000001">
        <time>2026-08-19T18:11:58Z</time>
      </trkpt>
      <trkpt lat="46.24331" lon="12.017510000000001">
        <time>2026-08-19T18:11:59Z</time>
      </trkpt>
      <trkpt lat="46.243300000000005" lon="12.017500000000002">
        <time>2026-08-19T18:12:00Z</time>
      </trkpt>
      <trkpt lat="46.24329" lon="12.01749">
        <time>2026-08-19T18:12:01Z</time>
      </trkpt>
      <trkpt lat="46.243280000000006" lon="12.01748">
        <time>2026-08-19T18:12:01Z</time>
      </trkpt>
      <trkpt lat="46.24326000000001" lon="12.017460000000002">
        <time>2026-08-19T18:12:03Z</time>
      </trkpt>
      <trkpt lat="46.24326000000001" lon="12.017460000000002">
        <time>2026-08-19T18:12:03Z</time>
      </trkpt>
      <trkpt lat="46.24324000000001" lon="12.01745">
        <time>2026-08-19T18:12:05Z</time>
      </trkpt>
      <trkpt lat="46.243230000000004" lon="12.01744">
        <time>2026-08-19T18:12:06Z</time>
      </trkpt>
      <trkpt lat="46.243210000000005" lon="12.017420000000001">
        <time>2026-08-19T18:12:07Z</time>
      </trkpt>
      <trkpt lat="46.243210000000005" lon="12.017420000000001">
        <time>2026-08-19T18:12:07Z</time>
      </trkpt>
      <trkpt lat="46.2432" lon="12.0174">
        <time>2026-08-19T18:12:08Z</time>
      </trkpt>
      <trkpt lat="46.24318" lon="12.017370000000001">
        <time>2026-08-19T18:12:11Z</time>
      </trkpt>
      <trkpt lat="46.243170000000006" lon="12.017360000000002">
        <time>2026-08-19T18:12:11Z</time>
      </trkpt>
      <trkpt lat="46.243170000000006" lon="12.017360000000002">
        <time>2026-08-19T18:12:11Z</time>
      </trkpt>
      <trkpt lat="46.24316" lon="12.01734">
        <time>2026-08-19T18:12:13Z</time>
      </trkpt>
      <trkpt lat="46.24315000000001" lon="12.017330000000001">
        <time>2026-08-19T18:12:13Z</time>
      </trkpt>
      <trkpt lat="46.243140000000004" lon="12.017320000000002">
        <time>2026-08-19T18:12:14Z</time>
      </trkpt>
      <trkpt lat="46.24313" lon="12.0173">
        <time>2026-08-19T18:12:16Z</time>
      </trkpt>
      <trkpt lat="46.243120000000005" lon="12.017280000000001">
        <time>2026-08-19T18:12:17Z</time>
      </trkpt>
      <trkpt lat="46.24311" lon="12.01726">
        <time>2026-08-19T18:12:18Z</time>
      </trkpt>
      <trkpt lat="46.243100000000005" lon="12.017240000000001">
        <time>2026-08-19T18:12:19Z</time>
      </trkpt>
      <trkpt lat="46.24309" lon="12.017230000000001">
        <time>2026-08-19T18:12:20Z</time>
      </trkpt>
      <trkpt lat="46.243080000000006" lon="12.01721">
        <time>2026-08-19T18:12:21Z</time>
      </trkpt>
      <trkpt lat="46.24306000000001" lon="12.01717">
        <time>2026-08-19T18:12:24Z</time>
      </trkpt>
      <trkpt lat="46.24306000000001" lon="12.01717">
        <time>2026-08-19T18:12:24Z</time>
      </trkpt>
      <trkpt lat="46.243050000000004" lon="12.01716">
        <time>2026-08-19T18:12:24Z</time>
      </trkpt>
      <trkpt lat="46.243030000000005" lon="12.01712">
        <time>2026-08-19T18:12:27Z</time>
      </trkpt>
      <trkpt lat="46.243030000000005" lon="12.01712">
        <time>2026-08-19T18:12:27Z</time>
      </trkpt>
      <trkpt lat="46.24302" lon="12.01711">
        <time>2026-08-19T18:12:28Z</time>
      </trkpt>
      <trkpt lat="46.243010000000005" lon="12.017090000000001">
        <time>2026-08-19T18:12:29Z</time>
      </trkpt>
      <trkpt lat="46.243" lon="12.017080000000002">
        <time>2026-08-19T18:12:30Z</time>
      </trkpt>
      <trkpt lat="46.24298" lon="12.017040000000001">
        <time>2026-08-19T18:12:32Z</time>
      </trkpt>
      <trkpt lat="46.24298" lon="12.017040000000001">
        <time>2026-08-19T18:12:32Z</time>
      </trkpt>
      <trkpt lat="46.24298" lon="12.01703">
        <time>2026-08-19T18:12:33Z</time>
      </trkpt>
      <trkpt lat="46.242960000000004" lon="12.016990000000002">
        <time>2026-08-19T18:12:35Z</time>
      </trkpt>
      <trkpt lat="46.24295" lon="12.01697">
        <time>2026-08-19T18:12:36Z</time>
      </trkpt>
      <trkpt lat="46.242940000000004" lon="12.016960000000001">
        <time>2026-08-19T18:12:37Z</time>
      </trkpt>
      <trkpt lat="46.242940000000004" lon="12.016960000000001">
        <time>2026-08-19T18:12:37Z</time>
      </trkpt>
      <trkpt lat="46.24293" lon="12.016940000000002">
        <time>2026-08-19T18:12:38Z</time>
      </trkpt>
      <trkpt lat="46.242920000000005" lon="12.01692">
        <time>2026-08-19T18:12:40Z</time>
      </trkpt>
      <trkpt lat="46.24291" lon="12.016910000000001">
        <time>2026-08-19T18:12:40Z</time>
      </trkpt>
      <trkpt lat="46.242900000000006" lon="12.016890000000002">
        <time>2026-08-19T18:12:42Z</time>
      </trkpt>
      <trkpt lat="46.24289" lon="12.01688">
        <time>2026-08-19T18:12:43Z</time>
      </trkpt>
      <trkpt lat="46.24287" lon="12.016850000000002">
        <time>2026-08-19T18:12:45Z</time>
      </trkpt>
      <trkpt lat="46.24287" lon="12.016850000000002">
        <time>2026-08-19T18:12:45Z</time>
      </trkpt>
      <trkpt lat="46.24286" lon="12.01683">
        <time>2026-08-19T18:12:46Z</time>
      </trkpt>
      <trkpt lat="46.24284" lon="12.016800000000002">
        <time>2026-08-19T18:12:48Z</time>
      </trkpt>
      <trkpt lat="46.242830000000005" lon="12.01678">
        <time>2026-08-19T18:12:49Z</time>
      </trkpt>
      <trkpt lat="46.242830000000005" lon="12.01678">
        <time>2026-08-19T18:12:49Z</time>
      </trkpt>
      <trkpt lat="46.24282" lon="12.01674">
        <time>2026-08-19T18:12:51Z</time>
      </trkpt>
      <trkpt lat="46.24282" lon="12.01674">
        <time>2026-08-19T18:12:51Z</time>
      </trkpt>
      <trkpt lat="46.2428" lon="12.01673">
        <time>2026-08-19T18:12:53Z</time>
      </trkpt>
      <trkpt lat="46.24278" lon="12.01669">
        <time>2026-08-19T18:12:55Z</time>
      </trkpt>
      <trkpt lat="46.24277000000001" lon="12.016680000000001">
        <time>2026-08-19T18:12:56Z</time>
      </trkpt>
      <trkpt lat="46.24277000000001" lon="12.016680000000001">
        <time>2026-08-19T18:12:56Z</time>
      </trkpt>
      <trkpt lat="46.24275" lon="12.01664">
        <time>2026-08-19T18:12:58Z</time>
      </trkpt>
      <trkpt lat="46.24275" lon="12.01664">
        <time>2026-08-19T18:12:58Z</time>
      </trkpt>
      <trkpt lat="46.242740000000005" lon="12.016630000000001">
        <time>2026-08-19T18:12:59Z</time>
      </trkpt>
      <trkpt lat="46.242720000000006" lon="12.016610000000002">
        <time>2026-08-19T18:13:01Z</time>
      </trkpt>
      <trkpt lat="46.24271" lon="12.0166">
        <time>2026-08-19T18:13:02Z</time>
      </trkpt>
      <trkpt lat="46.242700000000006" lon="12.016580000000001">
        <time>2026-08-19T18:13:03Z</time>
      </trkpt>
      <trkpt lat="46.24269" lon="12.016570000000002">
        <time>2026-08-19T18:13:04Z</time>
      </trkpt>
      <trkpt lat="46.24266" lon="12.01654">
        <time>2026-08-19T18:13:06Z</time>
      </trkpt>
      <trkpt lat="46.24266" lon="12.01654">
        <time>2026-08-19T18:13:06Z</time>
      </trkpt>
      <trkpt lat="46.242650000000005" lon="12.016530000000001">
        <time>2026-08-19T18:13:07Z</time>
      </trkpt>
      <trkpt lat="46.24264" lon="12.016520000000002">
        <time>2026-08-19T18:13:08Z</time>
      </trkpt>
      <trkpt lat="46.242630000000005" lon="12.01651">
        <time>2026-08-19T18:13:09Z</time>
      </trkpt>
      <trkpt lat="46.24262" lon="12.0165">
        <time>2026-08-19T18:13:10Z</time>
      </trkpt>
      <trkpt lat="46.24259000000001" lon="12.016480000000001">
        <time>2026-08-19T18:13:12Z</time>
      </trkpt>
      <trkpt lat="46.24259000000001" lon="12.016480000000001">
        <time>2026-08-19T18:13:12Z</time>
      </trkpt>
      <trkpt lat="46.242560000000005" lon="12.01646">
        <time>2026-08-19T18:13:14Z</time>
      </trkpt>
      <trkpt lat="46.24255" lon="12.01645">
        <time>2026-08-19T18:13:15Z</time>
      </trkpt>
      <trkpt lat="46.24255" lon="12.01645">
        <time>2026-08-19T18:13:15Z</time>
      </trkpt>
      <trkpt lat="46.242540000000005" lon="12.016440000000001">
        <time>2026-08-19T18:13:16Z</time>
      </trkpt>
      <trkpt lat="46.24253" lon="12.016430000000001">
        <time>2026-08-19T18:13:17Z</time>
      </trkpt>
      <trkpt lat="46.242520000000006" lon="12.01642">
        <time>2026-08-19T18:13:18Z</time>
      </trkpt>
      <trkpt lat="46.24250000000001" lon="12.016390000000001">
        <time>2026-08-19T18:13:20Z</time>
      </trkpt>
      <trkpt lat="46.24248" lon="12.016380000000002">
        <time>2026-08-19T18:13:21Z</time>
      </trkpt>
      <trkpt lat="46.24248" lon="12.016380000000002">
        <time>2026-08-19T18:13:21Z</time>
      </trkpt>
      <trkpt lat="46.242470000000004" lon="12.01637">
        <time>2026-08-19T18:13:22Z</time>
      </trkpt>
      <trkpt lat="46.24246" lon="12.01636">
        <time>2026-08-19T18:13:23Z</time>
      </trkpt>
      <trkpt lat="46.242450000000005" lon="12.016350000000001">
        <time>2026-08-19T18:13:24Z</time>
      </trkpt>
      <trkpt lat="46.242450000000005" lon="12.016340000000001">
        <time>2026-08-19T18:13:25Z</time>
      </trkpt>
      <trkpt lat="46.242450000000005" lon="12.016340000000001">
        <time>2026-08-19T18:13:25Z</time>
      </trkpt>
      <trkpt lat="46.242450000000005" lon="12.016340000000001">
        <time>2026-08-19T18:13:25Z</time>
      </trkpt>
      <trkpt lat="46.242450000000005" lon="12.016340000000001">
        <time>2026-08-19T18:13:25Z</time>
      </trkpt>
      <trkpt lat="46.24244" lon="12.016340000000001">
        <time>2026-08-19T18:13:25Z</time>
      </trkpt>
      <trkpt lat="46.24244" lon="12.016340000000001">
        <time>2026-08-19T18:13:25Z</time>
      </trkpt>
      <trkpt lat="46.24244" lon="12.016340000000001">
        <time>2026-08-19T18:13:25Z</time>
      </trkpt>
      <trkpt lat="46.24244" lon="12.016340000000001">
        <time>2026-08-19T18:13:25Z</time>
      </trkpt>
      <trkpt lat="46.24244" lon="12.016340000000001">
        <time>2026-08-19T18:13:25Z</time>
      </trkpt>
      <trkpt lat="46.242430000000006" lon="12.016330000000002">
        <time>2026-08-19T18:13:26Z</time>
      </trkpt>
      <trkpt lat="46.24242" lon="12.01632">
        <time>2026-08-19T18:13:27Z</time>
      </trkpt>
      <trkpt lat="46.24242" lon="12.01631">
        <time>2026-08-19T18:13:27Z</time>
      </trkpt>
      <trkpt lat="46.2424" lon="12.016290000000001">
        <time>2026-08-19T18:13:29Z</time>
      </trkpt>
      <trkpt lat="46.2424" lon="12.01627">
        <time>2026-08-19T18:13:30Z</time>
      </trkpt>
      <trkpt lat="46.242380000000004" lon="12.01623">
        <time>2026-08-19T18:13:33Z</time>
      </trkpt>
      <trkpt lat="46.24237" lon="12.016210000000001">
        <time>2026-08-19T18:13:34Z</time>
      </trkpt>
      <trkpt lat="46.24237" lon="12.016210000000001">
        <time>2026-08-19T18:13:34Z</time>
      </trkpt>
      <trkpt lat="46.242360000000005" lon="12.016200000000001">
        <time>2026-08-19T18:13:35Z</time>
      </trkpt>
      <trkpt lat="46.242340000000006" lon="12.016160000000001">
        <time>2026-08-19T18:13:37Z</time>
      </trkpt>
      <trkpt lat="46.24233" lon="12.016140000000002">
        <time>2026-08-19T18:13:38Z</time>
      </trkpt>
      <trkpt lat="46.24232000000001" lon="12.01613">
        <time>2026-08-19T18:13:39Z</time>
      </trkpt>
      <trkpt lat="46.24232000000001" lon="12.01613">
        <time>2026-08-19T18:13:39Z</time>
      </trkpt>
      <trkpt lat="46.24232000000001" lon="12.016110000000001">
        <time>2026-08-19T18:13:40Z</time>
      </trkpt>
      <trkpt lat="46.24231" lon="12.01609">
        <time>2026-08-19T18:13:41Z</time>
      </trkpt>
      <trkpt lat="46.24230000000001" lon="12.01608">
        <time>2026-08-19T18:13:42Z</time>
      </trkpt>
      <trkpt lat="46.242290000000004" lon="12.016060000000001">
        <time>2026-08-19T18:13:43Z</time>
      </trkpt>
      <trkpt lat="46.242290000000004" lon="12.01604">
        <time>2026-08-19T18:13:44Z</time>
      </trkpt>
      <trkpt lat="46.242270000000005" lon="12.016000000000002">
        <time>2026-08-19T18:13:47Z</time>
      </trkpt>
      <trkpt lat="46.24226" lon="12.01598">
        <time>2026-08-19T18:13:48Z</time>
      </trkpt>
      <trkpt lat="46.24226" lon="12.01598">
        <time>2026-08-19T18:13:48Z</time>
      </trkpt>
      <trkpt lat="46.242250000000006" lon="12.015970000000001">
        <time>2026-08-19T18:13:49Z</time>
      </trkpt>
      <trkpt lat="46.242230000000006" lon="12.01594">
        <time>2026-08-19T18:13:51Z</time>
      </trkpt>
      <trkpt lat="46.242230000000006" lon="12.01594">
        <time>2026-08-19T18:13:51Z</time>
      </trkpt>
      <trkpt lat="46.24221000000001" lon="12.015920000000001">
        <time>2026-08-19T18:13:53Z</time>
      </trkpt>
      <trkpt lat="46.24221000000001" lon="12.015920000000001">
        <time>2026-08-19T18:13:53Z</time>
      </trkpt>
      <trkpt lat="46.242180000000005" lon="12.01589">
        <time>2026-08-19T18:13:55Z</time>
      </trkpt>
      <trkpt lat="46.242180000000005" lon="12.01589">
        <time>2026-08-19T18:13:55Z</time>
      </trkpt>
      <trkpt lat="46.242160000000005" lon="12.015880000000001">
        <time>2026-08-19T18:13:57Z</time>
      </trkpt>
      <trkpt lat="46.24215" lon="12.015870000000001">
        <time>2026-08-19T18:13:57Z</time>
      </trkpt>
      <trkpt lat="46.242140000000006" lon="12.015860000000002">
        <time>2026-08-19T18:13:58Z</time>
      </trkpt>
      <trkpt lat="46.24212000000001" lon="12.01584">
        <time>2026-08-19T18:14:00Z</time>
      </trkpt>
      <trkpt lat="46.24212000000001" lon="12.01584">
        <time>2026-08-19T18:14:00Z</time>
      </trkpt>
      <trkpt lat="46.242090000000005" lon="12.015820000000001">
        <time>2026-08-19T18:14:02Z</time>
      </trkpt>
      <trkpt lat="46.24208" lon="12.01581">
        <time>2026-08-19T18:14:03Z</time>
      </trkpt>
      <trkpt lat="46.24206" lon="12.0158">
        <time>2026-08-19T18:14:05Z</time>
      </trkpt>
      <trkpt lat="46.242050000000006" lon="12.0158">
        <time>2026-08-19T18:14:05Z</time>
      </trkpt>
      <trkpt lat="46.242050000000006" lon="12.0158">
        <time>2026-08-19T18:14:05Z</time>
      </trkpt>
      <trkpt lat="46.24204" lon="12.01579">
        <time>2026-08-19T18:14:06Z</time>
      </trkpt>
      <trkpt lat="46.24201" lon="12.015780000000001">
        <time>2026-08-19T18:14:08Z</time>
      </trkpt>
      <trkpt lat="46.242000000000004" lon="12.01576">
        <time>2026-08-19T18:14:10Z</time>
      </trkpt>
      <trkpt lat="46.241980000000005" lon="12.01576">
        <time>2026-08-19T18:14:11Z</time>
      </trkpt>
      <trkpt lat="46.241980000000005" lon="12.01576">
        <time>2026-08-19T18:14:11Z</time>
      </trkpt>
      <trkpt lat="46.24197" lon="12.01575">
        <time>2026-08-19T18:14:12Z</time>
      </trkpt>
      <trkpt lat="46.241960000000006" lon="12.015740000000001">
        <time>2026-08-19T18:14:13Z</time>
      </trkpt>
      <trkpt lat="46.24195" lon="12.015740000000001">
        <time>2026-08-19T18:14:14Z</time>
      </trkpt>
      <trkpt lat="46.24192" lon="12.015730000000001">
        <time>2026-08-19T18:14:16Z</time>
      </trkpt>
      <trkpt lat="46.24192" lon="12.015730000000001">
        <time>2026-08-19T18:14:16Z</time>
      </trkpt>
      <trkpt lat="46.241890000000005" lon="12.01571">
        <time>2026-08-19T18:14:18Z</time>
      </trkpt>
      <trkpt lat="46.24188" lon="12.0157">
        <time>2026-08-19T18:14:19Z</time>
      </trkpt>
      <trkpt lat="46.24188" lon="12.0157">
        <time>2026-08-19T18:14:19Z</time>
      </trkpt>
      <trkpt lat="46.24186" lon="12.015690000000001">
        <time>2026-08-19T18:14:20Z</time>
      </trkpt>
      <trkpt lat="46.24184" lon="12.015680000000001">
        <time>2026-08-19T18:14:22Z</time>
      </trkpt>
      <trkpt lat="46.24184" lon="12.015680000000001">
        <time>2026-08-19T18:14:22Z</time>
      </trkpt>
      <trkpt lat="46.24183000000001" lon="12.015680000000001">
        <time>2026-08-19T18:14:23Z</time>
      </trkpt>
      <trkpt lat="46.24181" lon="12.01566">
        <time>2026-08-19T18:14:24Z</time>
      </trkpt>
      <trkpt lat="46.24181" lon="12.01566">
        <time>2026-08-19T18:14:24Z</time>
      </trkpt>
      <trkpt lat="46.241800000000005" lon="12.01565">
        <time>2026-08-19T18:14:25Z</time>
      </trkpt>
      <trkpt lat="46.241780000000006" lon="12.015640000000001">
        <time>2026-08-19T18:14:27Z</time>
      </trkpt>
      <trkpt lat="46.241760000000006" lon="12.01562">
        <time>2026-08-19T18:14:28Z</time>
      </trkpt>
      <trkpt lat="46.24175" lon="12.01561">
        <time>2026-08-19T18:14:29Z</time>
      </trkpt>
      <trkpt lat="46.24174000000001" lon="12.01561">
        <time>2026-08-19T18:14:30Z</time>
      </trkpt>
      <trkpt lat="46.24174000000001" lon="12.01561">
        <time>2026-08-19T18:14:30Z</time>
      </trkpt>
      <trkpt lat="46.24172" lon="12.015590000000001">
        <time>2026-08-19T18:14:32Z</time>
      </trkpt>
      <trkpt lat="46.241710000000005" lon="12.015580000000002">
        <time>2026-08-19T18:14:33Z</time>
      </trkpt>
      <trkpt lat="46.241710000000005" lon="12.015580000000002">
        <time>2026-08-19T18:14:33Z</time>
      </trkpt>
      <trkpt lat="46.241690000000006" lon="12.01557">
        <time>2026-08-19T18:14:34Z</time>
      </trkpt>
      <trkpt lat="46.24168" lon="12.01556">
        <time>2026-08-19T18:14:35Z</time>
      </trkpt>
      <trkpt lat="46.24168" lon="12.01556">
        <time>2026-08-19T18:14:35Z</time>
      </trkpt>
      <trkpt lat="46.24166" lon="12.015550000000001">
        <time>2026-08-19T18:14:36Z</time>
      </trkpt>
      <trkpt lat="46.241640000000004" lon="12.015540000000001">
        <time>2026-08-19T18:14:38Z</time>
      </trkpt>
      <trkpt lat="46.24163" lon="12.015530000000002">
        <time>2026-08-19T18:14:39Z</time>
      </trkpt>
      <trkpt lat="46.24163" lon="12.015530000000002">
        <time>2026-08-19T18:14:39Z</time>
      </trkpt>
      <trkpt lat="46.241620000000005" lon="12.01552">
        <time>2026-08-19T18:14:40Z</time>
      </trkpt>
      <trkpt lat="46.24161" lon="12.01551">
        <time>2026-08-19T18:14:40Z</time>
      </trkpt>
      <trkpt lat="46.241580000000006" lon="12.015490000000002">
        <time>2026-08-19T18:14:43Z</time>
      </trkpt>
      <trkpt lat="46.24157" lon="12.01548">
        <time>2026-08-19T18:14:44Z</time>
      </trkpt>
      <trkpt lat="46.24156000000001" lon="12.015460000000001">
        <time>2026-08-19T18:14:45Z</time>
      </trkpt>
      <trkpt lat="46.241550000000004" lon="12.015450000000001">
        <time>2026-08-19T18:14:46Z</time>
      </trkpt>
      <trkpt lat="46.241550000000004" lon="12.015450000000001">
        <time>2026-08-19T18:14:46Z</time>
      </trkpt>
      <trkpt lat="46.24154" lon="12.015440000000002">
        <time>2026-08-19T18:14:47Z</time>
      </trkpt>
      <trkpt lat="46.241510000000005" lon="12.015410000000001">
        <time>2026-08-19T18:14:49Z</time>
      </trkpt>
      <trkpt lat="46.2415" lon="12.015400000000001">
        <time>2026-08-19T18:14:50Z</time>
      </trkpt>
      <trkpt lat="46.2415" lon="12.015400000000001">
        <time>2026-08-19T18:14:50Z</time>
      </trkpt>
      <trkpt lat="46.24148" lon="12.01537">
        <time>2026-08-19T18:14:52Z</time>
      </trkpt>
      <trkpt lat="46.24147000000001" lon="12.015360000000001">
        <time>2026-08-19T18:14:53Z</time>
      </trkpt>
      <trkpt lat="46.241460000000004" lon="12.015350000000002">
        <time>2026-08-19T18:14:54Z</time>
      </trkpt>
      <trkpt lat="46.241460000000004" lon="12.015350000000002">
        <time>2026-08-19T18:14:54Z</time>
      </trkpt>
      <trkpt lat="46.24143" lon="12.01533">
        <time>2026-08-19T18:14:56Z</time>
      </trkpt>
      <trkpt lat="46.24141" lon="12.015320000000001">
        <time>2026-08-19T18:14:58Z</time>
      </trkpt>
      <trkpt lat="46.241400000000006" lon="12.015310000000001">
        <time>2026-08-19T18:14:58Z</time>
      </trkpt>
      <trkpt lat="46.24139" lon="12.015300000000002">
        <time>2026-08-19T18:14:59Z</time>
      </trkpt>
      <trkpt lat="46.24138000000001" lon="12.01529">
        <time>2026-08-19T18:15:00Z</time>
      </trkpt>
      <trkpt lat="46.24136" lon="12.01528">
        <time>2026-08-19T18:15:02Z</time>
      </trkpt>
      <trkpt lat="46.241350000000004" lon="12.015270000000001">
        <time>2026-08-19T18:15:03Z</time>
      </trkpt>
      <trkpt lat="46.24134" lon="12.015260000000001">
        <time>2026-08-19T18:15:03Z</time>
      </trkpt>
      <trkpt lat="46.24132" lon="12.015260000000001">
        <time>2026-08-19T18:15:05Z</time>
      </trkpt>
      <trkpt lat="46.241310000000006" lon="12.01524">
        <time>2026-08-19T18:15:06Z</time>
      </trkpt>
      <trkpt lat="46.241310000000006" lon="12.01524">
        <time>2026-08-19T18:15:06Z</time>
      </trkpt>
      <trkpt lat="46.241290000000006" lon="12.01523">
        <time>2026-08-19T18:15:08Z</time>
      </trkpt>
      <trkpt lat="46.24127000000001" lon="12.015220000000001">
        <time>2026-08-19T18:15:09Z</time>
      </trkpt>
      <trkpt lat="46.241260000000004" lon="12.015210000000002">
        <time>2026-08-19T18:15:10Z</time>
      </trkpt>
      <trkpt lat="46.241260000000004" lon="12.015210000000002">
        <time>2026-08-19T18:15:10Z</time>
      </trkpt>
      <trkpt lat="46.24123" lon="12.0152">
        <time>2026-08-19T18:15:12Z</time>
      </trkpt>
      <trkpt lat="46.241220000000006" lon="12.0152">
        <time>2026-08-19T18:15:13Z</time>
      </trkpt>
      <trkpt lat="46.241200000000006" lon="12.0152">
        <time>2026-08-19T18:15:14Z</time>
      </trkpt>
      <trkpt lat="46.24119" lon="12.01519">
        <time>2026-08-19T18:15:15Z</time>
      </trkpt>
      <trkpt lat="46.24118000000001" lon="12.01518">
        <time>2026-08-19T18:15:16Z</time>
      </trkpt>
      <trkpt lat="46.241170000000004" lon="12.015170000000001">
        <time>2026-08-19T18:15:17Z</time>
      </trkpt>
      <trkpt lat="46.24116" lon="12.015160000000002">
        <time>2026-08-19T18:15:18Z</time>
      </trkpt>
      <trkpt lat="46.24114" lon="12.01515">
        <time>2026-08-19T18:15:19Z</time>
      </trkpt>
      <trkpt lat="46.241130000000005" lon="12.01514">
        <time>2026-08-19T18:15:20Z</time>
      </trkpt>
      <trkpt lat="46.24112" lon="12.015130000000001">
        <time>2026-08-19T18:15:21Z</time>
      </trkpt>
      <trkpt lat="46.2411" lon="12.015130000000001">
        <time>2026-08-19T18:15:22Z</time>
      </trkpt>
      <trkpt lat="46.24109000000001" lon="12.015120000000001">
        <time>2026-08-19T18:15:23Z</time>
      </trkpt>
      <trkpt lat="46.24109000000001" lon="12.015120000000001">
        <time>2026-08-19T18:15:23Z</time>
      </trkpt>
      <trkpt lat="46.241060000000004" lon="12.0151">
        <time>2026-08-19T18:15:25Z</time>
      </trkpt>
      <trkpt lat="46.24105" lon="12.01509">
        <time>2026-08-19T18:15:26Z</time>
      </trkpt>
      <trkpt lat="46.24105" lon="12.01509">
        <time>2026-08-19T18:15:26Z</time>
      </trkpt>
      <trkpt lat="46.241040000000005" lon="12.015080000000001">
        <time>2026-08-19T18:15:27Z</time>
      </trkpt>
      <trkpt lat="46.241020000000006" lon="12.015070000000001">
        <time>2026-08-19T18:15:29Z</time>
      </trkpt>
      <trkpt lat="46.24101" lon="12.015060000000002">
        <time>2026-08-19T18:15:30Z</time>
      </trkpt>
      <trkpt lat="46.24100000000001" lon="12.01505">
        <time>2026-08-19T18:15:30Z</time>
      </trkpt>
      <trkpt lat="46.24098" lon="12.01504">
        <time>2026-08-19T18:15:32Z</time>
      </trkpt>
      <trkpt lat="46.240970000000004" lon="12.01504">
        <time>2026-08-19T18:15:33Z</time>
      </trkpt>
      <trkpt lat="46.24096" lon="12.015030000000001">
        <time>2026-08-19T18:15:33Z</time>
      </trkpt>
      <trkpt lat="46.24094" lon="12.015030000000001">
        <time>2026-08-19T18:15:35Z</time>
      </trkpt>
      <trkpt lat="46.240930000000006" lon="12.015020000000002">
        <time>2026-08-19T18:15:36Z</time>
      </trkpt>
      <trkpt lat="46.24092" lon="12.015020000000002">
        <time>2026-08-19T18:15:36Z</time>
      </trkpt>
      <trkpt lat="46.24091000000001" lon="12.015020000000002">
        <time>2026-08-19T18:15:37Z</time>
      </trkpt>
      <trkpt lat="46.24089" lon="12.015020000000002">
        <time>2026-08-19T18:15:39Z</time>
      </trkpt>
      <trkpt lat="46.240880000000004" lon="12.015020000000002">
        <time>2026-08-19T18:15:39Z</time>
      </trkpt>
      <trkpt lat="46.240860000000005" lon="12.01501">
        <time>2026-08-19T18:15:41Z</time>
      </trkpt>
      <trkpt lat="46.24085" lon="12.015">
        <time>2026-08-19T18:15:42Z</time>
      </trkpt>
      <trkpt lat="46.240840000000006" lon="12.015">
        <time>2026-08-19T18:15:42Z</time>
      </trkpt>
      <trkpt lat="46.24082000000001" lon="12.014990000000001">
        <time>2026-08-19T18:15:44Z</time>
      </trkpt>
      <trkpt lat="46.24081" lon="12.014990000000001">
        <time>2026-08-19T18:15:45Z</time>
      </trkpt>
      <trkpt lat="46.24080000000001" lon="12.014980000000001">
        <time>2026-08-19T18:15:45Z</time>
      </trkpt>
      <trkpt lat="46.24078" lon="12.014980000000001">
        <time>2026-08-19T18:15:47Z</time>
      </trkpt>
      <trkpt lat="46.24076" lon="12.01496">
        <time>2026-08-19T18:15:49Z</time>
      </trkpt>
      <trkpt lat="46.24076" lon="12.01496">
        <time>2026-08-19T18:15:49Z</time>
      </trkpt>
      <trkpt lat="46.240730000000006" lon="12.01495">
        <time>2026-08-19T18:15:51Z</time>
      </trkpt>
      <trkpt lat="46.24072" lon="12.014940000000001">
        <time>2026-08-19T18:15:52Z</time>
      </trkpt>
      <trkpt lat="46.24071000000001" lon="12.014940000000001">
        <time>2026-08-19T18:15:52Z</time>
      </trkpt>
      <trkpt lat="46.240700000000004" lon="12.014940000000001">
        <time>2026-08-19T18:15:53Z</time>
      </trkpt>
      <trkpt lat="46.240680000000005" lon="12.014940000000001">
        <time>2026-08-19T18:15:54Z</time>
      </trkpt>
      <trkpt lat="46.24067" lon="12.014940000000001">
        <time>2026-08-19T18:15:55Z</time>
      </trkpt>
      <trkpt lat="46.240660000000005" lon="12.014930000000001">
        <time>2026-08-19T18:15:56Z</time>
      </trkpt>
      <trkpt lat="46.240640000000006" lon="12.014930000000001">
        <time>2026-08-19T18:15:57Z</time>
      </trkpt>
      <trkpt lat="46.240640000000006" lon="12.014930000000001">
        <time>2026-08-19T18:15:57Z</time>
      </trkpt>
      <trkpt lat="46.24062000000001" lon="12.01491">
        <time>2026-08-19T18:15:59Z</time>
      </trkpt>
      <trkpt lat="46.2406" lon="12.01491">
        <time>2026-08-19T18:16:00Z</time>
      </trkpt>
      <trkpt lat="46.2406" lon="12.01491">
        <time>2026-08-19T18:16:00Z</time>
      </trkpt>
      <trkpt lat="46.24058" lon="12.0149">
        <time>2026-08-19T18:16:02Z</time>
      </trkpt>
      <trkpt lat="46.240570000000005" lon="12.014890000000001">
        <time>2026-08-19T18:16:03Z</time>
      </trkpt>
      <trkpt lat="46.240570000000005" lon="12.014890000000001">
        <time>2026-08-19T18:16:03Z</time>
      </trkpt>
      <trkpt lat="46.24054" lon="12.014880000000002">
        <time>2026-08-19T18:16:05Z</time>
      </trkpt>
      <trkpt lat="46.24053000000001" lon="12.014880000000002">
        <time>2026-08-19T18:16:06Z</time>
      </trkpt>
      <trkpt lat="46.24053000000001" lon="12.014880000000002">
        <time>2026-08-19T18:16:06Z</time>
      </trkpt>
      <trkpt lat="46.240520000000004" lon="12.014880000000002">
        <time>2026-08-19T18:16:06Z</time>
      </trkpt>
      <trkpt lat="46.24049" lon="12.01487">
        <time>2026-08-19T18:16:09Z</time>
      </trkpt>
      <trkpt lat="46.24049" lon="12.01487">
        <time>2026-08-19T18:16:09Z</time>
      </trkpt>
      <trkpt lat="46.24047" lon="12.014850000000001">
        <time>2026-08-19T18:16:10Z</time>
      </trkpt>
      <trkpt lat="46.24047" lon="12.014850000000001">
        <time>2026-08-19T18:16:10Z</time>
      </trkpt>
      <trkpt lat="46.24045" lon="12.01482">
        <time>2026-08-19T18:16:12Z</time>
      </trkpt>
      <trkpt lat="46.24044000000001" lon="12.01481">
        <time>2026-08-19T18:16:13Z</time>
      </trkpt>
      <trkpt lat="46.24042" lon="12.014800000000001">
        <time>2026-08-19T18:16:15Z</time>
      </trkpt>
      <trkpt lat="46.240410000000004" lon="12.014780000000002">
        <time>2026-08-19T18:16:16Z</time>
      </trkpt>
      <trkpt lat="46.240410000000004" lon="12.014780000000002">
        <time>2026-08-19T18:16:16Z</time>
      </trkpt>
      <trkpt lat="46.2404" lon="12.01476">
        <time>2026-08-19T18:16:17Z</time>
      </trkpt>
      <trkpt lat="46.2404" lon="12.01476">
        <time>2026-08-19T18:16:17Z</time>
      </trkpt>
      <trkpt lat="46.240370000000006" lon="12.01472">
        <time>2026-08-19T18:16:20Z</time>
      </trkpt>
      <trkpt lat="46.24036" lon="12.014710000000001">
        <time>2026-08-19T18:16:21Z</time>
      </trkpt>
      <trkpt lat="46.24036" lon="12.014710000000001">
        <time>2026-08-19T18:16:21Z</time>
      </trkpt>
      <trkpt lat="46.24035000000001" lon="12.014690000000002">
        <time>2026-08-19T18:16:22Z</time>
      </trkpt>
      <trkpt lat="46.24034" lon="12.014660000000001">
        <time>2026-08-19T18:16:24Z</time>
      </trkpt>
      <trkpt lat="46.24033000000001" lon="12.014650000000001">
        <time>2026-08-19T18:16:25Z</time>
      </trkpt>
      <trkpt lat="46.24033000000001" lon="12.014650000000001">
        <time>2026-08-19T18:16:25Z</time>
      </trkpt>
      <trkpt lat="46.24031" lon="12.01462">
        <time>2026-08-19T18:16:27Z</time>
      </trkpt>
      <trkpt lat="46.24031" lon="12.01462">
        <time>2026-08-19T18:16:27Z</time>
      </trkpt>
      <trkpt lat="46.24029" lon="12.01458">
        <time>2026-08-19T18:16:29Z</time>
      </trkpt>
      <trkpt lat="46.240280000000006" lon="12.01457">
        <time>2026-08-19T18:16:30Z</time>
      </trkpt>
      <trkpt lat="46.240280000000006" lon="12.01457">
        <time>2026-08-19T18:16:30Z</time>
      </trkpt>
      <trkpt lat="46.240260000000006" lon="12.01454">
        <time>2026-08-19T18:16:32Z</time>
      </trkpt>
      <trkpt lat="46.24025" lon="12.014520000000001">
        <time>2026-08-19T18:16:33Z</time>
      </trkpt>
      <trkpt lat="46.24025" lon="12.014520000000001">
        <time>2026-08-19T18:16:33Z</time>
      </trkpt>
      <trkpt lat="46.240230000000004" lon="12.01449">
        <time>2026-08-19T18:16:35Z</time>
      </trkpt>
      <trkpt lat="46.24022" lon="12.014470000000001">
        <time>2026-08-19T18:16:36Z</time>
      </trkpt>
      <trkpt lat="46.24022" lon="12.014470000000001">
        <time>2026-08-19T18:16:36Z</time>
      </trkpt>
      <trkpt lat="46.240210000000005" lon="12.01444">
        <time>2026-08-19T18:16:38Z</time>
      </trkpt>
      <trkpt lat="46.240210000000005" lon="12.01444">
        <time>2026-08-19T18:16:38Z</time>
      </trkpt>
      <trkpt lat="46.240190000000005" lon="12.014410000000002">
        <time>2026-08-19T18:16:40Z</time>
      </trkpt>
      <trkpt lat="46.240190000000005" lon="12.014410000000002">
        <time>2026-08-19T18:16:40Z</time>
      </trkpt>
      <trkpt lat="46.24018" lon="12.0144">
        <time>2026-08-19T18:16:41Z</time>
      </trkpt>
      <trkpt lat="46.240170000000006" lon="12.014380000000001">
        <time>2026-08-19T18:16:42Z</time>
      </trkpt>
      <trkpt lat="46.24015000000001" lon="12.014360000000002">
        <time>2026-08-19T18:16:44Z</time>
      </trkpt>
      <trkpt lat="46.24015000000001" lon="12.01434">
        <time>2026-08-19T18:16:45Z</time>
      </trkpt>
      <trkpt lat="46.24015000000001" lon="12.01434">
        <time>2026-08-19T18:16:45Z</time>
      </trkpt>
      <trkpt lat="46.240120000000005" lon="12.014320000000001">
        <time>2026-08-19T18:16:47Z</time>
      </trkpt>
      <trkpt lat="46.240120000000005" lon="12.0143">
        <time>2026-08-19T18:16:48Z</time>
      </trkpt>
      <trkpt lat="46.240120000000005" lon="12.0143">
        <time>2026-08-19T18:16:48Z</time>
      </trkpt>
      <trkpt lat="46.240100000000005" lon="12.014270000000002">
        <time>2026-08-19T18:16:50Z</time>
      </trkpt>
      <trkpt lat="46.24009" lon="12.01426">
        <time>2026-08-19T18:16:51Z</time>
      </trkpt>
      <trkpt lat="46.24009" lon="12.01426">
        <time>2026-08-19T18:16:51Z</time>
      </trkpt>
      <trkpt lat="46.240080000000006" lon="12.014240000000001">
        <time>2026-08-19T18:16:52Z</time>
      </trkpt>
      <trkpt lat="46.24006000000001" lon="12.01421">
        <time>2026-08-19T18:16:54Z</time>
      </trkpt>
      <trkpt lat="46.24006000000001" lon="12.0142">
        <time>2026-08-19T18:16:55Z</time>
      </trkpt>
      <trkpt lat="46.24004" lon="12.014180000000001">
        <time>2026-08-19T18:16:56Z</time>
      </trkpt>
      <trkpt lat="46.240030000000004" lon="12.014170000000002">
        <time>2026-08-19T18:16:57Z</time>
      </trkpt>
      <trkpt lat="46.24002" lon="12.01415">
        <time>2026-08-19T18:16:59Z</time>
      </trkpt>
      <trkpt lat="46.24" lon="12.014130000000002">
        <time>2026-08-19T18:17:00Z</time>
      </trkpt>
      <trkpt lat="46.239990000000006" lon="12.01412">
        <time>2026-08-19T18:17:01Z</time>
      </trkpt>
      <trkpt lat="46.239990000000006" lon="12.01412">
        <time>2026-08-19T18:17:01Z</time>
      </trkpt>
      <trkpt lat="46.23997000000001" lon="12.014090000000001">
        <time>2026-08-19T18:17:03Z</time>
      </trkpt>
      <trkpt lat="46.23997000000001" lon="12.014090000000001">
        <time>2026-08-19T18:17:03Z</time>
      </trkpt>
      <trkpt lat="46.23995" lon="12.01406">
        <time>2026-08-19T18:17:05Z</time>
      </trkpt>
      <trkpt lat="46.239940000000004" lon="12.014050000000001">
        <time>2026-08-19T18:17:06Z</time>
      </trkpt>
      <trkpt lat="46.239920000000005" lon="12.014040000000001">
        <time>2026-08-19T18:17:08Z</time>
      </trkpt>
      <trkpt lat="46.239920000000005" lon="12.014040000000001">
        <time>2026-08-19T18:17:08Z</time>
      </trkpt>
      <trkpt lat="46.239900000000006" lon="12.01402">
        <time>2026-08-19T18:17:09Z</time>
      </trkpt>
      <trkpt lat="46.23989" lon="12.01401">
        <time>2026-08-19T18:17:10Z</time>
      </trkpt>
      <trkpt lat="46.23987" lon="12.014000000000001">
        <time>2026-08-19T18:17:12Z</time>
      </trkpt>
      <trkpt lat="46.23987" lon="12.014000000000001">
        <time>2026-08-19T18:17:12Z</time>
      </trkpt>
      <trkpt lat="46.23984" lon="12.01397">
        <time>2026-08-19T18:17:14Z</time>
      </trkpt>
      <trkpt lat="46.239830000000005" lon="12.01396">
        <time>2026-08-19T18:17:15Z</time>
      </trkpt>
      <trkpt lat="46.239830000000005" lon="12.013940000000002">
        <time>2026-08-19T18:17:16Z</time>
      </trkpt>
      <trkpt lat="46.23982" lon="12.01393">
        <time>2026-08-19T18:17:17Z</time>
      </trkpt>
      <trkpt lat="46.2398" lon="12.013910000000001">
        <time>2026-08-19T18:17:19Z</time>
      </trkpt>
      <trkpt lat="46.239790000000006" lon="12.013900000000001">
        <time>2026-08-19T18:17:19Z</time>
      </trkpt>
      <trkpt lat="46.239790000000006" lon="12.013900000000001">
        <time>2026-08-19T18:17:19Z</time>
      </trkpt>
      <trkpt lat="46.23978" lon="12.01388">
        <time>2026-08-19T18:17:21Z</time>
      </trkpt>
      <trkpt lat="46.23975" lon="12.013850000000001">
        <time>2026-08-19T18:17:23Z</time>
      </trkpt>
      <trkpt lat="46.239740000000005" lon="12.013840000000002">
        <time>2026-08-19T18:17:24Z</time>
      </trkpt>
      <trkpt lat="46.23973" lon="12.01382">
        <time>2026-08-19T18:17:25Z</time>
      </trkpt>
      <trkpt lat="46.23973" lon="12.01382">
        <time>2026-08-19T18:17:25Z</time>
      </trkpt>
      <trkpt lat="46.23971" lon="12.01379">
        <time>2026-08-19T18:17:27Z</time>
      </trkpt>
      <trkpt lat="46.239700000000006" lon="12.013770000000001">
        <time>2026-08-19T18:17:29Z</time>
      </trkpt>
      <trkpt lat="46.23968000000001" lon="12.013760000000001">
        <time>2026-08-19T18:17:30Z</time>
      </trkpt>
      <trkpt lat="46.23968000000001" lon="12.01374">
        <time>2026-08-19T18:17:31Z</time>
      </trkpt>
      <trkpt lat="46.239670000000004" lon="12.013720000000001">
        <time>2026-08-19T18:17:32Z</time>
      </trkpt>
      <trkpt lat="46.23966" lon="12.013700000000002">
        <time>2026-08-19T18:17:33Z</time>
      </trkpt>
      <trkpt lat="46.239650000000005" lon="12.01369">
        <time>2026-08-19T18:17:34Z</time>
      </trkpt>
      <trkpt lat="46.239650000000005" lon="12.01369">
        <time>2026-08-19T18:17:34Z</time>
      </trkpt>
      <trkpt lat="46.239630000000005" lon="12.013660000000002">
        <time>2026-08-19T18:17:36Z</time>
      </trkpt>
      <trkpt lat="46.23962" lon="12.01364">
        <time>2026-08-19T18:17:38Z</time>
      </trkpt>
      <trkpt lat="46.23962" lon="12.01364">
        <time>2026-08-19T18:17:38Z</time>
      </trkpt>
      <trkpt lat="46.2396" lon="12.013610000000002">
        <time>2026-08-19T18:17:40Z</time>
      </trkpt>
      <trkpt lat="46.23959000000001" lon="12.01359">
        <time>2026-08-19T18:17:41Z</time>
      </trkpt>
      <trkpt lat="46.239580000000004" lon="12.013580000000001">
        <time>2026-08-19T18:17:42Z</time>
      </trkpt>
      <trkpt lat="46.23957" lon="12.013560000000002">
        <time>2026-08-19T18:17:43Z</time>
      </trkpt>
      <trkpt lat="46.23957" lon="12.01354">
        <time>2026-08-19T18:17:44Z</time>
      </trkpt>
      <trkpt lat="46.23957" lon="12.01354">
        <time>2026-08-19T18:17:44Z</time>
      </trkpt>
      <trkpt lat="46.23955" lon="12.0135">
        <time>2026-08-19T18:17:46Z</time>
      </trkpt>
      <trkpt lat="46.239540000000005" lon="12.013480000000001">
        <time>2026-08-19T18:17:47Z</time>
      </trkpt>
      <trkpt lat="46.239540000000005" lon="12.013480000000001">
        <time>2026-08-19T18:17:47Z</time>
      </trkpt>
      <trkpt lat="46.23953" lon="12.013440000000001">
        <time>2026-08-19T18:17:50Z</time>
      </trkpt>
      <trkpt lat="46.23953" lon="12.013420000000002">
        <time>2026-08-19T18:17:51Z</time>
      </trkpt>
      <trkpt lat="46.239520000000006" lon="12.0134">
        <time>2026-08-19T18:17:52Z</time>
      </trkpt>
      <trkpt lat="46.239520000000006" lon="12.013380000000002">
        <time>2026-08-19T18:17:53Z</time>
      </trkpt>
      <trkpt lat="46.239520000000006" lon="12.013380000000002">
        <time>2026-08-19T18:17:53Z</time>
      </trkpt>
      <trkpt lat="46.23951" lon="12.01336">
        <time>2026-08-19T18:17:54Z</time>
      </trkpt>
      <trkpt lat="46.23950000000001" lon="12.01331">
        <time>2026-08-19T18:17:56Z</time>
      </trkpt>
      <trkpt lat="46.23950000000001" lon="12.013290000000001">
        <time>2026-08-19T18:17:57Z</time>
      </trkpt>
      <trkpt lat="46.23949" lon="12.01327">
        <time>2026-08-19T18:17:59Z</time>
      </trkpt>
      <trkpt lat="46.23949" lon="12.013250000000001">
        <time>2026-08-19T18:18:00Z</time>
      </trkpt>
      <trkpt lat="46.23949" lon="12.013230000000002">
        <time>2026-08-19T18:18:01Z</time>
      </trkpt>
      <trkpt lat="46.23949" lon="12.01321">
        <time>2026-08-19T18:18:02Z</time>
      </trkpt>
      <trkpt lat="46.23949" lon="12.01318">
        <time>2026-08-19T18:18:03Z</time>
      </trkpt>
      <trkpt lat="46.23948" lon="12.013160000000001">
        <time>2026-08-19T18:18:04Z</time>
      </trkpt>
      <trkpt lat="46.23948" lon="12.013140000000002">
        <time>2026-08-19T18:18:05Z</time>
      </trkpt>
      <trkpt lat="46.23948" lon="12.01312">
        <time>2026-08-19T18:18:06Z</time>
      </trkpt>
      <trkpt lat="46.23948" lon="12.013100000000001">
        <time>2026-08-19T18:18:07Z</time>
      </trkpt>
      <trkpt lat="46.23948" lon="12.01308">
        <time>2026-08-19T18:18:08Z</time>
      </trkpt>
      <trkpt lat="46.239470000000004" lon="12.013060000000001">
        <time>2026-08-19T18:18:09Z</time>
      </trkpt>
      <trkpt lat="46.239470000000004" lon="12.01304">
        <time>2026-08-19T18:18:10Z</time>
      </trkpt>
      <trkpt lat="46.239470000000004" lon="12.013020000000001">
        <time>2026-08-19T18:18:11Z</time>
      </trkpt>
      <trkpt lat="46.239470000000004" lon="12.013000000000002">
        <time>2026-08-19T18:18:12Z</time>
      </trkpt>
      <trkpt lat="46.23946" lon="12.01298">
        <time>2026-08-19T18:18:14Z</time>
      </trkpt>
      <trkpt lat="46.23946" lon="12.01298">
        <time>2026-08-19T18:18:14Z</time>
      </trkpt>
      <trkpt lat="46.23946" lon="12.01294">
        <time>2026-08-19T18:18:15Z</time>
      </trkpt>
      <trkpt lat="46.23946" lon="12.012910000000002">
        <time>2026-08-19T18:18:17Z</time>
      </trkpt>
      <trkpt lat="46.23946" lon="12.01289">
        <time>2026-08-19T18:18:18Z</time>
      </trkpt>
      <trkpt lat="46.239450000000005" lon="12.012870000000001">
        <time>2026-08-19T18:18:19Z</time>
      </trkpt>
      <trkpt lat="46.239450000000005" lon="12.012870000000001">
        <time>2026-08-19T18:18:19Z</time>
      </trkpt>
      <trkpt lat="46.239450000000005" lon="12.012830000000001">
        <time>2026-08-19T18:18:21Z</time>
      </trkpt>
      <trkpt lat="46.239450000000005" lon="12.012820000000001">
        <time>2026-08-19T18:18:22Z</time>
      </trkpt>
      <trkpt lat="46.23946" lon="12.0128">
        <time>2026-08-19T18:18:23Z</time>
      </trkpt>
      <trkpt lat="46.23946" lon="12.0128">
        <time>2026-08-19T18:18:23Z</time>
      </trkpt>
      <trkpt lat="46.23946" lon="12.01279">
        <time>2026-08-19T18:18:23Z</time>
      </trkpt>
      <trkpt lat="46.23946" lon="12.01279">
        <time>2026-08-19T18:18:23Z</time>
      </trkpt>
      <trkpt lat="46.23946" lon="12.01279">
        <time>2026-08-19T18:18:23Z</time>
      </trkpt>
      <trkpt lat="46.23946" lon="12.01279">
        <time>2026-08-19T18:18:23Z</time>
      </trkpt>
      <trkpt lat="46.23946" lon="12.01279">
        <time>2026-08-19T18:18:23Z</time>
      </trkpt>
      <trkpt lat="46.23946" lon="12.01279">
        <time>2026-08-19T18:18:23Z</time>
      </trkpt>
      <trkpt lat="46.23946" lon="12.012780000000001">
        <time>2026-08-19T18:18:24Z</time>
      </trkpt>
      <trkpt lat="46.23946" lon="12.012780000000001">
        <time>2026-08-19T18:18:24Z</time>
      </trkpt>
      <trkpt lat="46.23946" lon="12.012780000000001">
        <time>2026-08-19T18:18:24Z</time>
      </trkpt>
      <trkpt lat="46.23946" lon="12.012780000000001">
        <time>2026-08-19T18:18:24Z</time>
      </trkpt>
      <trkpt lat="46.239470000000004" lon="12.012770000000002">
        <time>2026-08-19T18:18:25Z</time>
      </trkpt>
      <trkpt lat="46.23949" lon="12.01276">
        <time>2026-08-19T18:18:26Z</time>
      </trkpt>
      <trkpt lat="46.23949" lon="12.01275">
        <time>2026-08-19T18:18:27Z</time>
      </trkpt>
      <trkpt lat="46.23950000000001" lon="12.01274">
        <time>2026-08-19T18:18:27Z</time>
      </trkpt>
      <trkpt lat="46.23950000000001" lon="12.01274">
        <time>2026-08-19T18:18:27Z</time>
      </trkpt>
      <trkpt lat="46.23951" lon="12.012720000000002">
        <time>2026-08-19T18:18:29Z</time>
      </trkpt>
      <trkpt lat="46.23951" lon="12.012720000000002">
        <time>2026-08-19T18:18:29Z</time>
      </trkpt>
      <trkpt lat="46.23951" lon="12.01271">
        <time>2026-08-19T18:18:29Z</time>
      </trkpt>
      <trkpt lat="46.23951" lon="12.01271">
        <time>2026-08-19T18:18:29Z</time>
      </trkpt>
      <trkpt lat="46.23951" lon="12.01271">
        <time>2026-08-19T18:18:29Z</time>
      </trkpt>
      <trkpt lat="46.23951" lon="12.0127">
        <time>2026-08-19T18:18:30Z</time>
      </trkpt>
      <trkpt lat="46.23951" lon="12.0127">
        <time>2026-08-19T18:18:30Z</time>
      </trkpt>
      <trkpt lat="46.23951" lon="12.0127">
        <time>2026-08-19T18:18:30Z</time>
      </trkpt>
      <trkpt lat="46.23951" lon="12.0127">
        <time>2026-08-19T18:18:30Z</time>
      </trkpt>
      <trkpt lat="46.23951" lon="12.0127">
        <time>2026-08-19T18:18:30Z</time>
      </trkpt>
      <trkpt lat="46.23951" lon="12.0127">
        <time>2026-08-19T18:18:30Z</time>
      </trkpt>
      <trkpt lat="46.23951" lon="12.0127">
        <time>2026-08-19T18:18:30Z</time>
      </trkpt>
      <trkpt lat="46.23951" lon="12.0127">
        <time>2026-08-19T18:18:30Z</time>
      </trkpt>
      <trkpt lat="46.23951" lon="12.012690000000001">
        <time>2026-08-19T18:18:30Z</time>
      </trkpt>
      <trkpt lat="46.23951" lon="12.0127">
        <time>2026-08-19T18:18:31Z</time>
      </trkpt>
      <trkpt lat="46.23951" lon="12.0127">
        <time>2026-08-19T18:18:31Z</time>
      </trkpt>
      <trkpt lat="46.23951" lon="12.01271">
        <time>2026-08-19T18:18:31Z</time>
      </trkpt>
      <trkpt lat="46.23950000000001" lon="12.012720000000002">
        <time>2026-08-19T18:18:32Z</time>
      </trkpt>
      <trkpt lat="46.23950000000001" lon="12.012730000000001">
        <time>2026-08-19T18:18:32Z</time>
      </trkpt>
      <trkpt lat="46.23949" lon="12.01274">
        <time>2026-08-19T18:18:33Z</time>
      </trkpt>
      <trkpt lat="46.23949" lon="12.01275">
        <time>2026-08-19T18:18:34Z</time>
      </trkpt>
      <trkpt lat="46.23948" lon="12.01275">
        <time>2026-08-19T18:18:35Z</time>
      </trkpt>
      <trkpt lat="46.23948" lon="12.01275">
        <time>2026-08-19T18:18:35Z</time>
      </trkpt>
      <trkpt lat="46.23948" lon="12.01275">
        <time>2026-08-19T18:18:35Z</time>
      </trkpt>
      <trkpt lat="46.23949" lon="12.01274">
        <time>2026-08-19T18:18:35Z</time>
      </trkpt>
      <trkpt lat="46.23949" lon="12.01274">
        <time>2026-08-19T18:18:35Z</time>
      </trkpt>
      <trkpt lat="46.23950000000001" lon="12.012720000000002">
        <time>2026-08-19T18:18:37Z</time>
      </trkpt>
      <trkpt lat="46.23951" lon="12.012720000000002">
        <time>2026-08-19T18:18:37Z</time>
      </trkpt>
      <trkpt lat="46.23951" lon="12.0127">
        <time>2026-08-19T18:18:38Z</time>
      </trkpt>
      <trkpt lat="46.239520000000006" lon="12.012690000000001">
        <time>2026-08-19T18:18:39Z</time>
      </trkpt>
      <trkpt lat="46.23953" lon="12.012670000000002">
        <time>2026-08-19T18:18:40Z</time>
      </trkpt>
      <trkpt lat="46.239540000000005" lon="12.01266">
        <time>2026-08-19T18:18:41Z</time>
      </trkpt>
      <trkpt lat="46.239540000000005" lon="12.012640000000001">
        <time>2026-08-19T18:18:42Z</time>
      </trkpt>
      <trkpt lat="46.239540000000005" lon="12.012620000000002">
        <time>2026-08-19T18:18:43Z</time>
      </trkpt>
      <trkpt lat="46.23955" lon="12.0126">
        <time>2026-08-19T18:18:44Z</time>
      </trkpt>
      <trkpt lat="46.23955" lon="12.012590000000001">
        <time>2026-08-19T18:18:45Z</time>
      </trkpt>
      <trkpt lat="46.23955" lon="12.01257">
        <time>2026-08-19T18:18:46Z</time>
      </trkpt>
      <trkpt lat="46.23955" lon="12.012550000000001">
        <time>2026-08-19T18:18:47Z</time>
      </trkpt>
      <trkpt lat="46.239560000000004" lon="12.012530000000002">
        <time>2026-08-19T18:18:48Z</time>
      </trkpt>
      <trkpt lat="46.239560000000004" lon="12.01252">
        <time>2026-08-19T18:18:48Z</time>
      </trkpt>
      <trkpt lat="46.239560000000004" lon="12.012500000000001">
        <time>2026-08-19T18:18:49Z</time>
      </trkpt>
      <trkpt lat="46.239560000000004" lon="12.012480000000002">
        <time>2026-08-19T18:18:50Z</time>
      </trkpt>
      <trkpt lat="46.239560000000004" lon="12.01246">
        <time>2026-08-19T18:18:51Z</time>
      </trkpt>
      <trkpt lat="46.23957" lon="12.012440000000002">
        <time>2026-08-19T18:18:53Z</time>
      </trkpt>
      <trkpt lat="46.23957" lon="12.01242">
        <time>2026-08-19T18:18:54Z</time>
      </trkpt>
      <trkpt lat="46.23957" lon="12.012400000000001">
        <time>2026-08-19T18:18:55Z</time>
      </trkpt>
      <trkpt lat="46.23957" lon="12.01238">
        <time>2026-08-19T18:18:56Z</time>
      </trkpt>
      <trkpt lat="46.23957" lon="12.012360000000001">
        <time>2026-08-19T18:18:57Z</time>
      </trkpt>
      <trkpt lat="46.23957" lon="12.012340000000002">
        <time>2026-08-19T18:18:58Z</time>
      </trkpt>
      <trkpt lat="46.23957" lon="12.01232">
        <time>2026-08-19T18:18:59Z</time>
      </trkpt>
      <trkpt lat="46.23957" lon="12.012310000000001">
        <time>2026-08-19T18:18:59Z</time>
      </trkpt>
      <trkpt lat="46.23957" lon="12.01229">
        <time>2026-08-19T18:19:00Z</time>
      </trkpt>
      <trkpt lat="46.23957" lon="12.012270000000001">
        <time>2026-08-19T18:19:01Z</time>
      </trkpt>
      <trkpt lat="46.23957" lon="12.012260000000001">
        <time>2026-08-19T18:19:01Z</time>
      </trkpt>
      <trkpt lat="46.23957" lon="12.01224">
        <time>2026-08-19T18:19:02Z</time>
      </trkpt>
      <trkpt lat="46.23957" lon="12.012220000000001">
        <time>2026-08-19T18:19:03Z</time>
      </trkpt>
      <trkpt lat="46.23957" lon="12.012210000000001">
        <time>2026-08-19T18:19:04Z</time>
      </trkpt>
      <trkpt lat="46.23957" lon="12.01219">
        <time>2026-08-19T18:19:05Z</time>
      </trkpt>
      <trkpt lat="46.23957" lon="12.01218">
        <time>2026-08-19T18:19:05Z</time>
      </trkpt>
      <trkpt lat="46.23957" lon="12.012160000000002">
        <time>2026-08-19T18:19:06Z</time>
      </trkpt>
      <trkpt lat="46.239560000000004" lon="12.01214">
        <time>2026-08-19T18:19:08Z</time>
      </trkpt>
      <trkpt lat="46.239560000000004" lon="12.012120000000001">
        <time>2026-08-19T18:19:09Z</time>
      </trkpt>
      <trkpt lat="46.239560000000004" lon="12.012110000000002">
        <time>2026-08-19T18:19:09Z</time>
      </trkpt>
      <trkpt lat="46.239560000000004" lon="12.01209">
        <time>2026-08-19T18:19:10Z</time>
      </trkpt>
      <trkpt lat="46.239560000000004" lon="12.012070000000001">
        <time>2026-08-19T18:19:11Z</time>
      </trkpt>
      <trkpt lat="46.239560000000004" lon="12.012070000000001">
        <time>2026-08-19T18:19:11Z</time>
      </trkpt>
      <trkpt lat="46.239560000000004" lon="12.01204">
        <time>2026-08-19T18:19:12Z</time>
      </trkpt>
      <trkpt lat="46.239560000000004" lon="12.012020000000001">
        <time>2026-08-19T18:19:13Z</time>
      </trkpt>
      <trkpt lat="46.239560000000004" lon="12.012010000000002">
        <time>2026-08-19T18:19:14Z</time>
      </trkpt>
      <trkpt lat="46.23955" lon="12.01199">
        <time>2026-08-19T18:19:15Z</time>
      </trkpt>
      <trkpt lat="46.23955" lon="12.011970000000002">
        <time>2026-08-19T18:19:16Z</time>
      </trkpt>
      <trkpt lat="46.239540000000005" lon="12.01195">
        <time>2026-08-19T18:19:17Z</time>
      </trkpt>
      <trkpt lat="46.239540000000005" lon="12.011930000000001">
        <time>2026-08-19T18:19:18Z</time>
      </trkpt>
      <trkpt lat="46.239540000000005" lon="12.01191">
        <time>2026-08-19T18:19:19Z</time>
      </trkpt>
      <trkpt lat="46.239540000000005" lon="12.01191">
        <time>2026-08-19T18:19:19Z</time>
      </trkpt>
      <trkpt lat="46.23953" lon="12.011880000000001">
        <time>2026-08-19T18:19:21Z</time>
      </trkpt>
      <trkpt lat="46.239520000000006" lon="12.01186">
        <time>2026-08-19T18:19:22Z</time>
      </trkpt>
      <trkpt lat="46.239520000000006" lon="12.01186">
        <time>2026-08-19T18:19:22Z</time>
      </trkpt>
      <trkpt lat="46.23951" lon="12.01182">
        <time>2026-08-19T18:19:24Z</time>
      </trkpt>
      <trkpt lat="46.23951" lon="12.011800000000001">
        <time>2026-08-19T18:19:25Z</time>
      </trkpt>
      <trkpt lat="46.23951" lon="12.011780000000002">
        <time>2026-08-19T18:19:26Z</time>
      </trkpt>
      <trkpt lat="46.23951" lon="12.01176">
        <time>2026-08-19T18:19:27Z</time>
      </trkpt>
      <trkpt lat="46.23951" lon="12.011750000000001">
        <time>2026-08-19T18:19:28Z</time>
      </trkpt>
      <trkpt lat="46.23950000000001" lon="12.011730000000002">
        <time>2026-08-19T18:19:29Z</time>
      </trkpt>
      <trkpt lat="46.23950000000001" lon="12.01171">
        <time>2026-08-19T18:19:30Z</time>
      </trkpt>
      <trkpt lat="46.23950000000001" lon="12.011690000000002">
        <time>2026-08-19T18:19:31Z</time>
      </trkpt>
      <trkpt lat="46.23950000000001" lon="12.01168">
        <time>2026-08-19T18:19:31Z</time>
      </trkpt>
      <trkpt lat="46.23949" lon="12.011660000000001">
        <time>2026-08-19T18:19:32Z</time>
      </trkpt>
      <trkpt lat="46.23949" lon="12.011640000000002">
        <time>2026-08-19T18:19:33Z</time>
      </trkpt>
      <trkpt lat="46.23949" lon="12.01162">
        <time>2026-08-19T18:19:34Z</time>
      </trkpt>
      <trkpt lat="46.23949" lon="12.01162">
        <time>2026-08-19T18:19:34Z</time>
      </trkpt>
      <trkpt lat="46.23948" lon="12.011590000000002">
        <time>2026-08-19T18:19:36Z</time>
      </trkpt>
      <trkpt lat="46.239470000000004" lon="12.01157">
        <time>2026-08-19T18:19:37Z</time>
      </trkpt>
      <trkpt lat="46.23946" lon="12.011560000000001">
        <time>2026-08-19T18:19:38Z</time>
      </trkpt>
      <trkpt lat="46.23946" lon="12.01154">
        <time>2026-08-19T18:19:39Z</time>
      </trkpt>
      <trkpt lat="46.239450000000005" lon="12.01153">
        <time>2026-08-19T18:19:40Z</time>
      </trkpt>
      <trkpt lat="46.23944" lon="12.01152">
        <time>2026-08-19T18:19:41Z</time>
      </trkpt>
      <trkpt lat="46.239430000000006" lon="12.011500000000002">
        <time>2026-08-19T18:19:42Z</time>
      </trkpt>
      <trkpt lat="46.239430000000006" lon="12.01148">
        <time>2026-08-19T18:19:43Z</time>
      </trkpt>
      <trkpt lat="46.23942" lon="12.011470000000001">
        <time>2026-08-19T18:19:44Z</time>
      </trkpt>
      <trkpt lat="46.23942" lon="12.011460000000001">
        <time>2026-08-19T18:19:44Z</time>
      </trkpt>
      <trkpt lat="46.23942" lon="12.011460000000001">
        <time>2026-08-19T18:19:44Z</time>
      </trkpt>
      <trkpt lat="46.23941000000001" lon="12.01144">
        <time>2026-08-19T18:19:46Z</time>
      </trkpt>
      <trkpt lat="46.2394" lon="12.011410000000001">
        <time>2026-08-19T18:19:47Z</time>
      </trkpt>
      <trkpt lat="46.23939000000001" lon="12.011400000000002">
        <time>2026-08-19T18:19:48Z</time>
      </trkpt>
      <trkpt lat="46.239380000000004" lon="12.01138">
        <time>2026-08-19T18:19:49Z</time>
      </trkpt>
      <trkpt lat="46.239380000000004" lon="12.011370000000001">
        <time>2026-08-19T18:19:50Z</time>
      </trkpt>
      <trkpt lat="46.239380000000004" lon="12.011370000000001">
        <time>2026-08-19T18:19:50Z</time>
      </trkpt>
      <trkpt lat="46.239360000000005" lon="12.01135">
        <time>2026-08-19T18:19:51Z</time>
      </trkpt>
      <trkpt lat="46.23935" lon="12.01135">
        <time>2026-08-19T18:19:52Z</time>
      </trkpt>
      <trkpt lat="46.23933" lon="12.01135">
        <time>2026-08-19T18:19:54Z</time>
      </trkpt>
      <trkpt lat="46.239320000000006" lon="12.01134">
        <time>2026-08-19T18:19:54Z</time>
      </trkpt>
      <trkpt lat="46.23930000000001" lon="12.01134">
        <time>2026-08-19T18:19:56Z</time>
      </trkpt>
      <trkpt lat="46.23928" lon="12.01134">
        <time>2026-08-19T18:19:57Z</time>
      </trkpt>
      <trkpt lat="46.23928" lon="12.01134">
        <time>2026-08-19T18:19:57Z</time>
      </trkpt>
      <trkpt lat="46.23926" lon="12.01134">
        <time>2026-08-19T18:19:59Z</time>
      </trkpt>
      <trkpt lat="46.23924" lon="12.01134">
        <time>2026-08-19T18:20:00Z</time>
      </trkpt>
      <trkpt lat="46.239230000000006" lon="12.01134">
        <time>2026-08-19T18:20:01Z</time>
      </trkpt>
      <trkpt lat="46.23922" lon="12.01134">
        <time>2026-08-19T18:20:01Z</time>
      </trkpt>
      <trkpt lat="46.23922" lon="12.01134">
        <time>2026-08-19T18:20:01Z</time>
      </trkpt>
      <trkpt lat="46.23919" lon="12.01134">
        <time>2026-08-19T18:20:04Z</time>
      </trkpt>
      <trkpt lat="46.239180000000005" lon="12.01134">
        <time>2026-08-19T18:20:04Z</time>
      </trkpt>
      <trkpt lat="46.23917" lon="12.01134">
        <time>2026-08-19T18:20:05Z</time>
      </trkpt>
      <trkpt lat="46.23917" lon="12.01134">
        <time>2026-08-19T18:20:05Z</time>
      </trkpt>
      <trkpt lat="46.239140000000006" lon="12.01134">
        <time>2026-08-19T18:20:07Z</time>
      </trkpt>
      <trkpt lat="46.23913" lon="12.01134">
        <time>2026-08-19T18:20:08Z</time>
      </trkpt>
      <trkpt lat="46.23912000000001" lon="12.01134">
        <time>2026-08-19T18:20:09Z</time>
      </trkpt>
      <trkpt lat="46.239110000000004" lon="12.011330000000001">
        <time>2026-08-19T18:20:09Z</time>
      </trkpt>
      <trkpt lat="46.2391" lon="12.011330000000001">
        <time>2026-08-19T18:20:10Z</time>
      </trkpt>
      <trkpt lat="46.239090000000004" lon="12.011330000000001">
        <time>2026-08-19T18:20:11Z</time>
      </trkpt>
      <trkpt lat="46.23908" lon="12.011330000000001">
        <time>2026-08-19T18:20:12Z</time>
      </trkpt>
      <trkpt lat="46.23908" lon="12.011320000000001">
        <time>2026-08-19T18:20:12Z</time>
      </trkpt>
      <trkpt lat="46.239070000000005" lon="12.011310000000002">
        <time>2026-08-19T18:20:13Z</time>
      </trkpt>
      <trkpt lat="46.23906" lon="12.0113">
        <time>2026-08-19T18:20:14Z</time>
      </trkpt>
      <trkpt lat="46.239050000000006" lon="12.01129">
        <time>2026-08-19T18:20:15Z</time>
      </trkpt>
      <trkpt lat="46.23904" lon="12.011280000000001">
        <time>2026-08-19T18:20:15Z</time>
      </trkpt>
      <trkpt lat="46.23904" lon="12.011270000000001">
        <time>2026-08-19T18:20:16Z</time>
      </trkpt>
      <trkpt lat="46.23903000000001" lon="12.011260000000002">
        <time>2026-08-19T18:20:17Z</time>
      </trkpt>
      <trkpt lat="46.23903000000001" lon="12.011260000000002">
        <time>2026-08-19T18:20:17Z</time>
      </trkpt>
      <trkpt lat="46.239020000000004" lon="12.011230000000001">
        <time>2026-08-19T18:20:18Z</time>
      </trkpt>
      <trkpt lat="46.239020000000004" lon="12.011220000000002">
        <time>2026-08-19T18:20:19Z</time>
      </trkpt>
      <trkpt lat="46.23901" lon="12.01121">
        <time>2026-08-19T18:20:20Z</time>
      </trkpt>
      <trkpt lat="46.239000000000004" lon="12.011190000000001">
        <time>2026-08-19T18:20:21Z</time>
      </trkpt>
      <trkpt lat="46.239000000000004" lon="12.011180000000001">
        <time>2026-08-19T18:20:21Z</time>
      </trkpt>
      <trkpt lat="46.239000000000004" lon="12.011180000000001">
        <time>2026-08-19T18:20:21Z</time>
      </trkpt>
      <trkpt lat="46.23899" lon="12.011170000000002">
        <time>2026-08-19T18:20:22Z</time>
      </trkpt>
      <trkpt lat="46.238980000000005" lon="12.01116">
        <time>2026-08-19T18:20:23Z</time>
      </trkpt>
      <trkpt lat="46.23897" lon="12.011140000000001">
        <time>2026-08-19T18:20:24Z</time>
      </trkpt>
      <trkpt lat="46.238960000000006" lon="12.011130000000001">
        <time>2026-08-19T18:20:25Z</time>
      </trkpt>
      <trkpt lat="46.23895" lon="12.011120000000002">
        <time>2026-08-19T18:20:26Z</time>
      </trkpt>
      <trkpt lat="46.23894000000001" lon="12.01111">
        <time>2026-08-19T18:20:27Z</time>
      </trkpt>
      <trkpt lat="46.23893" lon="12.0111">
        <time>2026-08-19T18:20:28Z</time>
      </trkpt>
      <trkpt lat="46.23892" lon="12.011090000000001">
        <time>2026-08-19T18:20:29Z</time>
      </trkpt>
      <trkpt lat="46.238910000000004" lon="12.011080000000002">
        <time>2026-08-19T18:20:30Z</time>
      </trkpt>
      <trkpt lat="46.2389" lon="12.01107">
        <time>2026-08-19T18:20:30Z</time>
      </trkpt>
      <trkpt lat="46.238890000000005" lon="12.01106">
        <time>2026-08-19T18:20:31Z</time>
      </trkpt>
      <trkpt lat="46.23888" lon="12.011050000000001">
        <time>2026-08-19T18:20:32Z</time>
      </trkpt>
      <trkpt lat="46.238870000000006" lon="12.011040000000001">
        <time>2026-08-19T18:20:33Z</time>
      </trkpt>
      <trkpt lat="46.23886" lon="12.011040000000001">
        <time>2026-08-19T18:20:34Z</time>
      </trkpt>
      <trkpt lat="46.238850000000006" lon="12.011030000000002">
        <time>2026-08-19T18:20:35Z</time>
      </trkpt>
      <trkpt lat="46.23884" lon="12.01102">
        <time>2026-08-19T18:20:35Z</time>
      </trkpt>
      <trkpt lat="46.23883000000001" lon="12.01102">
        <time>2026-08-19T18:20:36Z</time>
      </trkpt>
      <trkpt lat="46.238820000000004" lon="12.01102">
        <time>2026-08-19T18:20:37Z</time>
      </trkpt>
      <trkpt lat="46.238800000000005" lon="12.011000000000001">
        <time>2026-08-19T18:20:39Z</time>
      </trkpt>
      <trkpt lat="46.23879" lon="12.011000000000001">
        <time>2026-08-19T18:20:39Z</time>
      </trkpt>
      <trkpt lat="46.238780000000006" lon="12.010990000000001">
        <time>2026-08-19T18:20:40Z</time>
      </trkpt>
      <trkpt lat="46.238780000000006" lon="12.010990000000001">
        <time>2026-08-19T18:20:40Z</time>
      </trkpt>
      <trkpt lat="46.238760000000006" lon="12.01097">
        <time>2026-08-19T18:20:42Z</time>
      </trkpt>
      <trkpt lat="46.23875" lon="12.01096">
        <time>2026-08-19T18:20:43Z</time>
      </trkpt>
      <trkpt lat="46.23874000000001" lon="12.010950000000001">
        <time>2026-08-19T18:20:44Z</time>
      </trkpt>
      <trkpt lat="46.238730000000004" lon="12.010940000000002">
        <time>2026-08-19T18:20:44Z</time>
      </trkpt>
      <trkpt lat="46.23872" lon="12.01093">
        <time>2026-08-19T18:20:45Z</time>
      </trkpt>
      <trkpt lat="46.238710000000005" lon="12.01092">
        <time>2026-08-19T18:20:46Z</time>
      </trkpt>
      <trkpt lat="46.2387" lon="12.01091">
        <time>2026-08-19T18:20:47Z</time>
      </trkpt>
      <trkpt lat="46.238690000000005" lon="12.010900000000001">
        <time>2026-08-19T18:20:48Z</time>
      </trkpt>
      <trkpt lat="46.23868" lon="12.010890000000002">
        <time>2026-08-19T18:20:49Z</time>
      </trkpt>
      <trkpt lat="46.238670000000006" lon="12.01088">
        <time>2026-08-19T18:20:50Z</time>
      </trkpt>
      <trkpt lat="46.23866" lon="12.01087">
        <time>2026-08-19T18:20:50Z</time>
      </trkpt>
      <trkpt lat="46.23866" lon="12.010860000000001">
        <time>2026-08-19T18:20:51Z</time>
      </trkpt>
      <trkpt lat="46.23865000000001" lon="12.010850000000001">
        <time>2026-08-19T18:20:52Z</time>
      </trkpt>
      <trkpt lat="46.238640000000004" lon="12.010840000000002">
        <time>2026-08-19T18:20:53Z</time>
      </trkpt>
      <trkpt lat="46.23863" lon="12.01083">
        <time>2026-08-19T18:20:54Z</time>
      </trkpt>
      <trkpt lat="46.238620000000004" lon="12.010810000000001">
        <time>2026-08-19T18:20:55Z</time>
      </trkpt>
      <trkpt lat="46.238620000000004" lon="12.010810000000001">
        <time>2026-08-19T18:20:55Z</time>
      </trkpt>
      <trkpt lat="46.23861" lon="12.010790000000002">
        <time>2026-08-19T18:20:56Z</time>
      </trkpt>
      <trkpt lat="46.23861" lon="12.010790000000002">
        <time>2026-08-19T18:20:56Z</time>
      </trkpt>
      <trkpt lat="46.23859" lon="12.010760000000001">
        <time>2026-08-19T18:20:58Z</time>
      </trkpt>
      <trkpt lat="46.238580000000006" lon="12.010750000000002">
        <time>2026-08-19T18:20:59Z</time>
      </trkpt>
      <trkpt lat="46.238580000000006" lon="12.010750000000002">
        <time>2026-08-19T18:20:59Z</time>
      </trkpt>
      <trkpt lat="46.23857" lon="12.01073">
        <time>2026-08-19T18:21:00Z</time>
      </trkpt>
      <trkpt lat="46.23856000000001" lon="12.010720000000001">
        <time>2026-08-19T18:21:01Z</time>
      </trkpt>
      <trkpt lat="46.238550000000004" lon="12.010710000000001">
        <time>2026-08-19T18:21:02Z</time>
      </trkpt>
      <trkpt lat="46.23854" lon="12.010700000000002">
        <time>2026-08-19T18:21:03Z</time>
      </trkpt>
      <trkpt lat="46.238530000000004" lon="12.01069">
        <time>2026-08-19T18:21:03Z</time>
      </trkpt>
      <trkpt lat="46.23852" lon="12.010670000000001">
        <time>2026-08-19T18:21:05Z</time>
      </trkpt>
      <trkpt lat="46.238510000000005" lon="12.010660000000001">
        <time>2026-08-19T18:21:06Z</time>
      </trkpt>
      <trkpt lat="46.2385" lon="12.010650000000002">
        <time>2026-08-19T18:21:06Z</time>
      </trkpt>
      <trkpt lat="46.2385" lon="12.010650000000002">
        <time>2026-08-19T18:21:06Z</time>
      </trkpt>
      <trkpt lat="46.238490000000006" lon="12.01064">
        <time>2026-08-19T18:21:07Z</time>
      </trkpt>
      <trkpt lat="46.23848" lon="12.01063">
        <time>2026-08-19T18:21:08Z</time>
      </trkpt>
      <trkpt lat="46.23846" lon="12.010610000000002">
        <time>2026-08-19T18:21:10Z</time>
      </trkpt>
      <trkpt lat="46.23846" lon="12.0106">
        <time>2026-08-19T18:21:10Z</time>
      </trkpt>
      <trkpt lat="46.238440000000004" lon="12.01059">
        <time>2026-08-19T18:21:12Z</time>
      </trkpt>
      <trkpt lat="46.23843" lon="12.01059">
        <time>2026-08-19T18:21:13Z</time>
      </trkpt>
      <trkpt lat="46.238420000000005" lon="12.010580000000001">
        <time>2026-08-19T18:21:13Z</time>
      </trkpt>
      <trkpt lat="46.23841" lon="12.010570000000001">
        <time>2026-08-19T18:21:14Z</time>
      </trkpt>
      <trkpt lat="46.23841" lon="12.010570000000001">
        <time>2026-08-19T18:21:14Z</time>
      </trkpt>
      <trkpt lat="46.238400000000006" lon="12.010570000000001">
        <time>2026-08-19T18:21:15Z</time>
      </trkpt>
      <trkpt lat="46.23838000000001" lon="12.01055">
        <time>2026-08-19T18:21:17Z</time>
      </trkpt>
      <trkpt lat="46.23836000000001" lon="12.01054">
        <time>2026-08-19T18:21:18Z</time>
      </trkpt>
      <trkpt lat="46.238350000000004" lon="12.01054">
        <time>2026-08-19T18:21:19Z</time>
      </trkpt>
      <trkpt lat="46.23834" lon="12.01054">
        <time>2026-08-19T18:21:20Z</time>
      </trkpt>
      <trkpt lat="46.238330000000005" lon="12.010530000000001">
        <time>2026-08-19T18:21:20Z</time>
      </trkpt>
      <trkpt lat="46.23832" lon="12.010530000000001">
        <time>2026-08-19T18:21:21Z</time>
      </trkpt>
      <trkpt lat="46.238310000000006" lon="12.010530000000001">
        <time>2026-08-19T18:21:22Z</time>
      </trkpt>
      <trkpt lat="46.238310000000006" lon="12.010530000000001">
        <time>2026-08-19T18:21:22Z</time>
      </trkpt>
      <trkpt lat="46.23828" lon="12.010520000000001">
        <time>2026-08-19T18:21:24Z</time>
      </trkpt>
      <trkpt lat="46.23827000000001" lon="12.010520000000001">
        <time>2026-08-19T18:21:25Z</time>
      </trkpt>
      <trkpt lat="46.23827000000001" lon="12.010520000000001">
        <time>2026-08-19T18:21:25Z</time>
      </trkpt>
      <trkpt lat="46.238260000000004" lon="12.010510000000002">
        <time>2026-08-19T18:21:26Z</time>
      </trkpt>
      <trkpt lat="46.238260000000004" lon="12.010510000000002">
        <time>2026-08-19T18:21:26Z</time>
      </trkpt>
      <trkpt lat="46.238240000000005" lon="12.010510000000002">
        <time>2026-08-19T18:21:27Z</time>
      </trkpt>
      <trkpt lat="46.23823" lon="12.010510000000002">
        <time>2026-08-19T18:21:28Z</time>
      </trkpt>
      <trkpt lat="46.238200000000006" lon="12.010520000000001">
        <time>2026-08-19T18:21:30Z</time>
      </trkpt>
      <trkpt lat="46.238200000000006" lon="12.010520000000001">
        <time>2026-08-19T18:21:30Z</time>
      </trkpt>
      <trkpt lat="46.23818000000001" lon="12.010520000000001">
        <time>2026-08-19T18:21:31Z</time>
      </trkpt>
      <trkpt lat="46.23818000000001" lon="12.010520000000001">
        <time>2026-08-19T18:21:31Z</time>
      </trkpt>
      <trkpt lat="46.238170000000004" lon="12.010530000000001">
        <time>2026-08-19T18:21:32Z</time>
      </trkpt>
      <trkpt lat="46.23816" lon="12.010530000000001">
        <time>2026-08-19T18:21:33Z</time>
      </trkpt>
      <trkpt lat="46.238150000000005" lon="12.010530000000001">
        <time>2026-08-19T18:21:34Z</time>
      </trkpt>
      <trkpt lat="46.238130000000005" lon="12.01054">
        <time>2026-08-19T18:21:35Z</time>
      </trkpt>
      <trkpt lat="46.23812" lon="12.01055">
        <time>2026-08-19T18:21:36Z</time>
      </trkpt>
      <trkpt lat="46.238110000000006" lon="12.01055">
        <time>2026-08-19T18:21:37Z</time>
      </trkpt>
      <trkpt lat="46.2381" lon="12.01055">
        <time>2026-08-19T18:21:37Z</time>
      </trkpt>
      <trkpt lat="46.2381" lon="12.01055">
        <time>2026-08-19T18:21:37Z</time>
      </trkpt>
      <trkpt lat="46.23809000000001" lon="12.01055">
        <time>2026-08-19T18:21:38Z</time>
      </trkpt>
      <trkpt lat="46.23807" lon="12.01055">
        <time>2026-08-19T18:21:39Z</time>
      </trkpt>
      <trkpt lat="46.238060000000004" lon="12.01055">
        <time>2026-08-19T18:21:40Z</time>
      </trkpt>
      <trkpt lat="46.23805" lon="12.01054">
        <time>2026-08-19T18:21:41Z</time>
      </trkpt>
      <trkpt lat="46.23805" lon="12.01054">
        <time>2026-08-19T18:21:41Z</time>
      </trkpt>
      <trkpt lat="46.238040000000005" lon="12.01054">
        <time>2026-08-19T18:21:42Z</time>
      </trkpt>
      <trkpt lat="46.23803" lon="12.01054">
        <time>2026-08-19T18:21:42Z</time>
      </trkpt>
      <trkpt lat="46.238020000000006" lon="12.010530000000001">
        <time>2026-08-19T18:21:43Z</time>
      </trkpt>
      <trkpt lat="46.23801" lon="12.010530000000001">
        <time>2026-08-19T18:21:44Z</time>
      </trkpt>
      <trkpt lat="46.23800000000001" lon="12.010530000000001">
        <time>2026-08-19T18:21:45Z</time>
      </trkpt>
      <trkpt lat="46.23800000000001" lon="12.010530000000001">
        <time>2026-08-19T18:21:45Z</time>
      </trkpt>
      <trkpt lat="46.23798" lon="12.010520000000001">
        <time>2026-08-19T18:21:46Z</time>
      </trkpt>
      <trkpt lat="46.23796" lon="12.010520000000001">
        <time>2026-08-19T18:21:48Z</time>
      </trkpt>
      <trkpt lat="46.23796" lon="12.010520000000001">
        <time>2026-08-19T18:21:48Z</time>
      </trkpt>
      <trkpt lat="46.237950000000005" lon="12.010510000000002">
        <time>2026-08-19T18:21:48Z</time>
      </trkpt>
      <trkpt lat="46.237950000000005" lon="12.010510000000002">
        <time>2026-08-19T18:21:48Z</time>
      </trkpt>
      <trkpt lat="46.237930000000006" lon="12.0105">
        <time>2026-08-19T18:21:50Z</time>
      </trkpt>
      <trkpt lat="46.237930000000006" lon="12.0105">
        <time>2026-08-19T18:21:50Z</time>
      </trkpt>
      <trkpt lat="46.23791000000001" lon="12.0105">
        <time>2026-08-19T18:21:51Z</time>
      </trkpt>
      <trkpt lat="46.2379" lon="12.01049">
        <time>2026-08-19T18:21:52Z</time>
      </trkpt>
      <trkpt lat="46.23789000000001" lon="12.01049">
        <time>2026-08-19T18:21:53Z</time>
      </trkpt>
      <trkpt lat="46.237880000000004" lon="12.010480000000001">
        <time>2026-08-19T18:21:54Z</time>
      </trkpt>
      <trkpt lat="46.237860000000005" lon="12.010480000000001">
        <time>2026-08-19T18:21:55Z</time>
      </trkpt>
      <trkpt lat="46.237860000000005" lon="12.010480000000001">
        <time>2026-08-19T18:21:55Z</time>
      </trkpt>
      <trkpt lat="46.237840000000006" lon="12.010470000000002">
        <time>2026-08-19T18:21:57Z</time>
      </trkpt>
      <trkpt lat="46.237840000000006" lon="12.010470000000002">
        <time>2026-08-19T18:21:57Z</time>
      </trkpt>
      <trkpt lat="46.237820000000006" lon="12.01046">
        <time>2026-08-19T18:21:58Z</time>
      </trkpt>
      <trkpt lat="46.23780000000001" lon="12.01046">
        <time>2026-08-19T18:22:00Z</time>
      </trkpt>
      <trkpt lat="46.237790000000004" lon="12.01045">
        <time>2026-08-19T18:22:01Z</time>
      </trkpt>
      <trkpt lat="46.23778" lon="12.01045">
        <time>2026-08-19T18:22:01Z</time>
      </trkpt>
      <trkpt lat="46.237770000000005" lon="12.010440000000001">
        <time>2026-08-19T18:22:02Z</time>
      </trkpt>
      <trkpt lat="46.237770000000005" lon="12.010440000000001">
        <time>2026-08-19T18:22:02Z</time>
      </trkpt>
      <trkpt lat="46.237750000000005" lon="12.010430000000001">
        <time>2026-08-19T18:22:04Z</time>
      </trkpt>
      <trkpt lat="46.23774" lon="12.010420000000002">
        <time>2026-08-19T18:22:04Z</time>
      </trkpt>
      <trkpt lat="46.23774" lon="12.010420000000002">
        <time>2026-08-19T18:22:04Z</time>
      </trkpt>
      <trkpt lat="46.23771000000001" lon="12.0104">
        <time>2026-08-19T18:22:07Z</time>
      </trkpt>
      <trkpt lat="46.237700000000004" lon="12.0104">
        <time>2026-08-19T18:22:07Z</time>
      </trkpt>
      <trkpt lat="46.23769" lon="12.010390000000001">
        <time>2026-08-19T18:22:08Z</time>
      </trkpt>
      <trkpt lat="46.237680000000005" lon="12.010380000000001">
        <time>2026-08-19T18:22:09Z</time>
      </trkpt>
      <trkpt lat="46.23767" lon="12.01036">
        <time>2026-08-19T18:22:10Z</time>
      </trkpt>
      <trkpt lat="46.237660000000005" lon="12.01035">
        <time>2026-08-19T18:22:11Z</time>
      </trkpt>
      <trkpt lat="46.23765" lon="12.010340000000001">
        <time>2026-08-19T18:22:12Z</time>
      </trkpt>
      <trkpt lat="46.237640000000006" lon="12.010330000000002">
        <time>2026-08-19T18:22:13Z</time>
      </trkpt>
      <trkpt lat="46.237640000000006" lon="12.01032">
        <time>2026-08-19T18:22:13Z</time>
      </trkpt>
      <trkpt lat="46.23763" lon="12.01031">
        <time>2026-08-19T18:22:14Z</time>
      </trkpt>
      <trkpt lat="46.23763" lon="12.01031">
        <time>2026-08-19T18:22:14Z</time>
      </trkpt>
      <trkpt lat="46.237610000000004" lon="12.010290000000001">
        <time>2026-08-19T18:22:16Z</time>
      </trkpt>
      <trkpt lat="46.2376" lon="12.010280000000002">
        <time>2026-08-19T18:22:17Z</time>
      </trkpt>
      <trkpt lat="46.2376" lon="12.010280000000002">
        <time>2026-08-19T18:22:17Z</time>
      </trkpt>
      <trkpt lat="46.23758" lon="12.010280000000002">
        <time>2026-08-19T18:22:18Z</time>
      </trkpt>
      <trkpt lat="46.23756" lon="12.01026">
        <time>2026-08-19T18:22:20Z</time>
      </trkpt>
      <trkpt lat="46.23754" lon="12.010250000000001">
        <time>2026-08-19T18:22:22Z</time>
      </trkpt>
      <trkpt lat="46.23753000000001" lon="12.010240000000001">
        <time>2026-08-19T18:22:22Z</time>
      </trkpt>
      <trkpt lat="46.23751" lon="12.010230000000002">
        <time>2026-08-19T18:22:24Z</time>
      </trkpt>
      <trkpt lat="46.237500000000004" lon="12.01022">
        <time>2026-08-19T18:22:25Z</time>
      </trkpt>
      <trkpt lat="46.23749" lon="12.01021">
        <time>2026-08-19T18:22:26Z</time>
      </trkpt>
      <trkpt lat="46.237480000000005" lon="12.010200000000001">
        <time>2026-08-19T18:22:26Z</time>
      </trkpt>
      <trkpt lat="46.237460000000006" lon="12.010180000000002">
        <time>2026-08-19T18:22:28Z</time>
      </trkpt>
      <trkpt lat="46.23745" lon="12.010180000000002">
        <time>2026-08-19T18:22:29Z</time>
      </trkpt>
      <trkpt lat="46.23744000000001" lon="12.01016">
        <time>2026-08-19T18:22:30Z</time>
      </trkpt>
      <trkpt lat="46.23743" lon="12.010150000000001">
        <time>2026-08-19T18:22:31Z</time>
      </trkpt>
      <trkpt lat="46.23742000000001" lon="12.010140000000002">
        <time>2026-08-19T18:22:32Z</time>
      </trkpt>
      <trkpt lat="46.237410000000004" lon="12.01013">
        <time>2026-08-19T18:22:33Z</time>
      </trkpt>
      <trkpt lat="46.2374" lon="12.01012">
        <time>2026-08-19T18:22:34Z</time>
      </trkpt>
      <trkpt lat="46.237390000000005" lon="12.01012">
        <time>2026-08-19T18:22:34Z</time>
      </trkpt>
      <trkpt lat="46.23738" lon="12.010110000000001">
        <time>2026-08-19T18:22:35Z</time>
      </trkpt>
      <trkpt lat="46.237370000000006" lon="12.010100000000001">
        <time>2026-08-19T18:22:36Z</time>
      </trkpt>
      <trkpt lat="46.23736" lon="12.010090000000002">
        <time>2026-08-19T18:22:37Z</time>
      </trkpt>
      <trkpt lat="46.237350000000006" lon="12.010090000000002">
        <time>2026-08-19T18:22:38Z</time>
      </trkpt>
      <trkpt lat="46.23734" lon="12.01008">
        <time>2026-08-19T18:22:38Z</time>
      </trkpt>
      <trkpt lat="46.23733000000001" lon="12.01008">
        <time>2026-08-19T18:22:39Z</time>
      </trkpt>
      <trkpt lat="46.237320000000004" lon="12.01007">
        <time>2026-08-19T18:22:40Z</time>
      </trkpt>
      <trkpt lat="46.23731" lon="12.010060000000001">
        <time>2026-08-19T18:22:41Z</time>
      </trkpt>
      <trkpt lat="46.237300000000005" lon="12.010060000000001">
        <time>2026-08-19T18:22:42Z</time>
      </trkpt>
      <trkpt lat="46.237300000000005" lon="12.010060000000001">
        <time>2026-08-19T18:22:42Z</time>
      </trkpt>
      <trkpt lat="46.237280000000005" lon="12.010040000000002">
        <time>2026-08-19T18:22:43Z</time>
      </trkpt>
      <trkpt lat="46.237280000000005" lon="12.010040000000002">
        <time>2026-08-19T18:22:43Z</time>
      </trkpt>
      <trkpt lat="46.237260000000006" lon="12.01002">
        <time>2026-08-19T18:22:45Z</time>
      </trkpt>
      <trkpt lat="46.237260000000006" lon="12.01002">
        <time>2026-08-19T18:22:45Z</time>
      </trkpt>
      <trkpt lat="46.237260000000006" lon="12.01002">
        <time>2026-08-19T18:22:45Z</time>
      </trkpt>
      <trkpt lat="46.23724000000001" lon="12.00999">
        <time>2026-08-19T18:22:47Z</time>
      </trkpt>
      <trkpt lat="46.237230000000004" lon="12.00998">
        <time>2026-08-19T18:22:48Z</time>
      </trkpt>
      <trkpt lat="46.237230000000004" lon="12.00998">
        <time>2026-08-19T18:22:48Z</time>
      </trkpt>
      <trkpt lat="46.237210000000005" lon="12.009960000000001">
        <time>2026-08-19T18:22:50Z</time>
      </trkpt>
      <trkpt lat="46.2372" lon="12.009950000000002">
        <time>2026-08-19T18:22:50Z</time>
      </trkpt>
      <trkpt lat="46.2372" lon="12.009950000000002">
        <time>2026-08-19T18:22:50Z</time>
      </trkpt>
      <trkpt lat="46.237190000000005" lon="12.00994">
        <time>2026-08-19T18:22:51Z</time>
      </trkpt>
      <trkpt lat="46.23718" lon="12.009910000000001">
        <time>2026-08-19T18:22:53Z</time>
      </trkpt>
      <trkpt lat="46.23718" lon="12.009910000000001">
        <time>2026-08-19T18:22:53Z</time>
      </trkpt>
      <trkpt lat="46.237170000000006" lon="12.00989">
        <time>2026-08-19T18:22:54Z</time>
      </trkpt>
      <trkpt lat="46.237170000000006" lon="12.00989">
        <time>2026-08-19T18:22:54Z</time>
      </trkpt>
      <trkpt lat="46.23716" lon="12.009860000000002">
        <time>2026-08-19T18:22:56Z</time>
      </trkpt>
      <trkpt lat="46.23716" lon="12.009860000000002">
        <time>2026-08-19T18:22:56Z</time>
      </trkpt>
      <trkpt lat="46.237140000000004" lon="12.009830000000001">
        <time>2026-08-19T18:22:58Z</time>
      </trkpt>
      <trkpt lat="46.237140000000004" lon="12.009830000000001">
        <time>2026-08-19T18:22:58Z</time>
      </trkpt>
      <trkpt lat="46.23713" lon="12.009810000000002">
        <time>2026-08-19T18:22:59Z</time>
      </trkpt>
      <trkpt lat="46.237120000000004" lon="12.0098">
        <time>2026-08-19T18:23:00Z</time>
      </trkpt>
      <trkpt lat="46.23711" lon="12.00979">
        <time>2026-08-19T18:23:01Z</time>
      </trkpt>
      <trkpt lat="46.237100000000005" lon="12.009780000000001">
        <time>2026-08-19T18:23:02Z</time>
      </trkpt>
      <trkpt lat="46.23709" lon="12.009770000000001">
        <time>2026-08-19T18:23:02Z</time>
      </trkpt>
      <trkpt lat="46.237080000000006" lon="12.009770000000001">
        <time>2026-08-19T18:23:03Z</time>
      </trkpt>
      <trkpt lat="46.23707" lon="12.009760000000002">
        <time>2026-08-19T18:23:04Z</time>
      </trkpt>
      <trkpt lat="46.23705" lon="12.009760000000002">
        <time>2026-08-19T18:23:05Z</time>
      </trkpt>
      <trkpt lat="46.23704" lon="12.009760000000002">
        <time>2026-08-19T18:23:06Z</time>
      </trkpt>
      <trkpt lat="46.237030000000004" lon="12.00975">
        <time>2026-08-19T18:23:07Z</time>
      </trkpt>
      <trkpt lat="46.237010000000005" lon="12.00975">
        <time>2026-08-19T18:23:08Z</time>
      </trkpt>
      <trkpt lat="46.237010000000005" lon="12.00975">
        <time>2026-08-19T18:23:08Z</time>
      </trkpt>
      <trkpt lat="46.23698" lon="12.00974">
        <time>2026-08-19T18:23:11Z</time>
      </trkpt>
      <trkpt lat="46.23696" lon="12.00974">
        <time>2026-08-19T18:23:12Z</time>
      </trkpt>
      <trkpt lat="46.23695000000001" lon="12.00974">
        <time>2026-08-19T18:23:13Z</time>
      </trkpt>
      <trkpt lat="46.23695000000001" lon="12.00974">
        <time>2026-08-19T18:23:13Z</time>
      </trkpt>
      <trkpt lat="46.236920000000005" lon="12.00974">
        <time>2026-08-19T18:23:15Z</time>
      </trkpt>
      <trkpt lat="46.236900000000006" lon="12.00974">
        <time>2026-08-19T18:23:16Z</time>
      </trkpt>
      <trkpt lat="46.23689" lon="12.00974">
        <time>2026-08-19T18:23:17Z</time>
      </trkpt>
      <trkpt lat="46.236880000000006" lon="12.00974">
        <time>2026-08-19T18:23:18Z</time>
      </trkpt>
      <trkpt lat="46.23687" lon="12.00974">
        <time>2026-08-19T18:23:18Z</time>
      </trkpt>
      <trkpt lat="46.23686000000001" lon="12.00974">
        <time>2026-08-19T18:23:19Z</time>
      </trkpt>
      <trkpt lat="46.23684" lon="12.00974">
        <time>2026-08-19T18:23:20Z</time>
      </trkpt>
      <trkpt lat="46.236830000000005" lon="12.009730000000001">
        <time>2026-08-19T18:23:21Z</time>
      </trkpt>
      <trkpt lat="46.23682" lon="12.009730000000001">
        <time>2026-08-19T18:23:22Z</time>
      </trkpt>
      <trkpt lat="46.2368" lon="12.009730000000001">
        <time>2026-08-19T18:23:23Z</time>
      </trkpt>
      <trkpt lat="46.236790000000006" lon="12.009720000000002">
        <time>2026-08-19T18:23:24Z</time>
      </trkpt>
      <trkpt lat="46.23678" lon="12.009720000000002">
        <time>2026-08-19T18:23:25Z</time>
      </trkpt>
      <trkpt lat="46.23677000000001" lon="12.00971">
        <time>2026-08-19T18:23:26Z</time>
      </trkpt>
      <trkpt lat="46.23677000000001" lon="12.00971">
        <time>2026-08-19T18:23:26Z</time>
      </trkpt>
      <trkpt lat="46.23675" lon="12.00969">
        <time>2026-08-19T18:23:28Z</time>
      </trkpt>
      <trkpt lat="46.236740000000005" lon="12.009680000000001">
        <time>2026-08-19T18:23:28Z</time>
      </trkpt>
      <trkpt lat="46.23673" lon="12.009670000000002">
        <time>2026-08-19T18:23:29Z</time>
      </trkpt>
      <trkpt lat="46.236720000000005" lon="12.009670000000002">
        <time>2026-08-19T18:23:30Z</time>
      </trkpt>
      <trkpt lat="46.23671" lon="12.00966">
        <time>2026-08-19T18:23:31Z</time>
      </trkpt>
      <trkpt lat="46.23669" lon="12.00966">
        <time>2026-08-19T18:23:32Z</time>
      </trkpt>
      <trkpt lat="46.23668000000001" lon="12.00965">
        <time>2026-08-19T18:23:33Z</time>
      </trkpt>
      <trkpt lat="46.236670000000004" lon="12.009640000000001">
        <time>2026-08-19T18:23:34Z</time>
      </trkpt>
      <trkpt lat="46.23666" lon="12.009640000000001">
        <time>2026-08-19T18:23:35Z</time>
      </trkpt>
      <trkpt lat="46.23664" lon="12.009630000000001">
        <time>2026-08-19T18:23:36Z</time>
      </trkpt>
      <trkpt lat="46.236630000000005" lon="12.009620000000002">
        <time>2026-08-19T18:23:37Z</time>
      </trkpt>
      <trkpt lat="46.236630000000005" lon="12.009620000000002">
        <time>2026-08-19T18:23:37Z</time>
      </trkpt>
      <trkpt lat="46.236610000000006" lon="12.00961">
        <time>2026-08-19T18:23:39Z</time>
      </trkpt>
      <trkpt lat="46.2366" lon="12.0096">
        <time>2026-08-19T18:23:39Z</time>
      </trkpt>
      <trkpt lat="46.23659000000001" lon="12.009580000000001">
        <time>2026-08-19T18:23:41Z</time>
      </trkpt>
      <trkpt lat="46.236580000000004" lon="12.009570000000002">
        <time>2026-08-19T18:23:42Z</time>
      </trkpt>
      <trkpt lat="46.236580000000004" lon="12.00956">
        <time>2026-08-19T18:23:42Z</time>
      </trkpt>
      <trkpt lat="46.23657" lon="12.00955">
        <time>2026-08-19T18:23:43Z</time>
      </trkpt>
      <trkpt lat="46.236560000000004" lon="12.009540000000001">
        <time>2026-08-19T18:23:44Z</time>
      </trkpt>
      <trkpt lat="46.23655" lon="12.00952">
        <time>2026-08-19T18:23:45Z</time>
      </trkpt>
      <trkpt lat="46.23655" lon="12.00951">
        <time>2026-08-19T18:23:45Z</time>
      </trkpt>
      <trkpt lat="46.23653" lon="12.009500000000001">
        <time>2026-08-19T18:23:47Z</time>
      </trkpt>
      <trkpt lat="46.23653" lon="12.009490000000001">
        <time>2026-08-19T18:23:47Z</time>
      </trkpt>
      <trkpt lat="46.236520000000006" lon="12.009480000000002">
        <time>2026-08-19T18:23:48Z</time>
      </trkpt>
      <trkpt lat="46.23650000000001" lon="12.00947">
        <time>2026-08-19T18:23:50Z</time>
      </trkpt>
      <trkpt lat="46.23650000000001" lon="12.00946">
        <time>2026-08-19T18:23:50Z</time>
      </trkpt>
      <trkpt lat="46.23648" lon="12.009450000000001">
        <time>2026-08-19T18:23:52Z</time>
      </trkpt>
      <trkpt lat="46.23648" lon="12.009440000000001">
        <time>2026-08-19T18:23:52Z</time>
      </trkpt>
      <trkpt lat="46.23646" lon="12.009440000000001">
        <time>2026-08-19T18:23:54Z</time>
      </trkpt>
      <trkpt lat="46.23646" lon="12.009430000000002">
        <time>2026-08-19T18:23:54Z</time>
      </trkpt>
      <trkpt lat="46.23646" lon="12.009430000000002">
        <time>2026-08-19T18:23:54Z</time>
      </trkpt>
      <trkpt lat="46.23644" lon="12.00941">
        <time>2026-08-19T18:23:56Z</time>
      </trkpt>
      <trkpt lat="46.23644" lon="12.009400000000001">
        <time>2026-08-19T18:23:56Z</time>
      </trkpt>
      <trkpt lat="46.236430000000006" lon="12.009390000000002">
        <time>2026-08-19T18:23:57Z</time>
      </trkpt>
      <trkpt lat="46.23642" lon="12.00938">
        <time>2026-08-19T18:23:58Z</time>
      </trkpt>
      <trkpt lat="46.23641000000001" lon="12.00937">
        <time>2026-08-19T18:23:59Z</time>
      </trkpt>
      <trkpt lat="46.2364" lon="12.009360000000001">
        <time>2026-08-19T18:24:00Z</time>
      </trkpt>
      <trkpt lat="46.2364" lon="12.009340000000002">
        <time>2026-08-19T18:24:01Z</time>
      </trkpt>
      <trkpt lat="46.2364" lon="12.009340000000002">
        <time>2026-08-19T18:24:01Z</time>
      </trkpt>
      <trkpt lat="46.236380000000004" lon="12.00932">
        <time>2026-08-19T18:24:02Z</time>
      </trkpt>
      <trkpt lat="46.236380000000004" lon="12.009300000000001">
        <time>2026-08-19T18:24:03Z</time>
      </trkpt>
      <trkpt lat="46.23637" lon="12.009290000000002">
        <time>2026-08-19T18:24:04Z</time>
      </trkpt>
      <trkpt lat="46.23637" lon="12.00928">
        <time>2026-08-19T18:24:05Z</time>
      </trkpt>
      <trkpt lat="46.236360000000005" lon="12.009260000000001">
        <time>2026-08-19T18:24:06Z</time>
      </trkpt>
      <trkpt lat="46.236360000000005" lon="12.009250000000002">
        <time>2026-08-19T18:24:07Z</time>
      </trkpt>
      <trkpt lat="46.23635" lon="12.00923">
        <time>2026-08-19T18:24:08Z</time>
      </trkpt>
      <trkpt lat="46.236340000000006" lon="12.009220000000001">
        <time>2026-08-19T18:24:09Z</time>
      </trkpt>
      <trkpt lat="46.236340000000006" lon="12.009210000000001">
        <time>2026-08-19T18:24:09Z</time>
      </trkpt>
      <trkpt lat="46.23633" lon="12.00919">
        <time>2026-08-19T18:24:10Z</time>
      </trkpt>
      <trkpt lat="46.23633" lon="12.00919">
        <time>2026-08-19T18:24:10Z</time>
      </trkpt>
      <trkpt lat="46.236320000000006" lon="12.009160000000001">
        <time>2026-08-19T18:24:12Z</time>
      </trkpt>
      <trkpt lat="46.23631" lon="12.009150000000002">
        <time>2026-08-19T18:24:13Z</time>
      </trkpt>
      <trkpt lat="46.23630000000001" lon="12.00913">
        <time>2026-08-19T18:24:14Z</time>
      </trkpt>
      <trkpt lat="46.23630000000001" lon="12.00913">
        <time>2026-08-19T18:24:14Z</time>
      </trkpt>
      <trkpt lat="46.236290000000004" lon="12.009110000000002">
        <time>2026-08-19T18:24:15Z</time>
      </trkpt>
      <trkpt lat="46.236290000000004" lon="12.0091">
        <time>2026-08-19T18:24:16Z</time>
      </trkpt>
      <trkpt lat="46.23628" lon="12.00908">
        <time>2026-08-19T18:24:17Z</time>
      </trkpt>
      <trkpt lat="46.236270000000005" lon="12.009070000000001">
        <time>2026-08-19T18:24:18Z</time>
      </trkpt>
      <trkpt lat="46.236270000000005" lon="12.009060000000002">
        <time>2026-08-19T18:24:18Z</time>
      </trkpt>
      <trkpt lat="46.23626" lon="12.00904">
        <time>2026-08-19T18:24:19Z</time>
      </trkpt>
      <trkpt lat="46.23626" lon="12.009030000000001">
        <time>2026-08-19T18:24:20Z</time>
      </trkpt>
      <trkpt lat="46.23626" lon="12.009020000000001">
        <time>2026-08-19T18:24:20Z</time>
      </trkpt>
      <trkpt lat="46.236250000000005" lon="12.009">
        <time>2026-08-19T18:24:22Z</time>
      </trkpt>
      <trkpt lat="46.236250000000005" lon="12.00899">
        <time>2026-08-19T18:24:22Z</time>
      </trkpt>
      <trkpt lat="46.236250000000005" lon="12.008970000000001">
        <time>2026-08-19T18:24:23Z</time>
      </trkpt>
      <trkpt lat="46.23624" lon="12.008960000000002">
        <time>2026-08-19T18:24:24Z</time>
      </trkpt>
      <trkpt lat="46.23624" lon="12.00894">
        <time>2026-08-19T18:24:25Z</time>
      </trkpt>
      <trkpt lat="46.23624" lon="12.008920000000002">
        <time>2026-08-19T18:24:26Z</time>
      </trkpt>
      <trkpt lat="46.236230000000006" lon="12.00891">
        <time>2026-08-19T18:24:27Z</time>
      </trkpt>
      <trkpt lat="46.23622" lon="12.0089">
        <time>2026-08-19T18:24:28Z</time>
      </trkpt>
      <trkpt lat="46.23622" lon="12.008880000000001">
        <time>2026-08-19T18:24:29Z</time>
      </trkpt>
      <trkpt lat="46.23622" lon="12.008880000000001">
        <time>2026-08-19T18:24:29Z</time>
      </trkpt>
      <trkpt lat="46.23621000000001" lon="12.008840000000001">
        <time>2026-08-19T18:24:31Z</time>
      </trkpt>
      <trkpt lat="46.23621000000001" lon="12.008830000000001">
        <time>2026-08-19T18:24:31Z</time>
      </trkpt>
      <trkpt lat="46.23621000000001" lon="12.008830000000001">
        <time>2026-08-19T18:24:31Z</time>
      </trkpt>
      <trkpt lat="46.236200000000004" lon="12.00881">
        <time>2026-08-19T18:24:32Z</time>
      </trkpt>
      <trkpt lat="46.236200000000004" lon="12.0088">
        <time>2026-08-19T18:24:33Z</time>
      </trkpt>
      <trkpt lat="46.23619" lon="12.008780000000002">
        <time>2026-08-19T18:24:34Z</time>
      </trkpt>
      <trkpt lat="46.236180000000004" lon="12.00876">
        <time>2026-08-19T18:24:35Z</time>
      </trkpt>
      <trkpt lat="46.23617" lon="12.008730000000002">
        <time>2026-08-19T18:24:37Z</time>
      </trkpt>
      <trkpt lat="46.236160000000005" lon="12.00871">
        <time>2026-08-19T18:24:38Z</time>
      </trkpt>
      <trkpt lat="46.23615" lon="12.008700000000001">
        <time>2026-08-19T18:24:39Z</time>
      </trkpt>
      <trkpt lat="46.23615" lon="12.008680000000002">
        <time>2026-08-19T18:24:40Z</time>
      </trkpt>
      <trkpt lat="46.23615" lon="12.008680000000002">
        <time>2026-08-19T18:24:40Z</time>
      </trkpt>
      <trkpt lat="46.236140000000006" lon="12.00867">
        <time>2026-08-19T18:24:41Z</time>
      </trkpt>
      <trkpt lat="46.236140000000006" lon="12.00866">
        <time>2026-08-19T18:24:41Z</time>
      </trkpt>
      <trkpt lat="46.23613" lon="12.008640000000002">
        <time>2026-08-19T18:24:42Z</time>
      </trkpt>
      <trkpt lat="46.23612000000001" lon="12.008610000000001">
        <time>2026-08-19T18:24:44Z</time>
      </trkpt>
      <trkpt lat="46.23612000000001" lon="12.008610000000001">
        <time>2026-08-19T18:24:44Z</time>
      </trkpt>
      <trkpt lat="46.23612000000001" lon="12.008600000000001">
        <time>2026-08-19T18:24:45Z</time>
      </trkpt>
      <trkpt lat="46.236110000000004" lon="12.008590000000002">
        <time>2026-08-19T18:24:45Z</time>
      </trkpt>
      <trkpt lat="46.2361" lon="12.00858">
        <time>2026-08-19T18:24:46Z</time>
      </trkpt>
      <trkpt lat="46.2361" lon="12.008560000000001">
        <time>2026-08-19T18:24:47Z</time>
      </trkpt>
      <trkpt lat="46.2361" lon="12.008550000000001">
        <time>2026-08-19T18:24:48Z</time>
      </trkpt>
      <trkpt lat="46.236090000000004" lon="12.00853">
        <time>2026-08-19T18:24:49Z</time>
      </trkpt>
      <trkpt lat="46.236090000000004" lon="12.00852">
        <time>2026-08-19T18:24:49Z</time>
      </trkpt>
      <trkpt lat="46.23608" lon="12.008510000000001">
        <time>2026-08-19T18:24:50Z</time>
      </trkpt>
      <trkpt lat="46.236070000000005" lon="12.00849">
        <time>2026-08-19T18:24:52Z</time>
      </trkpt>
      <trkpt lat="46.23606" lon="12.00848">
        <time>2026-08-19T18:24:52Z</time>
      </trkpt>
      <trkpt lat="46.236050000000006" lon="12.008460000000001">
        <time>2026-08-19T18:24:54Z</time>
      </trkpt>
      <trkpt lat="46.236050000000006" lon="12.008450000000002">
        <time>2026-08-19T18:24:54Z</time>
      </trkpt>
      <trkpt lat="46.23604" lon="12.00843">
        <time>2026-08-19T18:24:55Z</time>
      </trkpt>
      <trkpt lat="46.23603000000001" lon="12.008420000000001">
        <time>2026-08-19T18:24:56Z</time>
      </trkpt>
      <trkpt lat="46.23602" lon="12.008400000000002">
        <time>2026-08-19T18:24:57Z</time>
      </trkpt>
      <trkpt lat="46.23601" lon="12.00839">
        <time>2026-08-19T18:24:58Z</time>
      </trkpt>
      <trkpt lat="46.236000000000004" lon="12.008350000000002">
        <time>2026-08-19T18:25:00Z</time>
      </trkpt>
      <trkpt lat="46.23599" lon="12.00834">
        <time>2026-08-19T18:25:01Z</time>
      </trkpt>
      <trkpt lat="46.23599" lon="12.00834">
        <time>2026-08-19T18:25:01Z</time>
      </trkpt>
      <trkpt lat="46.23597" lon="12.008310000000002">
        <time>2026-08-19T18:25:03Z</time>
      </trkpt>
      <trkpt lat="46.23597" lon="12.00829">
        <time>2026-08-19T18:25:04Z</time>
      </trkpt>
      <trkpt lat="46.235960000000006" lon="12.008280000000001">
        <time>2026-08-19T18:25:05Z</time>
      </trkpt>
      <trkpt lat="46.23595" lon="12.008260000000002">
        <time>2026-08-19T18:25:06Z</time>
      </trkpt>
      <trkpt lat="46.23594000000001" lon="12.00825">
        <time>2026-08-19T18:25:07Z</time>
      </trkpt>
      <trkpt lat="46.23594000000001" lon="12.008230000000001">
        <time>2026-08-19T18:25:08Z</time>
      </trkpt>
      <trkpt lat="46.23593" lon="12.008220000000001">
        <time>2026-08-19T18:25:09Z</time>
      </trkpt>
      <trkpt lat="46.23593" lon="12.008220000000001">
        <time>2026-08-19T18:25:09Z</time>
      </trkpt>
      <trkpt lat="46.23592000000001" lon="12.008180000000001">
        <time>2026-08-19T18:25:11Z</time>
      </trkpt>
      <trkpt lat="46.23592000000001" lon="12.00816">
        <time>2026-08-19T18:25:12Z</time>
      </trkpt>
      <trkpt lat="46.235910000000004" lon="12.008140000000001">
        <time>2026-08-19T18:25:13Z</time>
      </trkpt>
      <trkpt lat="46.2359" lon="12.008130000000001">
        <time>2026-08-19T18:25:14Z</time>
      </trkpt>
      <trkpt lat="46.2359" lon="12.00811">
        <time>2026-08-19T18:25:15Z</time>
      </trkpt>
      <trkpt lat="46.235890000000005" lon="12.0081">
        <time>2026-08-19T18:25:16Z</time>
      </trkpt>
      <trkpt lat="46.235890000000005" lon="12.008090000000001">
        <time>2026-08-19T18:25:16Z</time>
      </trkpt>
      <trkpt lat="46.23588" lon="12.008070000000002">
        <time>2026-08-19T18:25:18Z</time>
      </trkpt>
      <trkpt lat="46.235870000000006" lon="12.00806">
        <time>2026-08-19T18:25:18Z</time>
      </trkpt>
      <trkpt lat="46.235870000000006" lon="12.008040000000001">
        <time>2026-08-19T18:25:19Z</time>
      </trkpt>
      <trkpt lat="46.235870000000006" lon="12.00802">
        <time>2026-08-19T18:25:20Z</time>
      </trkpt>
      <trkpt lat="46.23586" lon="12.00801">
        <time>2026-08-19T18:25:21Z</time>
      </trkpt>
      <trkpt lat="46.23586" lon="12.007990000000001">
        <time>2026-08-19T18:25:22Z</time>
      </trkpt>
      <trkpt lat="46.235850000000006" lon="12.007980000000002">
        <time>2026-08-19T18:25:23Z</time>
      </trkpt>
      <trkpt lat="46.235850000000006" lon="12.00796">
        <time>2026-08-19T18:25:24Z</time>
      </trkpt>
      <trkpt lat="46.235850000000006" lon="12.007950000000001">
        <time>2026-08-19T18:25:25Z</time>
      </trkpt>
      <trkpt lat="46.235850000000006" lon="12.007950000000001">
        <time>2026-08-19T18:25:25Z</time>
      </trkpt>
      <trkpt lat="46.23584" lon="12.00792">
        <time>2026-08-19T18:25:26Z</time>
      </trkpt>
      <trkpt lat="46.23584" lon="12.007900000000001">
        <time>2026-08-19T18:25:27Z</time>
      </trkpt>
      <trkpt lat="46.23584" lon="12.00788">
        <time>2026-08-19T18:25:28Z</time>
      </trkpt>
      <trkpt lat="46.23584" lon="12.00788">
        <time>2026-08-19T18:25:28Z</time>
      </trkpt>
      <trkpt lat="46.23583000000001" lon="12.007850000000001">
        <time>2026-08-19T18:25:30Z</time>
      </trkpt>
      <trkpt lat="46.235820000000004" lon="12.007840000000002">
        <time>2026-08-19T18:25:31Z</time>
      </trkpt>
      <trkpt lat="46.235820000000004" lon="12.00783">
        <time>2026-08-19T18:25:31Z</time>
      </trkpt>
      <trkpt lat="46.235820000000004" lon="12.007810000000001">
        <time>2026-08-19T18:25:32Z</time>
      </trkpt>
      <trkpt lat="46.235820000000004" lon="12.007810000000001">
        <time>2026-08-19T18:25:32Z</time>
      </trkpt>
      <trkpt lat="46.23581" lon="12.007790000000002">
        <time>2026-08-19T18:25:33Z</time>
      </trkpt>
      <trkpt lat="46.23581" lon="12.007790000000002">
        <time>2026-08-19T18:25:33Z</time>
      </trkpt>
      <trkpt lat="46.235800000000005" lon="12.007760000000001">
        <time>2026-08-19T18:25:35Z</time>
      </trkpt>
      <trkpt lat="46.23579" lon="12.007750000000001">
        <time>2026-08-19T18:25:36Z</time>
      </trkpt>
      <trkpt lat="46.23579" lon="12.007740000000002">
        <time>2026-08-19T18:25:36Z</time>
      </trkpt>
      <trkpt lat="46.23579" lon="12.00772">
        <time>2026-08-19T18:25:37Z</time>
      </trkpt>
      <trkpt lat="46.235780000000005" lon="12.007710000000001">
        <time>2026-08-19T18:25:38Z</time>
      </trkpt>
      <trkpt lat="46.235780000000005" lon="12.00769">
        <time>2026-08-19T18:25:39Z</time>
      </trkpt>
      <trkpt lat="46.23577" lon="12.00768">
        <time>2026-08-19T18:25:40Z</time>
      </trkpt>
      <trkpt lat="46.235760000000006" lon="12.007660000000001">
        <time>2026-08-19T18:25:41Z</time>
      </trkpt>
      <trkpt lat="46.235760000000006" lon="12.007650000000002">
        <time>2026-08-19T18:25:42Z</time>
      </trkpt>
      <trkpt lat="46.235760000000006" lon="12.007650000000002">
        <time>2026-08-19T18:25:42Z</time>
      </trkpt>
      <trkpt lat="46.235760000000006" lon="12.00764">
        <time>2026-08-19T18:25:42Z</time>
      </trkpt>
      <trkpt lat="46.23575" lon="12.007610000000001">
        <time>2026-08-19T18:25:44Z</time>
      </trkpt>
      <trkpt lat="46.23574000000001" lon="12.007600000000002">
        <time>2026-08-19T18:25:45Z</time>
      </trkpt>
      <trkpt lat="46.23574000000001" lon="12.007600000000002">
        <time>2026-08-19T18:25:45Z</time>
      </trkpt>
      <trkpt lat="46.235730000000004" lon="12.007570000000001">
        <time>2026-08-19T18:25:46Z</time>
      </trkpt>
      <trkpt lat="46.23572" lon="12.007560000000002">
        <time>2026-08-19T18:25:47Z</time>
      </trkpt>
      <trkpt lat="46.23572" lon="12.007560000000002">
        <time>2026-08-19T18:25:47Z</time>
      </trkpt>
      <trkpt lat="46.235710000000005" lon="12.007530000000001">
        <time>2026-08-19T18:25:49Z</time>
      </trkpt>
      <trkpt lat="46.235710000000005" lon="12.007510000000002">
        <time>2026-08-19T18:25:50Z</time>
      </trkpt>
      <trkpt lat="46.2357" lon="12.0075">
        <time>2026-08-19T18:25:51Z</time>
      </trkpt>
      <trkpt lat="46.235690000000005" lon="12.00749">
        <time>2026-08-19T18:25:51Z</time>
      </trkpt>
      <trkpt lat="46.235690000000005" lon="12.007470000000001">
        <time>2026-08-19T18:25:52Z</time>
      </trkpt>
      <trkpt lat="46.23568" lon="12.007460000000002">
        <time>2026-08-19T18:25:53Z</time>
      </trkpt>
      <trkpt lat="46.235670000000006" lon="12.00744">
        <time>2026-08-19T18:25:55Z</time>
      </trkpt>
      <trkpt lat="46.23566" lon="12.007430000000001">
        <time>2026-08-19T18:25:55Z</time>
      </trkpt>
      <trkpt lat="46.23566" lon="12.007420000000002">
        <time>2026-08-19T18:25:56Z</time>
      </trkpt>
      <trkpt lat="46.23565000000001" lon="12.0074">
        <time>2026-08-19T18:25:57Z</time>
      </trkpt>
      <trkpt lat="46.235640000000004" lon="12.007380000000001">
        <time>2026-08-19T18:25:58Z</time>
      </trkpt>
      <trkpt lat="46.235640000000004" lon="12.00736">
        <time>2026-08-19T18:25:59Z</time>
      </trkpt>
      <trkpt lat="46.23563" lon="12.00735">
        <time>2026-08-19T18:26:00Z</time>
      </trkpt>
      <trkpt lat="46.235620000000004" lon="12.007330000000001">
        <time>2026-08-19T18:26:01Z</time>
      </trkpt>
      <trkpt lat="46.235620000000004" lon="12.00731">
        <time>2026-08-19T18:26:02Z</time>
      </trkpt>
      <trkpt lat="46.23561" lon="12.007290000000001">
        <time>2026-08-19T18:26:04Z</time>
      </trkpt>
      <trkpt lat="46.235600000000005" lon="12.00727">
        <time>2026-08-19T18:26:05Z</time>
      </trkpt>
      <trkpt lat="46.235600000000005" lon="12.00725">
        <time>2026-08-19T18:26:06Z</time>
      </trkpt>
      <trkpt lat="46.235600000000005" lon="12.00725">
        <time>2026-08-19T18:26:06Z</time>
      </trkpt>
      <trkpt lat="46.23559" lon="12.007200000000001">
        <time>2026-08-19T18:26:08Z</time>
      </trkpt>
      <trkpt lat="46.235580000000006" lon="12.007180000000002">
        <time>2026-08-19T18:26:09Z</time>
      </trkpt>
      <trkpt lat="46.235580000000006" lon="12.00716">
        <time>2026-08-19T18:26:10Z</time>
      </trkpt>
      <trkpt lat="46.235580000000006" lon="12.007140000000001">
        <time>2026-08-19T18:26:11Z</time>
      </trkpt>
      <trkpt lat="46.235580000000006" lon="12.007130000000002">
        <time>2026-08-19T18:26:12Z</time>
      </trkpt>
      <trkpt lat="46.23557" lon="12.00711">
        <time>2026-08-19T18:26:13Z</time>
      </trkpt>
      <trkpt lat="46.23557" lon="12.007090000000002">
        <time>2026-08-19T18:26:14Z</time>
      </trkpt>
      <trkpt lat="46.23556000000001" lon="12.00707">
        <time>2026-08-19T18:26:15Z</time>
      </trkpt>
      <trkpt lat="46.23556000000001" lon="12.007060000000001">
        <time>2026-08-19T18:26:16Z</time>
      </trkpt>
      <trkpt lat="46.23556000000001" lon="12.007040000000002">
        <time>2026-08-19T18:26:17Z</time>
      </trkpt>
      <trkpt lat="46.23555" lon="12.00703">
        <time>2026-08-19T18:26:18Z</time>
      </trkpt>
      <trkpt lat="46.23555" lon="12.00703">
        <time>2026-08-19T18:26:18Z</time>
      </trkpt>
      <trkpt lat="46.23555" lon="12.007000000000001">
        <time>2026-08-19T18:26:19Z</time>
      </trkpt>
      <trkpt lat="46.23554" lon="12.00698">
        <time>2026-08-19T18:26:20Z</time>
      </trkpt>
      <trkpt lat="46.23554" lon="12.006960000000001">
        <time>2026-08-19T18:26:21Z</time>
      </trkpt>
      <trkpt lat="46.23554" lon="12.006950000000002">
        <time>2026-08-19T18:26:22Z</time>
      </trkpt>
      <trkpt lat="46.23554" lon="12.00694">
        <time>2026-08-19T18:26:22Z</time>
      </trkpt>
      <trkpt lat="46.235530000000004" lon="12.006920000000001">
        <time>2026-08-19T18:26:23Z</time>
      </trkpt>
      <trkpt lat="46.235530000000004" lon="12.006910000000001">
        <time>2026-08-19T18:26:24Z</time>
      </trkpt>
      <trkpt lat="46.235530000000004" lon="12.00689">
        <time>2026-08-19T18:26:25Z</time>
      </trkpt>
      <trkpt lat="46.23552" lon="12.00688">
        <time>2026-08-19T18:26:26Z</time>
      </trkpt>
      <trkpt lat="46.23552" lon="12.006870000000001">
        <time>2026-08-19T18:26:26Z</time>
      </trkpt>
      <trkpt lat="46.23552" lon="12.006860000000001">
        <time>2026-08-19T18:26:27Z</time>
      </trkpt>
      <trkpt lat="46.23552" lon="12.006850000000002">
        <time>2026-08-19T18:26:27Z</time>
      </trkpt>
      <trkpt lat="46.235510000000005" lon="12.00683">
        <time>2026-08-19T18:26:28Z</time>
      </trkpt>
      <trkpt lat="46.235510000000005" lon="12.006820000000001">
        <time>2026-08-19T18:26:29Z</time>
      </trkpt>
      <trkpt lat="46.235510000000005" lon="12.006810000000002">
        <time>2026-08-19T18:26:29Z</time>
      </trkpt>
      <trkpt lat="46.235510000000005" lon="12.00679">
        <time>2026-08-19T18:26:30Z</time>
      </trkpt>
      <trkpt lat="46.235510000000005" lon="12.006780000000001">
        <time>2026-08-19T18:26:31Z</time>
      </trkpt>
      <trkpt lat="46.235510000000005" lon="12.006780000000001">
        <time>2026-08-19T18:26:31Z</time>
      </trkpt>
      <trkpt lat="46.2355" lon="12.00675">
        <time>2026-08-19T18:26:33Z</time>
      </trkpt>
      <trkpt lat="46.2355" lon="12.006730000000001">
        <time>2026-08-19T18:26:34Z</time>
      </trkpt>
      <trkpt lat="46.2355" lon="12.006720000000001">
        <time>2026-08-19T18:26:34Z</time>
      </trkpt>
      <trkpt lat="46.2355" lon="12.0067">
        <time>2026-08-19T18:26:35Z</time>
      </trkpt>
      <trkpt lat="46.235490000000006" lon="12.00669">
        <time>2026-08-19T18:26:36Z</time>
      </trkpt>
      <trkpt lat="46.235490000000006" lon="12.006670000000002">
        <time>2026-08-19T18:26:37Z</time>
      </trkpt>
      <trkpt lat="46.235490000000006" lon="12.00666">
        <time>2026-08-19T18:26:37Z</time>
      </trkpt>
      <trkpt lat="46.23548" lon="12.00664">
        <time>2026-08-19T18:26:39Z</time>
      </trkpt>
      <trkpt lat="46.23548" lon="12.006630000000001">
        <time>2026-08-19T18:26:39Z</time>
      </trkpt>
      <trkpt lat="46.23548" lon="12.006620000000002">
        <time>2026-08-19T18:26:39Z</time>
      </trkpt>
      <trkpt lat="46.23548" lon="12.0066">
        <time>2026-08-19T18:26:40Z</time>
      </trkpt>
      <trkpt lat="46.23548" lon="12.006580000000001">
        <time>2026-08-19T18:26:41Z</time>
      </trkpt>
      <trkpt lat="46.23547000000001" lon="12.006570000000002">
        <time>2026-08-19T18:26:42Z</time>
      </trkpt>
      <trkpt lat="46.23547000000001" lon="12.00655">
        <time>2026-08-19T18:26:43Z</time>
      </trkpt>
      <trkpt lat="46.23547000000001" lon="12.006540000000001">
        <time>2026-08-19T18:26:44Z</time>
      </trkpt>
      <trkpt lat="46.23547000000001" lon="12.006520000000002">
        <time>2026-08-19T18:26:45Z</time>
      </trkpt>
      <trkpt lat="46.23547000000001" lon="12.0065">
        <time>2026-08-19T18:26:46Z</time>
      </trkpt>
      <trkpt lat="46.23547000000001" lon="12.006490000000001">
        <time>2026-08-19T18:26:46Z</time>
      </trkpt>
      <trkpt lat="46.23547000000001" lon="12.00647">
        <time>2026-08-19T18:26:47Z</time>
      </trkpt>
      <trkpt lat="46.23547000000001" lon="12.00646">
        <time>2026-08-19T18:26:48Z</time>
      </trkpt>
      <trkpt lat="46.23546" lon="12.006440000000001">
        <time>2026-08-19T18:26:49Z</time>
      </trkpt>
      <trkpt lat="46.23546" lon="12.006430000000002">
        <time>2026-08-19T18:26:49Z</time>
      </trkpt>
      <trkpt lat="46.23546" lon="12.00641">
        <time>2026-08-19T18:26:50Z</time>
      </trkpt>
      <trkpt lat="46.23547000000001" lon="12.006390000000001">
        <time>2026-08-19T18:26:52Z</time>
      </trkpt>
      <trkpt lat="46.23547000000001" lon="12.006380000000002">
        <time>2026-08-19T18:26:52Z</time>
      </trkpt>
      <trkpt lat="46.23547000000001" lon="12.006380000000002">
        <time>2026-08-19T18:26:52Z</time>
      </trkpt>
      <trkpt lat="46.23547000000001" lon="12.00636">
        <time>2026-08-19T18:26:53Z</time>
      </trkpt>
      <trkpt lat="46.23546" lon="12.00633">
        <time>2026-08-19T18:26:55Z</time>
      </trkpt>
      <trkpt lat="46.23546" lon="12.006310000000001">
        <time>2026-08-19T18:26:56Z</time>
      </trkpt>
      <trkpt lat="46.23546" lon="12.006300000000001">
        <time>2026-08-19T18:26:56Z</time>
      </trkpt>
      <trkpt lat="46.23546" lon="12.00628">
        <time>2026-08-19T18:26:57Z</time>
      </trkpt>
      <trkpt lat="46.23546" lon="12.006260000000001">
        <time>2026-08-19T18:26:58Z</time>
      </trkpt>
      <trkpt lat="46.23545000000001" lon="12.006250000000001">
        <time>2026-08-19T18:26:59Z</time>
      </trkpt>
      <trkpt lat="46.23545000000001" lon="12.00623">
        <time>2026-08-19T18:27:00Z</time>
      </trkpt>
      <trkpt lat="46.23545000000001" lon="12.006210000000001">
        <time>2026-08-19T18:27:01Z</time>
      </trkpt>
      <trkpt lat="46.235440000000004" lon="12.006200000000002">
        <time>2026-08-19T18:27:02Z</time>
      </trkpt>
      <trkpt lat="46.235440000000004" lon="12.00618">
        <time>2026-08-19T18:27:03Z</time>
      </trkpt>
      <trkpt lat="46.235440000000004" lon="12.006160000000001">
        <time>2026-08-19T18:27:04Z</time>
      </trkpt>
      <trkpt lat="46.235440000000004" lon="12.006150000000002">
        <time>2026-08-19T18:27:04Z</time>
      </trkpt>
      <trkpt lat="46.23543" lon="12.00613">
        <time>2026-08-19T18:27:05Z</time>
      </trkpt>
      <trkpt lat="46.23543" lon="12.006120000000001">
        <time>2026-08-19T18:27:06Z</time>
      </trkpt>
      <trkpt lat="46.235420000000005" lon="12.006100000000002">
        <time>2026-08-19T18:27:07Z</time>
      </trkpt>
      <trkpt lat="46.235420000000005" lon="12.00609">
        <time>2026-08-19T18:27:08Z</time>
      </trkpt>
      <trkpt lat="46.23541" lon="12.006070000000001">
        <time>2026-08-19T18:27:09Z</time>
      </trkpt>
      <trkpt lat="46.23541" lon="12.006060000000002">
        <time>2026-08-19T18:27:09Z</time>
      </trkpt>
      <trkpt lat="46.23541" lon="12.006060000000002">
        <time>2026-08-19T18:27:09Z</time>
      </trkpt>
      <trkpt lat="46.235400000000006" lon="12.00603">
        <time>2026-08-19T18:27:11Z</time>
      </trkpt>
      <trkpt lat="46.23539" lon="12.006020000000001">
        <time>2026-08-19T18:27:12Z</time>
      </trkpt>
      <trkpt lat="46.23539" lon="12.006">
        <time>2026-08-19T18:27:13Z</time>
      </trkpt>
      <trkpt lat="46.235380000000006" lon="12.00599">
        <time>2026-08-19T18:27:14Z</time>
      </trkpt>
      <trkpt lat="46.235380000000006" lon="12.00599">
        <time>2026-08-19T18:27:14Z</time>
      </trkpt>
      <trkpt lat="46.23537" lon="12.005960000000002">
        <time>2026-08-19T18:27:15Z</time>
      </trkpt>
      <trkpt lat="46.23537" lon="12.00595">
        <time>2026-08-19T18:27:16Z</time>
      </trkpt>
      <trkpt lat="46.23536000000001" lon="12.00594">
        <time>2026-08-19T18:27:17Z</time>
      </trkpt>
      <trkpt lat="46.23536000000001" lon="12.005920000000001">
        <time>2026-08-19T18:27:18Z</time>
      </trkpt>
      <trkpt lat="46.235350000000004" lon="12.005910000000002">
        <time>2026-08-19T18:27:18Z</time>
      </trkpt>
      <trkpt lat="46.23534" lon="12.0059">
        <time>2026-08-19T18:27:19Z</time>
      </trkpt>
      <trkpt lat="46.23534" lon="12.00589">
        <time>2026-08-19T18:27:20Z</time>
      </trkpt>
      <trkpt lat="46.235330000000005" lon="12.005880000000001">
        <time>2026-08-19T18:27:21Z</time>
      </trkpt>
      <trkpt lat="46.23532" lon="12.005870000000002">
        <time>2026-08-19T18:27:22Z</time>
      </trkpt>
      <trkpt lat="46.23532" lon="12.00586">
        <time>2026-08-19T18:27:22Z</time>
      </trkpt>
      <trkpt lat="46.235310000000005" lon="12.00585">
        <time>2026-08-19T18:27:23Z</time>
      </trkpt>
      <trkpt lat="46.235310000000005" lon="12.005840000000001">
        <time>2026-08-19T18:27:23Z</time>
      </trkpt>
      <trkpt lat="46.2353" lon="12.005830000000001">
        <time>2026-08-19T18:27:24Z</time>
      </trkpt>
      <trkpt lat="46.235290000000006" lon="12.005820000000002">
        <time>2026-08-19T18:27:25Z</time>
      </trkpt>
      <trkpt lat="46.235290000000006" lon="12.00581">
        <time>2026-08-19T18:27:26Z</time>
      </trkpt>
      <trkpt lat="46.23528" lon="12.0058">
        <time>2026-08-19T18:27:26Z</time>
      </trkpt>
      <trkpt lat="46.23527000000001" lon="12.005790000000001">
        <time>2026-08-19T18:27:27Z</time>
      </trkpt>
      <trkpt lat="46.23527000000001" lon="12.005790000000001">
        <time>2026-08-19T18:27:27Z</time>
      </trkpt>
      <trkpt lat="46.235260000000004" lon="12.005770000000002">
        <time>2026-08-19T18:27:28Z</time>
      </trkpt>
      <trkpt lat="46.23525" lon="12.00576">
        <time>2026-08-19T18:27:29Z</time>
      </trkpt>
      <trkpt lat="46.235240000000005" lon="12.00575">
        <time>2026-08-19T18:27:30Z</time>
      </trkpt>
      <trkpt lat="46.23523" lon="12.005740000000001">
        <time>2026-08-19T18:27:31Z</time>
      </trkpt>
      <trkpt lat="46.235220000000005" lon="12.005730000000002">
        <time>2026-08-19T18:27:32Z</time>
      </trkpt>
      <trkpt lat="46.23521" lon="12.00572">
        <time>2026-08-19T18:27:33Z</time>
      </trkpt>
      <trkpt lat="46.235200000000006" lon="12.005700000000001">
        <time>2026-08-19T18:27:34Z</time>
      </trkpt>
      <trkpt lat="46.235200000000006" lon="12.005700000000001">
        <time>2026-08-19T18:27:34Z</time>
      </trkpt>
      <trkpt lat="46.23519" lon="12.005690000000001">
        <time>2026-08-19T18:27:35Z</time>
      </trkpt>
      <trkpt lat="46.23519" lon="12.005690000000001">
        <time>2026-08-19T18:27:35Z</time>
      </trkpt>
      <trkpt lat="46.235170000000004" lon="12.00567">
        <time>2026-08-19T18:27:37Z</time>
      </trkpt>
      <trkpt lat="46.23516" lon="12.00566">
        <time>2026-08-19T18:27:37Z</time>
      </trkpt>
      <trkpt lat="46.23516" lon="12.005650000000001">
        <time>2026-08-19T18:27:38Z</time>
      </trkpt>
      <trkpt lat="46.235150000000004" lon="12.005640000000001">
        <time>2026-08-19T18:27:39Z</time>
      </trkpt>
      <trkpt lat="46.235150000000004" lon="12.005630000000002">
        <time>2026-08-19T18:27:39Z</time>
      </trkpt>
      <trkpt lat="46.23514" lon="12.00562">
        <time>2026-08-19T18:27:40Z</time>
      </trkpt>
      <trkpt lat="46.235130000000005" lon="12.00561">
        <time>2026-08-19T18:27:41Z</time>
      </trkpt>
      <trkpt lat="46.235130000000005" lon="12.005600000000001">
        <time>2026-08-19T18:27:41Z</time>
      </trkpt>
      <trkpt lat="46.23512" lon="12.005590000000002">
        <time>2026-08-19T18:27:42Z</time>
      </trkpt>
      <trkpt lat="46.235110000000006" lon="12.00558">
        <time>2026-08-19T18:27:43Z</time>
      </trkpt>
      <trkpt lat="46.235110000000006" lon="12.00557">
        <time>2026-08-19T18:27:44Z</time>
      </trkpt>
      <trkpt lat="46.2351" lon="12.005560000000001">
        <time>2026-08-19T18:27:45Z</time>
      </trkpt>
      <trkpt lat="46.23509000000001" lon="12.005550000000001">
        <time>2026-08-19T18:27:45Z</time>
      </trkpt>
      <trkpt lat="46.23508" lon="12.005540000000002">
        <time>2026-08-19T18:27:46Z</time>
      </trkpt>
      <trkpt lat="46.23508" lon="12.00553">
        <time>2026-08-19T18:27:47Z</time>
      </trkpt>
      <trkpt lat="46.23507" lon="12.00552">
        <time>2026-08-19T18:27:48Z</time>
      </trkpt>
      <trkpt lat="46.235060000000004" lon="12.005510000000001">
        <time>2026-08-19T18:27:48Z</time>
      </trkpt>
      <trkpt lat="46.235060000000004" lon="12.005510000000001">
        <time>2026-08-19T18:27:48Z</time>
      </trkpt>
      <trkpt lat="46.23505" lon="12.00548">
        <time>2026-08-19T18:27:50Z</time>
      </trkpt>
      <trkpt lat="46.23505" lon="12.00548">
        <time>2026-08-19T18:27:50Z</time>
      </trkpt>
      <trkpt lat="46.235040000000005" lon="12.005460000000001">
        <time>2026-08-19T18:27:51Z</time>
      </trkpt>
      <trkpt lat="46.235040000000005" lon="12.005450000000002">
        <time>2026-08-19T18:27:52Z</time>
      </trkpt>
      <trkpt lat="46.235040000000005" lon="12.005450000000002">
        <time>2026-08-19T18:27:52Z</time>
      </trkpt>
      <trkpt lat="46.235040000000005" lon="12.005450000000002">
        <time>2026-08-19T18:27:52Z</time>
      </trkpt>
      <trkpt lat="46.23503" lon="12.00544">
        <time>2026-08-19T18:27:53Z</time>
      </trkpt>
      <trkpt lat="46.23503" lon="12.00544">
        <time>2026-08-19T18:27:53Z</time>
      </trkpt>
      <trkpt lat="46.23503" lon="12.00544">
        <time>2026-08-19T18:27:53Z</time>
      </trkpt>
      <trkpt lat="46.23503" lon="12.00544">
        <time>2026-08-19T18:27:53Z</time>
      </trkpt>
      <trkpt lat="46.23503" lon="12.00544">
        <time>2026-08-19T18:27:53Z</time>
      </trkpt>
      <trkpt lat="46.23503" lon="12.00544">
        <time>2026-08-19T18:27:53Z</time>
      </trkpt>
      <trkpt lat="46.23503" lon="12.00544">
        <time>2026-08-19T18:27:53Z</time>
      </trkpt>
      <trkpt lat="46.23503" lon="12.00544">
        <time>2026-08-19T18:27:53Z</time>
      </trkpt>
      <trkpt lat="46.23503" lon="12.00544">
        <time>2026-08-19T18:27:53Z</time>
      </trkpt>
      <trkpt lat="46.23503" lon="12.00544">
        <time>2026-08-19T18:27:53Z</time>
      </trkpt>
      <trkpt lat="46.23503" lon="12.00544">
        <time>2026-08-19T18:27:53Z</time>
      </trkpt>
      <trkpt lat="46.23503" lon="12.00544">
        <time>2026-08-19T18:27:53Z</time>
      </trkpt>
      <trkpt lat="46.23503" lon="12.00544">
        <time>2026-08-19T18:27:53Z</time>
      </trkpt>
      <trkpt lat="46.23503" lon="12.00544">
        <time>2026-08-19T18:27:53Z</time>
      </trkpt>
      <trkpt lat="46.23503" lon="12.00543">
        <time>2026-08-19T18:27:53Z</time>
      </trkpt>
      <trkpt lat="46.235020000000006" lon="12.00543">
        <time>2026-08-19T18:27:54Z</time>
      </trkpt>
      <trkpt lat="46.235020000000006" lon="12.00543">
        <time>2026-08-19T18:27:54Z</time>
      </trkpt>
      <trkpt lat="46.235020000000006" lon="12.005410000000001">
        <time>2026-08-19T18:27:55Z</time>
      </trkpt>
      <trkpt lat="46.23501" lon="12.005400000000002">
        <time>2026-08-19T18:27:56Z</time>
      </trkpt>
      <trkpt lat="46.23500000000001" lon="12.00539">
        <time>2026-08-19T18:27:57Z</time>
      </trkpt>
      <trkpt lat="46.23500000000001" lon="12.00538">
        <time>2026-08-19T18:27:57Z</time>
      </trkpt>
      <trkpt lat="46.23499" lon="12.005370000000001">
        <time>2026-08-19T18:27:58Z</time>
      </trkpt>
      <trkpt lat="46.23499" lon="12.005370000000001">
        <time>2026-08-19T18:27:58Z</time>
      </trkpt>
      <trkpt lat="46.23498000000001" lon="12.005350000000002">
        <time>2026-08-19T18:27:59Z</time>
      </trkpt>
      <trkpt lat="46.234970000000004" lon="12.00534">
        <time>2026-08-19T18:28:00Z</time>
      </trkpt>
      <trkpt lat="46.234970000000004" lon="12.00534">
        <time>2026-08-19T18:28:00Z</time>
      </trkpt>
      <trkpt lat="46.234970000000004" lon="12.005320000000001">
        <time>2026-08-19T18:28:01Z</time>
      </trkpt>
      <trkpt lat="46.23496" lon="12.005300000000002">
        <time>2026-08-19T18:28:02Z</time>
      </trkpt>
      <trkpt lat="46.23496" lon="12.005300000000002">
        <time>2026-08-19T18:28:02Z</time>
      </trkpt>
      <trkpt lat="46.234950000000005" lon="12.005270000000001">
        <time>2026-08-19T18:28:04Z</time>
      </trkpt>
      <trkpt lat="46.234950000000005" lon="12.005270000000001">
        <time>2026-08-19T18:28:04Z</time>
      </trkpt>
      <trkpt lat="46.23494" lon="12.00525">
        <time>2026-08-19T18:28:05Z</time>
      </trkpt>
      <trkpt lat="46.23494" lon="12.005230000000001">
        <time>2026-08-19T18:28:06Z</time>
      </trkpt>
      <trkpt lat="46.23494" lon="12.005230000000001">
        <time>2026-08-19T18:28:06Z</time>
      </trkpt>
      <trkpt lat="46.234930000000006" lon="12.005220000000001">
        <time>2026-08-19T18:28:07Z</time>
      </trkpt>
      <trkpt lat="46.234930000000006" lon="12.005220000000001">
        <time>2026-08-19T18:28:07Z</time>
      </trkpt>
      <trkpt lat="46.23492" lon="12.005220000000001">
        <time>2026-08-19T18:28:08Z</time>
      </trkpt>
      <trkpt lat="46.23492" lon="12.005210000000002">
        <time>2026-08-19T18:28:08Z</time>
      </trkpt>
      <trkpt lat="46.23492" lon="12.005210000000002">
        <time>2026-08-19T18:28:08Z</time>
      </trkpt>
      <trkpt lat="46.23492" lon="12.005210000000002">
        <time>2026-08-19T18:28:08Z</time>
      </trkpt>
      <trkpt lat="46.23492" lon="12.005210000000002">
        <time>2026-08-19T18:28:08Z</time>
      </trkpt>
      <trkpt lat="46.23492" lon="12.0052">
        <time>2026-08-19T18:28:08Z</time>
      </trkpt>
      <trkpt lat="46.23492" lon="12.0052">
        <time>2026-08-19T18:28:08Z</time>
      </trkpt>
      <trkpt lat="46.23492" lon="12.0052">
        <time>2026-08-19T18:28:08Z</time>
      </trkpt>
      <trkpt lat="46.23492" lon="12.0052">
        <time>2026-08-19T18:28:08Z</time>
      </trkpt>
      <trkpt lat="46.23492" lon="12.0052">
        <time>2026-08-19T18:28:08Z</time>
      </trkpt>
      <trkpt lat="46.23492" lon="12.0052">
        <time>2026-08-19T18:28:08Z</time>
      </trkpt>
      <trkpt lat="46.23492" lon="12.0052">
        <time>2026-08-19T18:28:08Z</time>
      </trkpt>
      <trkpt lat="46.23492" lon="12.00519">
        <time>2026-08-19T18:28:09Z</time>
      </trkpt>
      <trkpt lat="46.23492" lon="12.005180000000001">
        <time>2026-08-19T18:28:09Z</time>
      </trkpt>
      <trkpt lat="46.234910000000006" lon="12.005180000000001">
        <time>2026-08-19T18:28:10Z</time>
      </trkpt>
      <trkpt lat="46.234910000000006" lon="12.005160000000002">
        <time>2026-08-19T18:28:11Z</time>
      </trkpt>
      <trkpt lat="46.234910000000006" lon="12.005160000000002">
        <time>2026-08-19T18:28:11Z</time>
      </trkpt>
      <trkpt lat="46.2349" lon="12.00514">
        <time>2026-08-19T18:28:12Z</time>
      </trkpt>
      <trkpt lat="46.2349" lon="12.005120000000002">
        <time>2026-08-19T18:28:13Z</time>
      </trkpt>
      <trkpt lat="46.23489000000001" lon="12.00511">
        <time>2026-08-19T18:28:14Z</time>
      </trkpt>
      <trkpt lat="46.23489000000001" lon="12.0051">
        <time>2026-08-19T18:28:15Z</time>
      </trkpt>
      <trkpt lat="46.234880000000004" lon="12.005080000000001">
        <time>2026-08-19T18:28:16Z</time>
      </trkpt>
      <trkpt lat="46.234880000000004" lon="12.005080000000001">
        <time>2026-08-19T18:28:16Z</time>
      </trkpt>
      <trkpt lat="46.23487" lon="12.00506">
        <time>2026-08-19T18:28:17Z</time>
      </trkpt>
      <trkpt lat="46.23487" lon="12.005040000000001">
        <time>2026-08-19T18:28:18Z</time>
      </trkpt>
      <trkpt lat="46.234860000000005" lon="12.005030000000001">
        <time>2026-08-19T18:28:19Z</time>
      </trkpt>
      <trkpt lat="46.234860000000005" lon="12.005020000000002">
        <time>2026-08-19T18:28:19Z</time>
      </trkpt>
      <trkpt lat="46.23485" lon="12.005">
        <time>2026-08-19T18:28:21Z</time>
      </trkpt>
      <trkpt lat="46.234840000000005" lon="12.004990000000001">
        <time>2026-08-19T18:28:21Z</time>
      </trkpt>
      <trkpt lat="46.234840000000005" lon="12.004980000000002">
        <time>2026-08-19T18:28:22Z</time>
      </trkpt>
      <trkpt lat="46.23483" lon="12.00496">
        <time>2026-08-19T18:28:23Z</time>
      </trkpt>
      <trkpt lat="46.23483" lon="12.00496">
        <time>2026-08-19T18:28:23Z</time>
      </trkpt>
      <trkpt lat="46.234820000000006" lon="12.004940000000001">
        <time>2026-08-19T18:28:24Z</time>
      </trkpt>
      <trkpt lat="46.23481" lon="12.004930000000002">
        <time>2026-08-19T18:28:25Z</time>
      </trkpt>
      <trkpt lat="46.23481" lon="12.004930000000002">
        <time>2026-08-19T18:28:25Z</time>
      </trkpt>
      <trkpt lat="46.23481" lon="12.004900000000001">
        <time>2026-08-19T18:28:27Z</time>
      </trkpt>
      <trkpt lat="46.23481" lon="12.004900000000001">
        <time>2026-08-19T18:28:27Z</time>
      </trkpt>
      <trkpt lat="46.23480000000001" lon="12.00487">
        <time>2026-08-19T18:28:28Z</time>
      </trkpt>
      <trkpt lat="46.23480000000001" lon="12.00487">
        <time>2026-08-19T18:28:28Z</time>
      </trkpt>
      <trkpt lat="46.23478" lon="12.004840000000002">
        <time>2026-08-19T18:28:30Z</time>
      </trkpt>
      <trkpt lat="46.23478" lon="12.004840000000002">
        <time>2026-08-19T18:28:30Z</time>
      </trkpt>
      <trkpt lat="46.234770000000005" lon="12.00482">
        <time>2026-08-19T18:28:32Z</time>
      </trkpt>
      <trkpt lat="46.234770000000005" lon="12.004800000000001">
        <time>2026-08-19T18:28:33Z</time>
      </trkpt>
      <trkpt lat="46.23476" lon="12.004790000000002">
        <time>2026-08-19T18:28:33Z</time>
      </trkpt>
      <trkpt lat="46.23476" lon="12.004790000000002">
        <time>2026-08-19T18:28:33Z</time>
      </trkpt>
      <trkpt lat="46.234750000000005" lon="12.004760000000001">
        <time>2026-08-19T18:28:35Z</time>
      </trkpt>
      <trkpt lat="46.234750000000005" lon="12.004760000000001">
        <time>2026-08-19T18:28:35Z</time>
      </trkpt>
      <trkpt lat="46.23474" lon="12.004750000000001">
        <time>2026-08-19T18:28:36Z</time>
      </trkpt>
      <trkpt lat="46.234730000000006" lon="12.00472">
        <time>2026-08-19T18:28:38Z</time>
      </trkpt>
      <trkpt lat="46.234730000000006" lon="12.004700000000001">
        <time>2026-08-19T18:28:39Z</time>
      </trkpt>
      <trkpt lat="46.234730000000006" lon="12.004700000000001">
        <time>2026-08-19T18:28:39Z</time>
      </trkpt>
      <trkpt lat="46.23471000000001" lon="12.00468">
        <time>2026-08-19T18:28:40Z</time>
      </trkpt>
      <trkpt lat="46.23471000000001" lon="12.00468">
        <time>2026-08-19T18:28:40Z</time>
      </trkpt>
      <trkpt lat="46.234700000000004" lon="12.004650000000002">
        <time>2026-08-19T18:28:42Z</time>
      </trkpt>
      <trkpt lat="46.23469" lon="12.00464">
        <time>2026-08-19T18:28:43Z</time>
      </trkpt>
      <trkpt lat="46.23469" lon="12.00464">
        <time>2026-08-19T18:28:43Z</time>
      </trkpt>
      <trkpt lat="46.234680000000004" lon="12.004620000000001">
        <time>2026-08-19T18:28:44Z</time>
      </trkpt>
      <trkpt lat="46.23467" lon="12.00459">
        <time>2026-08-19T18:28:46Z</time>
      </trkpt>
      <trkpt lat="46.23467" lon="12.00459">
        <time>2026-08-19T18:28:46Z</time>
      </trkpt>
      <trkpt lat="46.234660000000005" lon="12.004560000000001">
        <time>2026-08-19T18:28:47Z</time>
      </trkpt>
      <trkpt lat="46.234660000000005" lon="12.004560000000001">
        <time>2026-08-19T18:28:47Z</time>
      </trkpt>
      <trkpt lat="46.23465" lon="12.004550000000002">
        <time>2026-08-19T18:28:48Z</time>
      </trkpt>
      <trkpt lat="46.234640000000006" lon="12.00453">
        <time>2026-08-19T18:28:49Z</time>
      </trkpt>
      <trkpt lat="46.23463" lon="12.004520000000001">
        <time>2026-08-19T18:28:50Z</time>
      </trkpt>
      <trkpt lat="46.23462000000001" lon="12.00449">
        <time>2026-08-19T18:28:52Z</time>
      </trkpt>
      <trkpt lat="46.23462000000001" lon="12.00449">
        <time>2026-08-19T18:28:52Z</time>
      </trkpt>
      <trkpt lat="46.23461" lon="12.004470000000001">
        <time>2026-08-19T18:28:53Z</time>
      </trkpt>
      <trkpt lat="46.2346" lon="12.004460000000002">
        <time>2026-08-19T18:28:54Z</time>
      </trkpt>
      <trkpt lat="46.2346" lon="12.00445">
        <time>2026-08-19T18:28:54Z</time>
      </trkpt>
      <trkpt lat="46.234590000000004" lon="12.004430000000001">
        <time>2026-08-19T18:28:56Z</time>
      </trkpt>
      <trkpt lat="46.23458" lon="12.004420000000001">
        <time>2026-08-19T18:28:56Z</time>
      </trkpt>
      <trkpt lat="46.23458" lon="12.0044">
        <time>2026-08-19T18:28:57Z</time>
      </trkpt>
      <trkpt lat="46.23458" lon="12.004380000000001">
        <time>2026-08-19T18:28:58Z</time>
      </trkpt>
      <trkpt lat="46.234570000000005" lon="12.004370000000002">
        <time>2026-08-19T18:28:59Z</time>
      </trkpt>
      <trkpt lat="46.234570000000005" lon="12.00435">
        <time>2026-08-19T18:29:00Z</time>
      </trkpt>
      <trkpt lat="46.234570000000005" lon="12.004340000000001">
        <time>2026-08-19T18:29:01Z</time>
      </trkpt>
      <trkpt lat="46.23456" lon="12.004320000000002">
        <time>2026-08-19T18:29:02Z</time>
      </trkpt>
      <trkpt lat="46.23456" lon="12.0043">
        <time>2026-08-19T18:29:03Z</time>
      </trkpt>
      <trkpt lat="46.23456" lon="12.004280000000001">
        <time>2026-08-19T18:29:04Z</time>
      </trkpt>
      <trkpt lat="46.234550000000006" lon="12.004270000000002">
        <time>2026-08-19T18:29:05Z</time>
      </trkpt>
      <trkpt lat="46.234550000000006" lon="12.00425">
        <time>2026-08-19T18:29:06Z</time>
      </trkpt>
      <trkpt lat="46.234550000000006" lon="12.004230000000002">
        <time>2026-08-19T18:29:07Z</time>
      </trkpt>
      <trkpt lat="46.234550000000006" lon="12.00421">
        <time>2026-08-19T18:29:08Z</time>
      </trkpt>
      <trkpt lat="46.23454" lon="12.004190000000001">
        <time>2026-08-19T18:29:09Z</time>
      </trkpt>
      <trkpt lat="46.23454" lon="12.00417">
        <time>2026-08-19T18:29:10Z</time>
      </trkpt>
      <trkpt lat="46.23454" lon="12.004150000000001">
        <time>2026-08-19T18:29:11Z</time>
      </trkpt>
      <trkpt lat="46.23453000000001" lon="12.004130000000002">
        <time>2026-08-19T18:29:12Z</time>
      </trkpt>
      <trkpt lat="46.23453000000001" lon="12.004100000000001">
        <time>2026-08-19T18:29:13Z</time>
      </trkpt>
      <trkpt lat="46.23452" lon="12.004080000000002">
        <time>2026-08-19T18:29:15Z</time>
      </trkpt>
      <trkpt lat="46.23452" lon="12.00406">
        <time>2026-08-19T18:29:16Z</time>
      </trkpt>
      <trkpt lat="46.23452" lon="12.004050000000001">
        <time>2026-08-19T18:29:16Z</time>
      </trkpt>
      <trkpt lat="46.23452" lon="12.004050000000001">
        <time>2026-08-19T18:29:16Z</time>
      </trkpt>
      <trkpt lat="46.23452" lon="12.00403">
        <time>2026-08-19T18:29:17Z</time>
      </trkpt>
      <trkpt lat="46.23452" lon="12.004010000000001">
        <time>2026-08-19T18:29:18Z</time>
      </trkpt>
      <trkpt lat="46.23452" lon="12.003990000000002">
        <time>2026-08-19T18:29:19Z</time>
      </trkpt>
      <trkpt lat="46.23452" lon="12.003960000000001">
        <time>2026-08-19T18:29:21Z</time>
      </trkpt>
      <trkpt lat="46.23452" lon="12.003940000000002">
        <time>2026-08-19T18:29:22Z</time>
      </trkpt>
      <trkpt lat="46.23452" lon="12.003940000000002">
        <time>2026-08-19T18:29:22Z</time>
      </trkpt>
      <trkpt lat="46.23452" lon="12.00393">
        <time>2026-08-19T18:29:22Z</time>
      </trkpt>
      <trkpt lat="46.23452" lon="12.003910000000001">
        <time>2026-08-19T18:29:23Z</time>
      </trkpt>
      <trkpt lat="46.23451000000001" lon="12.003900000000002">
        <time>2026-08-19T18:29:24Z</time>
      </trkpt>
      <trkpt lat="46.23451000000001" lon="12.00388">
        <time>2026-08-19T18:29:25Z</time>
      </trkpt>
      <trkpt lat="46.23451000000001" lon="12.003870000000001">
        <time>2026-08-19T18:29:25Z</time>
      </trkpt>
      <trkpt lat="46.234500000000004" lon="12.003850000000002">
        <time>2026-08-19T18:29:27Z</time>
      </trkpt>
      <trkpt lat="46.234500000000004" lon="12.003820000000001">
        <time>2026-08-19T18:29:28Z</time>
      </trkpt>
      <trkpt lat="46.23449" lon="12.003810000000001">
        <time>2026-08-19T18:29:29Z</time>
      </trkpt>
      <trkpt lat="46.23449" lon="12.003810000000001">
        <time>2026-08-19T18:29:29Z</time>
      </trkpt>
      <trkpt lat="46.23449" lon="12.00379">
        <time>2026-08-19T18:29:30Z</time>
      </trkpt>
      <trkpt lat="46.234480000000005" lon="12.00378">
        <time>2026-08-19T18:29:31Z</time>
      </trkpt>
      <trkpt lat="46.23447" lon="12.00375">
        <time>2026-08-19T18:29:32Z</time>
      </trkpt>
      <trkpt lat="46.23447" lon="12.00375">
        <time>2026-08-19T18:29:32Z</time>
      </trkpt>
      <trkpt lat="46.23447" lon="12.003730000000001">
        <time>2026-08-19T18:29:33Z</time>
      </trkpt>
      <trkpt lat="46.23447" lon="12.003720000000001">
        <time>2026-08-19T18:29:34Z</time>
      </trkpt>
      <trkpt lat="46.234460000000006" lon="12.0037">
        <time>2026-08-19T18:29:35Z</time>
      </trkpt>
      <trkpt lat="46.234460000000006" lon="12.003680000000001">
        <time>2026-08-19T18:29:36Z</time>
      </trkpt>
      <trkpt lat="46.234460000000006" lon="12.003660000000002">
        <time>2026-08-19T18:29:37Z</time>
      </trkpt>
      <trkpt lat="46.23445" lon="12.003630000000001">
        <time>2026-08-19T18:29:39Z</time>
      </trkpt>
      <trkpt lat="46.234440000000006" lon="12.00361">
        <time>2026-08-19T18:29:40Z</time>
      </trkpt>
      <trkpt lat="46.234440000000006" lon="12.00361">
        <time>2026-08-19T18:29:40Z</time>
      </trkpt>
      <trkpt lat="46.23443" lon="12.003570000000002">
        <time>2026-08-19T18:29:42Z</time>
      </trkpt>
      <trkpt lat="46.23443" lon="12.00355">
        <time>2026-08-19T18:29:43Z</time>
      </trkpt>
      <trkpt lat="46.23443" lon="12.00355">
        <time>2026-08-19T18:29:43Z</time>
      </trkpt>
      <trkpt lat="46.23442000000001" lon="12.003520000000002">
        <time>2026-08-19T18:29:44Z</time>
      </trkpt>
      <trkpt lat="46.23442000000001" lon="12.0035">
        <time>2026-08-19T18:29:45Z</time>
      </trkpt>
      <trkpt lat="46.23442000000001" lon="12.0035">
        <time>2026-08-19T18:29:45Z</time>
      </trkpt>
      <trkpt lat="46.234410000000004" lon="12.00346">
        <time>2026-08-19T18:29:48Z</time>
      </trkpt>
      <trkpt lat="46.234410000000004" lon="12.00346">
        <time>2026-08-19T18:29:48Z</time>
      </trkpt>
      <trkpt lat="46.2344" lon="12.00342">
        <time>2026-08-19T18:29:50Z</time>
      </trkpt>
      <trkpt lat="46.2344" lon="12.00342">
        <time>2026-08-19T18:29:50Z</time>
      </trkpt>
      <trkpt lat="46.234390000000005" lon="12.003380000000002">
        <time>2026-08-19T18:29:52Z</time>
      </trkpt>
      <trkpt lat="46.234390000000005" lon="12.003380000000002">
        <time>2026-08-19T18:29:52Z</time>
      </trkpt>
      <trkpt lat="46.234390000000005" lon="12.00336">
        <time>2026-08-19T18:29:53Z</time>
      </trkpt>
      <trkpt lat="46.234390000000005" lon="12.003350000000001">
        <time>2026-08-19T18:29:53Z</time>
      </trkpt>
      <trkpt lat="46.234390000000005" lon="12.00331">
        <time>2026-08-19T18:29:55Z</time>
      </trkpt>
      <trkpt lat="46.234390000000005" lon="12.003290000000002">
        <time>2026-08-19T18:29:56Z</time>
      </trkpt>
      <trkpt lat="46.234390000000005" lon="12.00327">
        <time>2026-08-19T18:29:57Z</time>
      </trkpt>
      <trkpt lat="46.234390000000005" lon="12.003240000000002">
        <time>2026-08-19T18:29:59Z</time>
      </trkpt>
      <trkpt lat="46.234390000000005" lon="12.00322">
        <time>2026-08-19T18:29:59Z</time>
      </trkpt>
      <trkpt lat="46.234390000000005" lon="12.003200000000001">
        <time>2026-08-19T18:30:00Z</time>
      </trkpt>
      <trkpt lat="46.234390000000005" lon="12.00318">
        <time>2026-08-19T18:30:01Z</time>
      </trkpt>
      <trkpt lat="46.234390000000005" lon="12.00318">
        <time>2026-08-19T18:30:01Z</time>
      </trkpt>
      <trkpt lat="46.234390000000005" lon="12.003160000000001">
        <time>2026-08-19T18:30:02Z</time>
      </trkpt>
      <trkpt lat="46.234390000000005" lon="12.00314">
        <time>2026-08-19T18:30:03Z</time>
      </trkpt>
      <trkpt lat="46.234390000000005" lon="12.003120000000001">
        <time>2026-08-19T18:30:04Z</time>
      </trkpt>
      <trkpt lat="46.234390000000005" lon="12.00308">
        <time>2026-08-19T18:30:06Z</time>
      </trkpt>
      <trkpt lat="46.234390000000005" lon="12.00308">
        <time>2026-08-19T18:30:06Z</time>
      </trkpt>
      <trkpt lat="46.234390000000005" lon="12.003060000000001">
        <time>2026-08-19T18:30:07Z</time>
      </trkpt>
      <trkpt lat="46.234390000000005" lon="12.00303">
        <time>2026-08-19T18:30:09Z</time>
      </trkpt>
      <trkpt lat="46.234390000000005" lon="12.00303">
        <time>2026-08-19T18:30:09Z</time>
      </trkpt>
      <trkpt lat="46.234390000000005" lon="12.003">
        <time>2026-08-19T18:30:10Z</time>
      </trkpt>
      <trkpt lat="46.234390000000005" lon="12.003">
        <time>2026-08-19T18:30:10Z</time>
      </trkpt>
      <trkpt lat="46.2344" lon="12.00298">
        <time>2026-08-19T18:30:11Z</time>
      </trkpt>
      <trkpt lat="46.234390000000005" lon="12.002960000000002">
        <time>2026-08-19T18:30:13Z</time>
      </trkpt>
      <trkpt lat="46.234390000000005" lon="12.00294">
        <time>2026-08-19T18:30:14Z</time>
      </trkpt>
      <trkpt lat="46.234390000000005" lon="12.00294">
        <time>2026-08-19T18:30:14Z</time>
      </trkpt>
      <trkpt lat="46.234390000000005" lon="12.002930000000001">
        <time>2026-08-19T18:30:14Z</time>
      </trkpt>
      <trkpt lat="46.23438" lon="12.0029">
        <time>2026-08-19T18:30:16Z</time>
      </trkpt>
      <trkpt lat="46.23438" lon="12.0029">
        <time>2026-08-19T18:30:16Z</time>
      </trkpt>
      <trkpt lat="46.234370000000006" lon="12.002870000000001">
        <time>2026-08-19T18:30:17Z</time>
      </trkpt>
      <trkpt lat="46.23436" lon="12.002860000000002">
        <time>2026-08-19T18:30:18Z</time>
      </trkpt>
      <trkpt lat="46.23436" lon="12.002860000000002">
        <time>2026-08-19T18:30:18Z</time>
      </trkpt>
      <trkpt lat="46.234350000000006" lon="12.002820000000002">
        <time>2026-08-19T18:30:20Z</time>
      </trkpt>
      <trkpt lat="46.234350000000006" lon="12.002820000000002">
        <time>2026-08-19T18:30:20Z</time>
      </trkpt>
      <trkpt lat="46.23434" lon="12.002790000000001">
        <time>2026-08-19T18:30:22Z</time>
      </trkpt>
      <trkpt lat="46.23434" lon="12.002790000000001">
        <time>2026-08-19T18:30:22Z</time>
      </trkpt>
      <trkpt lat="46.23433000000001" lon="12.00275">
        <time>2026-08-19T18:30:24Z</time>
      </trkpt>
      <trkpt lat="46.23433000000001" lon="12.00275">
        <time>2026-08-19T18:30:24Z</time>
      </trkpt>
      <trkpt lat="46.234320000000004" lon="12.002720000000002">
        <time>2026-08-19T18:30:26Z</time>
      </trkpt>
      <trkpt lat="46.234320000000004" lon="12.002720000000002">
        <time>2026-08-19T18:30:26Z</time>
      </trkpt>
      <trkpt lat="46.23431" lon="12.002680000000002">
        <time>2026-08-19T18:30:28Z</time>
      </trkpt>
      <trkpt lat="46.23431" lon="12.002680000000002">
        <time>2026-08-19T18:30:28Z</time>
      </trkpt>
      <trkpt lat="46.234300000000005" lon="12.00266">
        <time>2026-08-19T18:30:29Z</time>
      </trkpt>
      <trkpt lat="46.234300000000005" lon="12.002650000000001">
        <time>2026-08-19T18:30:29Z</time>
      </trkpt>
      <trkpt lat="46.234300000000005" lon="12.002630000000002">
        <time>2026-08-19T18:30:30Z</time>
      </trkpt>
      <trkpt lat="46.23429" lon="12.002600000000001">
        <time>2026-08-19T18:30:32Z</time>
      </trkpt>
      <trkpt lat="46.234280000000005" lon="12.002580000000002">
        <time>2026-08-19T18:30:33Z</time>
      </trkpt>
      <trkpt lat="46.234280000000005" lon="12.00257">
        <time>2026-08-19T18:30:34Z</time>
      </trkpt>
      <trkpt lat="46.234280000000005" lon="12.00257">
        <time>2026-08-19T18:30:34Z</time>
      </trkpt>
      <trkpt lat="46.23427" lon="12.00256">
        <time>2026-08-19T18:30:35Z</time>
      </trkpt>
      <trkpt lat="46.234260000000006" lon="12.002540000000002">
        <time>2026-08-19T18:30:36Z</time>
      </trkpt>
      <trkpt lat="46.234260000000006" lon="12.00252">
        <time>2026-08-19T18:30:37Z</time>
      </trkpt>
      <trkpt lat="46.234260000000006" lon="12.002510000000001">
        <time>2026-08-19T18:30:37Z</time>
      </trkpt>
      <trkpt lat="46.234260000000006" lon="12.002500000000001">
        <time>2026-08-19T18:30:38Z</time>
      </trkpt>
      <trkpt lat="46.23427" lon="12.00248">
        <time>2026-08-19T18:30:39Z</time>
      </trkpt>
      <trkpt lat="46.23427" lon="12.00248">
        <time>2026-08-19T18:30:39Z</time>
      </trkpt>
      <trkpt lat="46.234280000000005" lon="12.00247">
        <time>2026-08-19T18:30:40Z</time>
      </trkpt>
      <trkpt lat="46.234280000000005" lon="12.00247">
        <time>2026-08-19T18:30:40Z</time>
      </trkpt>
      <trkpt lat="46.23429" lon="12.002460000000001">
        <time>2026-08-19T18:30:41Z</time>
      </trkpt>
      <trkpt lat="46.23429" lon="12.002450000000001">
        <time>2026-08-19T18:30:41Z</time>
      </trkpt>
      <trkpt lat="46.23429" lon="12.002440000000002">
        <time>2026-08-19T18:30:42Z</time>
      </trkpt>
      <trkpt lat="46.23429" lon="12.002440000000002">
        <time>2026-08-19T18:30:42Z</time>
      </trkpt>
      <trkpt lat="46.234300000000005" lon="12.002440000000002">
        <time>2026-08-19T18:30:42Z</time>
      </trkpt>
      <trkpt lat="46.23429" lon="12.002440000000002">
        <time>2026-08-19T18:30:43Z</time>
      </trkpt>
      <trkpt lat="46.23429" lon="12.002440000000002">
        <time>2026-08-19T18:30:43Z</time>
      </trkpt>
      <trkpt lat="46.234280000000005" lon="12.002440000000002">
        <time>2026-08-19T18:30:44Z</time>
      </trkpt>
      <trkpt lat="46.234280000000005" lon="12.002440000000002">
        <time>2026-08-19T18:30:44Z</time>
      </trkpt>
      <trkpt lat="46.23427" lon="12.002440000000002">
        <time>2026-08-19T18:30:45Z</time>
      </trkpt>
      <trkpt lat="46.234260000000006" lon="12.002440000000002">
        <time>2026-08-19T18:30:45Z</time>
      </trkpt>
      <trkpt lat="46.23425" lon="12.002440000000002">
        <time>2026-08-19T18:30:46Z</time>
      </trkpt>
      <trkpt lat="46.23424000000001" lon="12.002440000000002">
        <time>2026-08-19T18:30:47Z</time>
      </trkpt>
      <trkpt lat="46.234230000000004" lon="12.002440000000002">
        <time>2026-08-19T18:30:47Z</time>
      </trkpt>
      <trkpt lat="46.23422" lon="12.00243">
        <time>2026-08-19T18:30:48Z</time>
      </trkpt>
      <trkpt lat="46.23422" lon="12.00242">
        <time>2026-08-19T18:30:49Z</time>
      </trkpt>
      <trkpt lat="46.2342" lon="12.002410000000001">
        <time>2026-08-19T18:30:50Z</time>
      </trkpt>
      <trkpt lat="46.234190000000005" lon="12.002400000000002">
        <time>2026-08-19T18:30:51Z</time>
      </trkpt>
      <trkpt lat="46.23418" lon="12.002400000000002">
        <time>2026-08-19T18:30:52Z</time>
      </trkpt>
      <trkpt lat="46.234170000000006" lon="12.00239">
        <time>2026-08-19T18:30:53Z</time>
      </trkpt>
      <trkpt lat="46.23415000000001" lon="12.00237">
        <time>2026-08-19T18:30:54Z</time>
      </trkpt>
      <trkpt lat="46.23415000000001" lon="12.00237">
        <time>2026-08-19T18:30:54Z</time>
      </trkpt>
      <trkpt lat="46.23413" lon="12.002360000000001">
        <time>2026-08-19T18:30:56Z</time>
      </trkpt>
      <trkpt lat="46.23413" lon="12.002360000000001">
        <time>2026-08-19T18:30:56Z</time>
      </trkpt>
      <trkpt lat="46.234120000000004" lon="12.002350000000002">
        <time>2026-08-19T18:30:57Z</time>
      </trkpt>
      <trkpt lat="46.234120000000004" lon="12.00234">
        <time>2026-08-19T18:30:57Z</time>
      </trkpt>
      <trkpt lat="46.23411" lon="12.00233">
        <time>2026-08-19T18:30:58Z</time>
      </trkpt>
      <trkpt lat="46.23409" lon="12.002310000000001">
        <time>2026-08-19T18:31:00Z</time>
      </trkpt>
      <trkpt lat="46.23409" lon="12.002310000000001">
        <time>2026-08-19T18:31:00Z</time>
      </trkpt>
      <trkpt lat="46.234080000000006" lon="12.002300000000002">
        <time>2026-08-19T18:31:01Z</time>
      </trkpt>
      <trkpt lat="46.23407" lon="12.00228">
        <time>2026-08-19T18:31:02Z</time>
      </trkpt>
      <trkpt lat="46.23406000000001" lon="12.002270000000001">
        <time>2026-08-19T18:31:03Z</time>
      </trkpt>
      <trkpt lat="46.23404" lon="12.002250000000002">
        <time>2026-08-19T18:31:04Z</time>
      </trkpt>
      <trkpt lat="46.23404" lon="12.002250000000002">
        <time>2026-08-19T18:31:04Z</time>
      </trkpt>
      <trkpt lat="46.23402" lon="12.002220000000001">
        <time>2026-08-19T18:31:06Z</time>
      </trkpt>
      <trkpt lat="46.234" lon="12.002220000000001">
        <time>2026-08-19T18:31:08Z</time>
      </trkpt>
      <trkpt lat="46.234" lon="12.002220000000001">
        <time>2026-08-19T18:31:08Z</time>
      </trkpt>
      <trkpt lat="46.23397000000001" lon="12.0022">
        <time>2026-08-19T18:31:10Z</time>
      </trkpt>
      <trkpt lat="46.23396" lon="12.00219">
        <time>2026-08-19T18:31:11Z</time>
      </trkpt>
      <trkpt lat="46.23396" lon="12.00219">
        <time>2026-08-19T18:31:11Z</time>
      </trkpt>
      <trkpt lat="46.233940000000004" lon="12.002170000000001">
        <time>2026-08-19T18:31:13Z</time>
      </trkpt>
      <trkpt lat="46.233920000000005" lon="12.002160000000002">
        <time>2026-08-19T18:31:14Z</time>
      </trkpt>
      <trkpt lat="46.233920000000005" lon="12.002160000000002">
        <time>2026-08-19T18:31:14Z</time>
      </trkpt>
      <trkpt lat="46.23391" lon="12.00215">
        <time>2026-08-19T18:31:15Z</time>
      </trkpt>
      <trkpt lat="46.23389" lon="12.002130000000001">
        <time>2026-08-19T18:31:17Z</time>
      </trkpt>
      <trkpt lat="46.23389" lon="12.002130000000001">
        <time>2026-08-19T18:31:17Z</time>
      </trkpt>
      <trkpt lat="46.233880000000006" lon="12.002120000000001">
        <time>2026-08-19T18:31:18Z</time>
      </trkpt>
      <trkpt lat="46.23387" lon="12.0021">
        <time>2026-08-19T18:31:19Z</time>
      </trkpt>
      <trkpt lat="46.23386000000001" lon="12.00209">
        <time>2026-08-19T18:31:20Z</time>
      </trkpt>
      <trkpt lat="46.23384" lon="12.002070000000002">
        <time>2026-08-19T18:31:21Z</time>
      </trkpt>
      <trkpt lat="46.23384" lon="12.002070000000002">
        <time>2026-08-19T18:31:21Z</time>
      </trkpt>
      <trkpt lat="46.233830000000005" lon="12.00205">
        <time>2026-08-19T18:31:23Z</time>
      </trkpt>
      <trkpt lat="46.233810000000005" lon="12.002030000000001">
        <time>2026-08-19T18:31:24Z</time>
      </trkpt>
      <trkpt lat="46.233810000000005" lon="12.002030000000001">
        <time>2026-08-19T18:31:24Z</time>
      </trkpt>
      <trkpt lat="46.2338" lon="12.002020000000002">
        <time>2026-08-19T18:31:25Z</time>
      </trkpt>
      <trkpt lat="46.233790000000006" lon="12.00201">
        <time>2026-08-19T18:31:26Z</time>
      </trkpt>
      <trkpt lat="46.23378" lon="12.002">
        <time>2026-08-19T18:31:27Z</time>
      </trkpt>
      <trkpt lat="46.23377000000001" lon="12.001990000000001">
        <time>2026-08-19T18:31:28Z</time>
      </trkpt>
      <trkpt lat="46.233760000000004" lon="12.001980000000001">
        <time>2026-08-19T18:31:29Z</time>
      </trkpt>
      <trkpt lat="46.23375" lon="12.001980000000001">
        <time>2026-08-19T18:31:29Z</time>
      </trkpt>
      <trkpt lat="46.23373" lon="12.001970000000002">
        <time>2026-08-19T18:31:31Z</time>
      </trkpt>
      <trkpt lat="46.23373" lon="12.00196">
        <time>2026-08-19T18:31:31Z</time>
      </trkpt>
      <trkpt lat="46.233720000000005" lon="12.001940000000001">
        <time>2026-08-19T18:31:33Z</time>
      </trkpt>
      <trkpt lat="46.23371" lon="12.001930000000002">
        <time>2026-08-19T18:31:33Z</time>
      </trkpt>
      <trkpt lat="46.233700000000006" lon="12.00191">
        <time>2026-08-19T18:31:35Z</time>
      </trkpt>
      <trkpt lat="46.23369" lon="12.001900000000001">
        <time>2026-08-19T18:31:36Z</time>
      </trkpt>
      <trkpt lat="46.23368000000001" lon="12.001880000000002">
        <time>2026-08-19T18:31:37Z</time>
      </trkpt>
      <trkpt lat="46.233670000000004" lon="12.00187">
        <time>2026-08-19T18:31:38Z</time>
      </trkpt>
      <trkpt lat="46.23366" lon="12.001840000000001">
        <time>2026-08-19T18:31:39Z</time>
      </trkpt>
      <trkpt lat="46.23366" lon="12.001840000000001">
        <time>2026-08-19T18:31:39Z</time>
      </trkpt>
      <trkpt lat="46.233650000000004" lon="12.00182">
        <time>2026-08-19T18:31:40Z</time>
      </trkpt>
      <trkpt lat="46.23364" lon="12.001800000000001">
        <time>2026-08-19T18:31:42Z</time>
      </trkpt>
      <trkpt lat="46.233630000000005" lon="12.001790000000002">
        <time>2026-08-19T18:31:42Z</time>
      </trkpt>
      <trkpt lat="46.23362" lon="12.00178">
        <time>2026-08-19T18:31:43Z</time>
      </trkpt>
      <trkpt lat="46.23362" lon="12.00176">
        <time>2026-08-19T18:31:44Z</time>
      </trkpt>
      <trkpt lat="46.233610000000006" lon="12.001750000000001">
        <time>2026-08-19T18:31:45Z</time>
      </trkpt>
      <trkpt lat="46.2336" lon="12.00172">
        <time>2026-08-19T18:31:47Z</time>
      </trkpt>
      <trkpt lat="46.23359000000001" lon="12.001700000000001">
        <time>2026-08-19T18:31:48Z</time>
      </trkpt>
      <trkpt lat="46.23359000000001" lon="12.001700000000001">
        <time>2026-08-19T18:31:48Z</time>
      </trkpt>
      <trkpt lat="46.23358" lon="12.001690000000002">
        <time>2026-08-19T18:31:49Z</time>
      </trkpt>
      <trkpt lat="46.23358" lon="12.00167">
        <time>2026-08-19T18:31:50Z</time>
      </trkpt>
      <trkpt lat="46.23358" lon="12.001660000000001">
        <time>2026-08-19T18:31:50Z</time>
      </trkpt>
      <trkpt lat="46.23357" lon="12.001640000000002">
        <time>2026-08-19T18:31:52Z</time>
      </trkpt>
      <trkpt lat="46.23357" lon="12.00163">
        <time>2026-08-19T18:31:52Z</time>
      </trkpt>
      <trkpt lat="46.233560000000004" lon="12.001610000000001">
        <time>2026-08-19T18:31:53Z</time>
      </trkpt>
      <trkpt lat="46.233560000000004" lon="12.001600000000002">
        <time>2026-08-19T18:31:54Z</time>
      </trkpt>
      <trkpt lat="46.23355" lon="12.00159">
        <time>2026-08-19T18:31:55Z</time>
      </trkpt>
      <trkpt lat="46.233540000000005" lon="12.001570000000001">
        <time>2026-08-19T18:31:56Z</time>
      </trkpt>
      <trkpt lat="46.233540000000005" lon="12.001560000000001">
        <time>2026-08-19T18:31:56Z</time>
      </trkpt>
      <trkpt lat="46.233540000000005" lon="12.00154">
        <time>2026-08-19T18:31:57Z</time>
      </trkpt>
      <trkpt lat="46.23353" lon="12.001520000000001">
        <time>2026-08-19T18:31:58Z</time>
      </trkpt>
      <trkpt lat="46.233520000000006" lon="12.001510000000001">
        <time>2026-08-19T18:31:59Z</time>
      </trkpt>
      <trkpt lat="46.233520000000006" lon="12.00149">
        <time>2026-08-19T18:32:00Z</time>
      </trkpt>
      <trkpt lat="46.233520000000006" lon="12.001470000000001">
        <time>2026-08-19T18:32:01Z</time>
      </trkpt>
      <trkpt lat="46.233520000000006" lon="12.00145">
        <time>2026-08-19T18:32:02Z</time>
      </trkpt>
      <trkpt lat="46.23351" lon="12.001430000000001">
        <time>2026-08-19T18:32:03Z</time>
      </trkpt>
      <trkpt lat="46.23351" lon="12.001410000000002">
        <time>2026-08-19T18:32:04Z</time>
      </trkpt>
      <trkpt lat="46.23350000000001" lon="12.00139">
        <time>2026-08-19T18:32:06Z</time>
      </trkpt>
      <trkpt lat="46.23350000000001" lon="12.001370000000001">
        <time>2026-08-19T18:32:07Z</time>
      </trkpt>
      <trkpt lat="46.23349" lon="12.00135">
        <time>2026-08-19T18:32:08Z</time>
      </trkpt>
      <trkpt lat="46.23349" lon="12.001330000000001">
        <time>2026-08-19T18:32:09Z</time>
      </trkpt>
      <trkpt lat="46.23348000000001" lon="12.00131">
        <time>2026-08-19T18:32:10Z</time>
      </trkpt>
      <trkpt lat="46.23348000000001" lon="12.001290000000001">
        <time>2026-08-19T18:32:11Z</time>
      </trkpt>
      <trkpt lat="46.23348000000001" lon="12.001270000000002">
        <time>2026-08-19T18:32:12Z</time>
      </trkpt>
      <trkpt lat="46.23348000000001" lon="12.00125">
        <time>2026-08-19T18:32:13Z</time>
      </trkpt>
      <trkpt lat="46.233470000000004" lon="12.001230000000001">
        <time>2026-08-19T18:32:14Z</time>
      </trkpt>
      <trkpt lat="46.233470000000004" lon="12.00121">
        <time>2026-08-19T18:32:15Z</time>
      </trkpt>
      <trkpt lat="46.23346" lon="12.001190000000001">
        <time>2026-08-19T18:32:16Z</time>
      </trkpt>
      <trkpt lat="46.23346" lon="12.00117">
        <time>2026-08-19T18:32:17Z</time>
      </trkpt>
      <trkpt lat="46.23346" lon="12.00116">
        <time>2026-08-19T18:32:18Z</time>
      </trkpt>
      <trkpt lat="46.233450000000005" lon="12.00112">
        <time>2026-08-19T18:32:20Z</time>
      </trkpt>
      <trkpt lat="46.233450000000005" lon="12.00112">
        <time>2026-08-19T18:32:20Z</time>
      </trkpt>
      <trkpt lat="46.23344" lon="12.001100000000001">
        <time>2026-08-19T18:32:21Z</time>
      </trkpt>
      <trkpt lat="46.23344" lon="12.001080000000002">
        <time>2026-08-19T18:32:22Z</time>
      </trkpt>
      <trkpt lat="46.23344" lon="12.00106">
        <time>2026-08-19T18:32:23Z</time>
      </trkpt>
      <trkpt lat="46.233430000000006" lon="12.001030000000002">
        <time>2026-08-19T18:32:25Z</time>
      </trkpt>
      <trkpt lat="46.233430000000006" lon="12.00101">
        <time>2026-08-19T18:32:26Z</time>
      </trkpt>
      <trkpt lat="46.233430000000006" lon="12.00098">
        <time>2026-08-19T18:32:27Z</time>
      </trkpt>
      <trkpt lat="46.233430000000006" lon="12.000960000000001">
        <time>2026-08-19T18:32:28Z</time>
      </trkpt>
      <trkpt lat="46.233430000000006" lon="12.000940000000002">
        <time>2026-08-19T18:32:29Z</time>
      </trkpt>
      <trkpt lat="46.233430000000006" lon="12.000910000000001">
        <time>2026-08-19T18:32:31Z</time>
      </trkpt>
      <trkpt lat="46.233430000000006" lon="12.000890000000002">
        <time>2026-08-19T18:32:32Z</time>
      </trkpt>
      <trkpt lat="46.233430000000006" lon="12.00087">
        <time>2026-08-19T18:32:33Z</time>
      </trkpt>
      <trkpt lat="46.233430000000006" lon="12.000850000000002">
        <time>2026-08-19T18:32:34Z</time>
      </trkpt>
      <trkpt lat="46.233430000000006" lon="12.000820000000001">
        <time>2026-08-19T18:32:35Z</time>
      </trkpt>
      <trkpt lat="46.23344" lon="12.00078">
        <time>2026-08-19T18:32:37Z</time>
      </trkpt>
      <trkpt lat="46.23344" lon="12.00078">
        <time>2026-08-19T18:32:37Z</time>
      </trkpt>
      <trkpt lat="46.23344" lon="12.000760000000001">
        <time>2026-08-19T18:32:38Z</time>
      </trkpt>
      <trkpt lat="46.23344" lon="12.00074">
        <time>2026-08-19T18:32:39Z</time>
      </trkpt>
      <trkpt lat="46.23344" lon="12.000710000000002">
        <time>2026-08-19T18:32:40Z</time>
      </trkpt>
      <trkpt lat="46.23344" lon="12.000680000000001">
        <time>2026-08-19T18:32:42Z</time>
      </trkpt>
      <trkpt lat="46.23344" lon="12.000680000000001">
        <time>2026-08-19T18:32:42Z</time>
      </trkpt>
      <trkpt lat="46.23344" lon="12.00065">
        <time>2026-08-19T18:32:43Z</time>
      </trkpt>
      <trkpt lat="46.233430000000006" lon="12.000630000000001">
        <time>2026-08-19T18:32:45Z</time>
      </trkpt>
      <trkpt lat="46.233430000000006" lon="12.000610000000002">
        <time>2026-08-19T18:32:46Z</time>
      </trkpt>
      <trkpt lat="46.233430000000006" lon="12.0006">
        <time>2026-08-19T18:32:46Z</time>
      </trkpt>
      <trkpt lat="46.23344" lon="12.00059">
        <time>2026-08-19T18:32:47Z</time>
      </trkpt>
      <trkpt lat="46.23344" lon="12.000580000000001">
        <time>2026-08-19T18:32:47Z</time>
      </trkpt>
      <trkpt lat="46.23344" lon="12.000580000000001">
        <time>2026-08-19T18:32:47Z</time>
      </trkpt>
      <trkpt lat="46.23344" lon="12.000580000000001">
        <time>2026-08-19T18:32:47Z</time>
      </trkpt>
      <trkpt lat="46.23344" lon="12.000580000000001">
        <time>2026-08-19T18:32:47Z</time>
      </trkpt>
      <trkpt lat="46.23344" lon="12.000580000000001">
        <time>2026-08-19T18:32:47Z</time>
      </trkpt>
      <trkpt lat="46.23344" lon="12.000580000000001">
        <time>2026-08-19T18:32:47Z</time>
      </trkpt>
      <trkpt lat="46.23344" lon="12.000580000000001">
        <time>2026-08-19T18:32:47Z</time>
      </trkpt>
      <trkpt lat="46.23344" lon="12.000580000000001">
        <time>2026-08-19T18:32:47Z</time>
      </trkpt>
      <trkpt lat="46.23344" lon="12.000570000000002">
        <time>2026-08-19T18:32:48Z</time>
      </trkpt>
      <trkpt lat="46.23344" lon="12.00056">
        <time>2026-08-19T18:32:48Z</time>
      </trkpt>
      <trkpt lat="46.23344" lon="12.00055">
        <time>2026-08-19T18:32:49Z</time>
      </trkpt>
      <trkpt lat="46.23344" lon="12.000530000000001">
        <time>2026-08-19T18:32:50Z</time>
      </trkpt>
      <trkpt lat="46.23344" lon="12.00051">
        <time>2026-08-19T18:32:51Z</time>
      </trkpt>
      <trkpt lat="46.23344" lon="12.000490000000001">
        <time>2026-08-19T18:32:52Z</time>
      </trkpt>
      <trkpt lat="46.23344" lon="12.000470000000002">
        <time>2026-08-19T18:32:53Z</time>
      </trkpt>
      <trkpt lat="46.23344" lon="12.00045">
        <time>2026-08-19T18:32:54Z</time>
      </trkpt>
      <trkpt lat="46.233430000000006" lon="12.000440000000001">
        <time>2026-08-19T18:32:55Z</time>
      </trkpt>
      <trkpt lat="46.233430000000006" lon="12.000420000000002">
        <time>2026-08-19T18:32:56Z</time>
      </trkpt>
      <trkpt lat="46.233430000000006" lon="12.00041">
        <time>2026-08-19T18:32:56Z</time>
      </trkpt>
      <trkpt lat="46.23342" lon="12.0004">
        <time>2026-08-19T18:32:57Z</time>
      </trkpt>
      <trkpt lat="46.23342" lon="12.0004">
        <time>2026-08-19T18:32:57Z</time>
      </trkpt>
      <trkpt lat="46.23342" lon="12.000390000000001">
        <time>2026-08-19T18:32:57Z</time>
      </trkpt>
      <trkpt lat="46.23342" lon="12.000390000000001">
        <time>2026-08-19T18:32:57Z</time>
      </trkpt>
      <trkpt lat="46.23342" lon="12.000380000000002">
        <time>2026-08-19T18:32:58Z</time>
      </trkpt>
      <trkpt lat="46.23342" lon="12.00037">
        <time>2026-08-19T18:32:58Z</time>
      </trkpt>
      <trkpt lat="46.23342" lon="12.00036">
        <time>2026-08-19T18:32:59Z</time>
      </trkpt>
      <trkpt lat="46.233410000000006" lon="12.000340000000001">
        <time>2026-08-19T18:33:00Z</time>
      </trkpt>
      <trkpt lat="46.233410000000006" lon="12.00032">
        <time>2026-08-19T18:33:01Z</time>
      </trkpt>
      <trkpt lat="46.233410000000006" lon="12.000300000000001">
        <time>2026-08-19T18:33:02Z</time>
      </trkpt>
      <trkpt lat="46.2334" lon="12.00027">
        <time>2026-08-19T18:33:04Z</time>
      </trkpt>
      <trkpt lat="46.23339000000001" lon="12.00023">
        <time>2026-08-19T18:33:06Z</time>
      </trkpt>
      <trkpt lat="46.23339000000001" lon="12.00023">
        <time>2026-08-19T18:33:06Z</time>
      </trkpt>
      <trkpt lat="46.23339000000001" lon="12.000210000000001">
        <time>2026-08-19T18:33:07Z</time>
      </trkpt>
      <trkpt lat="46.233380000000004" lon="12.000190000000002">
        <time>2026-08-19T18:33:08Z</time>
      </trkpt>
      <trkpt lat="46.23337" lon="12.00017">
        <time>2026-08-19T18:33:09Z</time>
      </trkpt>
      <trkpt lat="46.23337" lon="12.000150000000001">
        <time>2026-08-19T18:33:10Z</time>
      </trkpt>
      <trkpt lat="46.233360000000005" lon="12.000140000000002">
        <time>2026-08-19T18:33:11Z</time>
      </trkpt>
      <trkpt lat="46.233360000000005" lon="12.00012">
        <time>2026-08-19T18:33:12Z</time>
      </trkpt>
      <trkpt lat="46.23335" lon="12.000100000000002">
        <time>2026-08-19T18:33:13Z</time>
      </trkpt>
      <trkpt lat="46.233340000000005" lon="12.00008">
        <time>2026-08-19T18:33:14Z</time>
      </trkpt>
      <trkpt lat="46.233340000000005" lon="12.000060000000001">
        <time>2026-08-19T18:33:15Z</time>
      </trkpt>
      <trkpt lat="46.23333" lon="12.00004">
        <time>2026-08-19T18:33:17Z</time>
      </trkpt>
      <trkpt lat="46.233320000000006" lon="12.000020000000001">
        <time>2026-08-19T18:33:18Z</time>
      </trkpt>
      <trkpt lat="46.233320000000006" lon="12.000000000000002">
        <time>2026-08-19T18:33:19Z</time>
      </trkpt>
      <trkpt lat="46.233320000000006" lon="11.99998">
        <time>2026-08-19T18:33:20Z</time>
      </trkpt>
      <trkpt lat="46.23331" lon="11.99995">
        <time>2026-08-19T18:33:21Z</time>
      </trkpt>
      <trkpt lat="46.23330000000001" lon="11.99993">
        <time>2026-08-19T18:33:23Z</time>
      </trkpt>
      <trkpt lat="46.23330000000001" lon="11.999910000000002">
        <time>2026-08-19T18:33:24Z</time>
      </trkpt>
      <trkpt lat="46.233290000000004" lon="11.99989">
        <time>2026-08-19T18:33:25Z</time>
      </trkpt>
      <trkpt lat="46.233290000000004" lon="11.999870000000001">
        <time>2026-08-19T18:33:26Z</time>
      </trkpt>
      <trkpt lat="46.23328" lon="11.99984">
        <time>2026-08-19T18:33:27Z</time>
      </trkpt>
      <trkpt lat="46.23328" lon="11.999820000000001">
        <time>2026-08-19T18:33:28Z</time>
      </trkpt>
      <trkpt lat="46.23328" lon="11.9998">
        <time>2026-08-19T18:33:29Z</time>
      </trkpt>
      <trkpt lat="46.233270000000005" lon="11.999780000000001">
        <time>2026-08-19T18:33:31Z</time>
      </trkpt>
      <trkpt lat="46.233270000000005" lon="11.99976">
        <time>2026-08-19T18:33:32Z</time>
      </trkpt>
      <trkpt lat="46.233270000000005" lon="11.999740000000001">
        <time>2026-08-19T18:33:33Z</time>
      </trkpt>
      <trkpt lat="46.23326" lon="11.999720000000002">
        <time>2026-08-19T18:33:34Z</time>
      </trkpt>
      <trkpt lat="46.23326" lon="11.999690000000001">
        <time>2026-08-19T18:33:35Z</time>
      </trkpt>
      <trkpt lat="46.23326" lon="11.999670000000002">
        <time>2026-08-19T18:33:36Z</time>
      </trkpt>
      <trkpt lat="46.233250000000005" lon="11.99965">
        <time>2026-08-19T18:33:37Z</time>
      </trkpt>
      <trkpt lat="46.233250000000005" lon="11.999630000000002">
        <time>2026-08-19T18:33:38Z</time>
      </trkpt>
      <trkpt lat="46.233250000000005" lon="11.99961">
        <time>2026-08-19T18:33:39Z</time>
      </trkpt>
      <trkpt lat="46.233250000000005" lon="11.99957">
        <time>2026-08-19T18:33:41Z</time>
      </trkpt>
      <trkpt lat="46.233250000000005" lon="11.999550000000001">
        <time>2026-08-19T18:33:42Z</time>
      </trkpt>
      <trkpt lat="46.233250000000005" lon="11.999550000000001">
        <time>2026-08-19T18:33:42Z</time>
      </trkpt>
      <trkpt lat="46.233250000000005" lon="11.999530000000002">
        <time>2026-08-19T18:33:43Z</time>
      </trkpt>
      <trkpt lat="46.233250000000005" lon="11.999490000000002">
        <time>2026-08-19T18:33:45Z</time>
      </trkpt>
      <trkpt lat="46.233250000000005" lon="11.999490000000002">
        <time>2026-08-19T18:33:45Z</time>
      </trkpt>
      <trkpt lat="46.233250000000005" lon="11.999460000000001">
        <time>2026-08-19T18:33:47Z</time>
      </trkpt>
      <trkpt lat="46.233250000000005" lon="11.99942">
        <time>2026-08-19T18:33:49Z</time>
      </trkpt>
      <trkpt lat="46.233250000000005" lon="11.99942">
        <time>2026-08-19T18:33:49Z</time>
      </trkpt>
      <trkpt lat="46.233250000000005" lon="11.999400000000001">
        <time>2026-08-19T18:33:50Z</time>
      </trkpt>
      <trkpt lat="46.233250000000005" lon="11.99938">
        <time>2026-08-19T18:33:51Z</time>
      </trkpt>
      <trkpt lat="46.233250000000005" lon="11.999350000000002">
        <time>2026-08-19T18:33:52Z</time>
      </trkpt>
      <trkpt lat="46.233250000000005" lon="11.99933">
        <time>2026-08-19T18:33:53Z</time>
      </trkpt>
      <trkpt lat="46.233250000000005" lon="11.999310000000001">
        <time>2026-08-19T18:33:54Z</time>
      </trkpt>
      <trkpt lat="46.233250000000005" lon="11.99928">
        <time>2026-08-19T18:33:55Z</time>
      </trkpt>
      <trkpt lat="46.233250000000005" lon="11.999260000000001">
        <time>2026-08-19T18:33:56Z</time>
      </trkpt>
      <trkpt lat="46.23324" lon="11.99924">
        <time>2026-08-19T18:33:58Z</time>
      </trkpt>
      <trkpt lat="46.23324" lon="11.999220000000001">
        <time>2026-08-19T18:33:59Z</time>
      </trkpt>
      <trkpt lat="46.233230000000006" lon="11.999200000000002">
        <time>2026-08-19T18:34:00Z</time>
      </trkpt>
      <trkpt lat="46.233230000000006" lon="11.99918">
        <time>2026-08-19T18:34:01Z</time>
      </trkpt>
      <trkpt lat="46.233230000000006" lon="11.999160000000002">
        <time>2026-08-19T18:34:02Z</time>
      </trkpt>
      <trkpt lat="46.23322" lon="11.99915">
        <time>2026-08-19T18:34:03Z</time>
      </trkpt>
      <trkpt lat="46.23322" lon="11.999130000000001">
        <time>2026-08-19T18:34:04Z</time>
      </trkpt>
      <trkpt lat="46.23322" lon="11.9991">
        <time>2026-08-19T18:34:05Z</time>
      </trkpt>
      <trkpt lat="46.23321000000001" lon="11.999080000000001">
        <time>2026-08-19T18:34:06Z</time>
      </trkpt>
      <trkpt lat="46.23321000000001" lon="11.999070000000001">
        <time>2026-08-19T18:34:07Z</time>
      </trkpt>
      <trkpt lat="46.23321000000001" lon="11.99905">
        <time>2026-08-19T18:34:08Z</time>
      </trkpt>
      <trkpt lat="46.233200000000004" lon="11.999030000000001">
        <time>2026-08-19T18:34:09Z</time>
      </trkpt>
      <trkpt lat="46.233200000000004" lon="11.99901">
        <time>2026-08-19T18:34:10Z</time>
      </trkpt>
      <trkpt lat="46.233200000000004" lon="11.999">
        <time>2026-08-19T18:34:10Z</time>
      </trkpt>
      <trkpt lat="46.233200000000004" lon="11.998970000000002">
        <time>2026-08-19T18:34:12Z</time>
      </trkpt>
      <trkpt lat="46.233200000000004" lon="11.99895">
        <time>2026-08-19T18:34:13Z</time>
      </trkpt>
      <trkpt lat="46.233200000000004" lon="11.998930000000001">
        <time>2026-08-19T18:34:14Z</time>
      </trkpt>
      <trkpt lat="46.233200000000004" lon="11.99891">
        <time>2026-08-19T18:34:15Z</time>
      </trkpt>
      <trkpt lat="46.233200000000004" lon="11.998890000000001">
        <time>2026-08-19T18:34:16Z</time>
      </trkpt>
      <trkpt lat="46.233200000000004" lon="11.99887">
        <time>2026-08-19T18:34:17Z</time>
      </trkpt>
      <trkpt lat="46.233200000000004" lon="11.998850000000001">
        <time>2026-08-19T18:34:18Z</time>
      </trkpt>
      <trkpt lat="46.233200000000004" lon="11.99882">
        <time>2026-08-19T18:34:19Z</time>
      </trkpt>
      <trkpt lat="46.233200000000004" lon="11.998800000000001">
        <time>2026-08-19T18:34:20Z</time>
      </trkpt>
      <trkpt lat="46.233200000000004" lon="11.998780000000002">
        <time>2026-08-19T18:34:21Z</time>
      </trkpt>
      <trkpt lat="46.23321000000001" lon="11.99876">
        <time>2026-08-19T18:34:22Z</time>
      </trkpt>
      <trkpt lat="46.23322" lon="11.99873">
        <time>2026-08-19T18:34:24Z</time>
      </trkpt>
      <trkpt lat="46.23322" lon="11.99871">
        <time>2026-08-19T18:34:25Z</time>
      </trkpt>
      <trkpt lat="46.23322" lon="11.998690000000002">
        <time>2026-08-19T18:34:26Z</time>
      </trkpt>
      <trkpt lat="46.233230000000006" lon="11.99867">
        <time>2026-08-19T18:34:27Z</time>
      </trkpt>
      <trkpt lat="46.233230000000006" lon="11.998650000000001">
        <time>2026-08-19T18:34:28Z</time>
      </trkpt>
      <trkpt lat="46.233230000000006" lon="11.99862">
        <time>2026-08-19T18:34:30Z</time>
      </trkpt>
      <trkpt lat="46.233230000000006" lon="11.998600000000001">
        <time>2026-08-19T18:34:31Z</time>
      </trkpt>
      <trkpt lat="46.233230000000006" lon="11.99858">
        <time>2026-08-19T18:34:32Z</time>
      </trkpt>
      <trkpt lat="46.233230000000006" lon="11.998560000000001">
        <time>2026-08-19T18:34:33Z</time>
      </trkpt>
      <trkpt lat="46.233230000000006" lon="11.99854">
        <time>2026-08-19T18:34:34Z</time>
      </trkpt>
      <trkpt lat="46.233230000000006" lon="11.998520000000001">
        <time>2026-08-19T18:34:35Z</time>
      </trkpt>
      <trkpt lat="46.233230000000006" lon="11.998500000000002">
        <time>2026-08-19T18:34:36Z</time>
      </trkpt>
      <trkpt lat="46.233230000000006" lon="11.99848">
        <time>2026-08-19T18:34:37Z</time>
      </trkpt>
      <trkpt lat="46.233230000000006" lon="11.998450000000002">
        <time>2026-08-19T18:34:38Z</time>
      </trkpt>
      <trkpt lat="46.233230000000006" lon="11.998410000000002">
        <time>2026-08-19T18:34:40Z</time>
      </trkpt>
      <trkpt lat="46.233230000000006" lon="11.998410000000002">
        <time>2026-08-19T18:34:40Z</time>
      </trkpt>
      <trkpt lat="46.233230000000006" lon="11.99839">
        <time>2026-08-19T18:34:41Z</time>
      </trkpt>
      <trkpt lat="46.233230000000006" lon="11.998370000000001">
        <time>2026-08-19T18:34:42Z</time>
      </trkpt>
      <trkpt lat="46.233230000000006" lon="11.99835">
        <time>2026-08-19T18:34:43Z</time>
      </trkpt>
      <trkpt lat="46.233230000000006" lon="11.998330000000001">
        <time>2026-08-19T18:34:44Z</time>
      </trkpt>
      <trkpt lat="46.23322" lon="11.99829">
        <time>2026-08-19T18:34:46Z</time>
      </trkpt>
      <trkpt lat="46.23322" lon="11.99829">
        <time>2026-08-19T18:34:46Z</time>
      </trkpt>
      <trkpt lat="46.23322" lon="11.99825">
        <time>2026-08-19T18:34:48Z</time>
      </trkpt>
      <trkpt lat="46.23322" lon="11.998220000000002">
        <time>2026-08-19T18:34:49Z</time>
      </trkpt>
      <trkpt lat="46.23322" lon="11.998220000000002">
        <time>2026-08-19T18:34:49Z</time>
      </trkpt>
      <trkpt lat="46.23322" lon="11.9982">
        <time>2026-08-19T18:34:50Z</time>
      </trkpt>
      <trkpt lat="46.23322" lon="11.998190000000001">
        <time>2026-08-19T18:34:51Z</time>
      </trkpt>
      <trkpt lat="46.23321000000001" lon="11.998170000000002">
        <time>2026-08-19T18:34:52Z</time>
      </trkpt>
      <trkpt lat="46.23321000000001" lon="11.99815">
        <time>2026-08-19T18:34:53Z</time>
      </trkpt>
      <trkpt lat="46.23321000000001" lon="11.998130000000002">
        <time>2026-08-19T18:34:54Z</time>
      </trkpt>
      <trkpt lat="46.233200000000004" lon="11.99812">
        <time>2026-08-19T18:34:55Z</time>
      </trkpt>
      <trkpt lat="46.233200000000004" lon="11.9981">
        <time>2026-08-19T18:34:56Z</time>
      </trkpt>
      <trkpt lat="46.23319" lon="11.998080000000002">
        <time>2026-08-19T18:34:57Z</time>
      </trkpt>
      <trkpt lat="46.233180000000004" lon="11.99807">
        <time>2026-08-19T18:34:58Z</time>
      </trkpt>
      <trkpt lat="46.233180000000004" lon="11.998050000000001">
        <time>2026-08-19T18:34:59Z</time>
      </trkpt>
      <trkpt lat="46.233180000000004" lon="11.998040000000001">
        <time>2026-08-19T18:34:59Z</time>
      </trkpt>
      <trkpt lat="46.233180000000004" lon="11.99802">
        <time>2026-08-19T18:35:00Z</time>
      </trkpt>
      <trkpt lat="46.233180000000004" lon="11.998000000000001">
        <time>2026-08-19T18:35:01Z</time>
      </trkpt>
      <trkpt lat="46.233180000000004" lon="11.997980000000002">
        <time>2026-08-19T18:35:02Z</time>
      </trkpt>
      <trkpt lat="46.23317" lon="11.99796">
        <time>2026-08-19T18:35:03Z</time>
      </trkpt>
      <trkpt lat="46.23317" lon="11.997940000000002">
        <time>2026-08-19T18:35:04Z</time>
      </trkpt>
      <trkpt lat="46.23317" lon="11.997900000000001">
        <time>2026-08-19T18:35:06Z</time>
      </trkpt>
      <trkpt lat="46.23317" lon="11.997900000000001">
        <time>2026-08-19T18:35:06Z</time>
      </trkpt>
      <trkpt lat="46.23317" lon="11.997890000000002">
        <time>2026-08-19T18:35:07Z</time>
      </trkpt>
      <trkpt lat="46.23317" lon="11.99787">
        <time>2026-08-19T18:35:08Z</time>
      </trkpt>
      <trkpt lat="46.23317" lon="11.997850000000001">
        <time>2026-08-19T18:35:09Z</time>
      </trkpt>
      <trkpt lat="46.23317" lon="11.99782">
        <time>2026-08-19T18:35:10Z</time>
      </trkpt>
      <trkpt lat="46.23317" lon="11.99782">
        <time>2026-08-19T18:35:10Z</time>
      </trkpt>
      <trkpt lat="46.233160000000005" lon="11.997800000000002">
        <time>2026-08-19T18:35:12Z</time>
      </trkpt>
      <trkpt lat="46.233160000000005" lon="11.99778">
        <time>2026-08-19T18:35:13Z</time>
      </trkpt>
      <trkpt lat="46.233160000000005" lon="11.99774">
        <time>2026-08-19T18:35:14Z</time>
      </trkpt>
      <trkpt lat="46.233160000000005" lon="11.99774">
        <time>2026-08-19T18:35:14Z</time>
      </trkpt>
      <trkpt lat="46.233160000000005" lon="11.997720000000001">
        <time>2026-08-19T18:35:15Z</time>
      </trkpt>
      <trkpt lat="46.233160000000005" lon="11.997700000000002">
        <time>2026-08-19T18:35:16Z</time>
      </trkpt>
      <trkpt lat="46.233160000000005" lon="11.99768">
        <time>2026-08-19T18:35:17Z</time>
      </trkpt>
      <trkpt lat="46.233160000000005" lon="11.997660000000002">
        <time>2026-08-19T18:35:18Z</time>
      </trkpt>
      <trkpt lat="46.233160000000005" lon="11.997620000000001">
        <time>2026-08-19T18:35:20Z</time>
      </trkpt>
      <trkpt lat="46.233160000000005" lon="11.997620000000001">
        <time>2026-08-19T18:35:20Z</time>
      </trkpt>
      <trkpt lat="46.233160000000005" lon="11.9976">
        <time>2026-08-19T18:35:21Z</time>
      </trkpt>
      <trkpt lat="46.233160000000005" lon="11.997580000000001">
        <time>2026-08-19T18:35:22Z</time>
      </trkpt>
      <trkpt lat="46.233160000000005" lon="11.997560000000002">
        <time>2026-08-19T18:35:23Z</time>
      </trkpt>
      <trkpt lat="46.233160000000005" lon="11.99754">
        <time>2026-08-19T18:35:24Z</time>
      </trkpt>
      <trkpt lat="46.23317" lon="11.997520000000002">
        <time>2026-08-19T18:35:25Z</time>
      </trkpt>
      <trkpt lat="46.23317" lon="11.9975">
        <time>2026-08-19T18:35:26Z</time>
      </trkpt>
      <trkpt lat="46.233180000000004" lon="11.99746">
        <time>2026-08-19T18:35:29Z</time>
      </trkpt>
      <trkpt lat="46.233180000000004" lon="11.99745">
        <time>2026-08-19T18:35:29Z</time>
      </trkpt>
      <trkpt lat="46.233180000000004" lon="11.99745">
        <time>2026-08-19T18:35:29Z</time>
      </trkpt>
      <trkpt lat="46.233180000000004" lon="11.997430000000001">
        <time>2026-08-19T18:35:30Z</time>
      </trkpt>
      <trkpt lat="46.23319" lon="11.997420000000002">
        <time>2026-08-19T18:35:31Z</time>
      </trkpt>
      <trkpt lat="46.233200000000004" lon="11.9974">
        <time>2026-08-19T18:35:32Z</time>
      </trkpt>
      <trkpt lat="46.233200000000004" lon="11.99736">
        <time>2026-08-19T18:35:34Z</time>
      </trkpt>
      <trkpt lat="46.233200000000004" lon="11.99736">
        <time>2026-08-19T18:35:34Z</time>
      </trkpt>
      <trkpt lat="46.23321000000001" lon="11.997340000000001">
        <time>2026-08-19T18:35:35Z</time>
      </trkpt>
      <trkpt lat="46.23321000000001" lon="11.99732">
        <time>2026-08-19T18:35:36Z</time>
      </trkpt>
      <trkpt lat="46.23321000000001" lon="11.997300000000001">
        <time>2026-08-19T18:35:37Z</time>
      </trkpt>
      <trkpt lat="46.23322" lon="11.997280000000002">
        <time>2026-08-19T18:35:38Z</time>
      </trkpt>
      <trkpt lat="46.23322" lon="11.997240000000001">
        <time>2026-08-19T18:35:40Z</time>
      </trkpt>
      <trkpt lat="46.23322" lon="11.997240000000001">
        <time>2026-08-19T18:35:40Z</time>
      </trkpt>
      <trkpt lat="46.23322" lon="11.99722">
        <time>2026-08-19T18:35:41Z</time>
      </trkpt>
      <trkpt lat="46.23322" lon="11.997200000000001">
        <time>2026-08-19T18:35:42Z</time>
      </trkpt>
      <trkpt lat="46.23322" lon="11.997160000000001">
        <time>2026-08-19T18:35:44Z</time>
      </trkpt>
      <trkpt lat="46.23322" lon="11.997160000000001">
        <time>2026-08-19T18:35:44Z</time>
      </trkpt>
      <trkpt lat="46.23322" lon="11.997140000000002">
        <time>2026-08-19T18:35:45Z</time>
      </trkpt>
      <trkpt lat="46.23322" lon="11.997100000000001">
        <time>2026-08-19T18:35:47Z</time>
      </trkpt>
      <trkpt lat="46.23322" lon="11.997100000000001">
        <time>2026-08-19T18:35:47Z</time>
      </trkpt>
      <trkpt lat="46.23322" lon="11.99708">
        <time>2026-08-19T18:35:48Z</time>
      </trkpt>
      <trkpt lat="46.23322" lon="11.997060000000001">
        <time>2026-08-19T18:35:49Z</time>
      </trkpt>
      <trkpt lat="46.23322" lon="11.99704">
        <time>2026-08-19T18:35:50Z</time>
      </trkpt>
      <trkpt lat="46.23321000000001" lon="11.997010000000001">
        <time>2026-08-19T18:35:52Z</time>
      </trkpt>
      <trkpt lat="46.23321000000001" lon="11.99699">
        <time>2026-08-19T18:35:53Z</time>
      </trkpt>
      <trkpt lat="46.23321000000001" lon="11.99699">
        <time>2026-08-19T18:35:53Z</time>
      </trkpt>
      <trkpt lat="46.23321000000001" lon="11.996950000000002">
        <time>2026-08-19T18:35:55Z</time>
      </trkpt>
      <trkpt lat="46.233200000000004" lon="11.99693">
        <time>2026-08-19T18:35:56Z</time>
      </trkpt>
      <trkpt lat="46.233200000000004" lon="11.99693">
        <time>2026-08-19T18:35:56Z</time>
      </trkpt>
      <trkpt lat="46.233200000000004" lon="11.9969">
        <time>2026-08-19T18:35:57Z</time>
      </trkpt>
      <trkpt lat="46.233200000000004" lon="11.9969">
        <time>2026-08-19T18:35:57Z</time>
      </trkpt>
      <trkpt lat="46.233200000000004" lon="11.99688">
        <time>2026-08-19T18:35:58Z</time>
      </trkpt>
      <trkpt lat="46.233180000000004" lon="11.99685">
        <time>2026-08-19T18:36:00Z</time>
      </trkpt>
      <trkpt lat="46.233180000000004" lon="11.99684">
        <time>2026-08-19T18:36:01Z</time>
      </trkpt>
      <trkpt lat="46.233180000000004" lon="11.99684">
        <time>2026-08-19T18:36:01Z</time>
      </trkpt>
      <trkpt lat="46.23317" lon="11.996820000000001">
        <time>2026-08-19T18:36:02Z</time>
      </trkpt>
      <trkpt lat="46.233160000000005" lon="11.99679">
        <time>2026-08-19T18:36:04Z</time>
      </trkpt>
      <trkpt lat="46.23315" lon="11.996770000000001">
        <time>2026-08-19T18:36:05Z</time>
      </trkpt>
      <trkpt lat="46.23315" lon="11.996770000000001">
        <time>2026-08-19T18:36:05Z</time>
      </trkpt>
      <trkpt lat="46.233140000000006" lon="11.996760000000002">
        <time>2026-08-19T18:36:06Z</time>
      </trkpt>
      <trkpt lat="46.233140000000006" lon="11.99674">
        <time>2026-08-19T18:36:07Z</time>
      </trkpt>
      <trkpt lat="46.23313" lon="11.996730000000001">
        <time>2026-08-19T18:36:08Z</time>
      </trkpt>
      <trkpt lat="46.23313" lon="11.99671">
        <time>2026-08-19T18:36:09Z</time>
      </trkpt>
      <trkpt lat="46.23312000000001" lon="11.996690000000001">
        <time>2026-08-19T18:36:10Z</time>
      </trkpt>
      <trkpt lat="46.23312000000001" lon="11.99666">
        <time>2026-08-19T18:36:11Z</time>
      </trkpt>
      <trkpt lat="46.23312000000001" lon="11.99661">
        <time>2026-08-19T18:36:14Z</time>
      </trkpt>
      <trkpt lat="46.23312000000001" lon="11.99661">
        <time>2026-08-19T18:36:14Z</time>
      </trkpt>
      <trkpt lat="46.23312000000001" lon="11.996590000000001">
        <time>2026-08-19T18:36:15Z</time>
      </trkpt>
      <trkpt lat="46.23313" lon="11.99657">
        <time>2026-08-19T18:36:16Z</time>
      </trkpt>
      <trkpt lat="46.23313" lon="11.996550000000001">
        <time>2026-08-19T18:36:17Z</time>
      </trkpt>
      <trkpt lat="46.23313" lon="11.996530000000002">
        <time>2026-08-19T18:36:18Z</time>
      </trkpt>
      <trkpt lat="46.23313" lon="11.996490000000001">
        <time>2026-08-19T18:36:20Z</time>
      </trkpt>
      <trkpt lat="46.23313" lon="11.996490000000001">
        <time>2026-08-19T18:36:20Z</time>
      </trkpt>
      <trkpt lat="46.23313" lon="11.99646">
        <time>2026-08-19T18:36:21Z</time>
      </trkpt>
      <trkpt lat="46.23313" lon="11.996440000000002">
        <time>2026-08-19T18:36:22Z</time>
      </trkpt>
      <trkpt lat="46.23313" lon="11.99642">
        <time>2026-08-19T18:36:23Z</time>
      </trkpt>
      <trkpt lat="46.233140000000006" lon="11.99638">
        <time>2026-08-19T18:36:25Z</time>
      </trkpt>
      <trkpt lat="46.233140000000006" lon="11.99638">
        <time>2026-08-19T18:36:25Z</time>
      </trkpt>
      <trkpt lat="46.233140000000006" lon="11.996360000000001">
        <time>2026-08-19T18:36:26Z</time>
      </trkpt>
      <trkpt lat="46.23315" lon="11.996340000000002">
        <time>2026-08-19T18:36:27Z</time>
      </trkpt>
      <trkpt lat="46.23315" lon="11.99632">
        <time>2026-08-19T18:36:28Z</time>
      </trkpt>
      <trkpt lat="46.23315" lon="11.996300000000002">
        <time>2026-08-19T18:36:29Z</time>
      </trkpt>
      <trkpt lat="46.233160000000005" lon="11.996250000000002">
        <time>2026-08-19T18:36:32Z</time>
      </trkpt>
      <trkpt lat="46.233160000000005" lon="11.996250000000002">
        <time>2026-08-19T18:36:32Z</time>
      </trkpt>
      <trkpt lat="46.233160000000005" lon="11.99623">
        <time>2026-08-19T18:36:33Z</time>
      </trkpt>
      <trkpt lat="46.23317" lon="11.99619">
        <time>2026-08-19T18:36:35Z</time>
      </trkpt>
      <trkpt lat="46.23317" lon="11.99619">
        <time>2026-08-19T18:36:35Z</time>
      </trkpt>
      <trkpt lat="46.233180000000004" lon="11.996150000000002">
        <time>2026-08-19T18:36:37Z</time>
      </trkpt>
      <trkpt lat="46.233180000000004" lon="11.996150000000002">
        <time>2026-08-19T18:36:37Z</time>
      </trkpt>
      <trkpt lat="46.233180000000004" lon="11.99613">
        <time>2026-08-19T18:36:38Z</time>
      </trkpt>
      <trkpt lat="46.23319" lon="11.996120000000001">
        <time>2026-08-19T18:36:39Z</time>
      </trkpt>
      <trkpt lat="46.233200000000004" lon="11.9961">
        <time>2026-08-19T18:36:40Z</time>
      </trkpt>
      <trkpt lat="46.233200000000004" lon="11.996080000000001">
        <time>2026-08-19T18:36:41Z</time>
      </trkpt>
      <trkpt lat="46.23321000000001" lon="11.996070000000001">
        <time>2026-08-19T18:36:42Z</time>
      </trkpt>
      <trkpt lat="46.23322" lon="11.99605">
        <time>2026-08-19T18:36:43Z</time>
      </trkpt>
      <trkpt lat="46.23322" lon="11.99604">
        <time>2026-08-19T18:36:44Z</time>
      </trkpt>
      <trkpt lat="46.233230000000006" lon="11.996020000000001">
        <time>2026-08-19T18:36:45Z</time>
      </trkpt>
      <trkpt lat="46.23324" lon="11.996010000000002">
        <time>2026-08-19T18:36:46Z</time>
      </trkpt>
      <trkpt lat="46.233250000000005" lon="11.996">
        <time>2026-08-19T18:36:47Z</time>
      </trkpt>
      <trkpt lat="46.233250000000005" lon="11.995980000000001">
        <time>2026-08-19T18:36:48Z</time>
      </trkpt>
      <trkpt lat="46.23326" lon="11.995970000000002">
        <time>2026-08-19T18:36:48Z</time>
      </trkpt>
      <trkpt lat="46.23328" lon="11.995930000000001">
        <time>2026-08-19T18:36:51Z</time>
      </trkpt>
      <trkpt lat="46.23328" lon="11.995930000000001">
        <time>2026-08-19T18:36:51Z</time>
      </trkpt>
      <trkpt lat="46.23328" lon="11.995920000000002">
        <time>2026-08-19T18:36:51Z</time>
      </trkpt>
      <trkpt lat="46.233290000000004" lon="11.9959">
        <time>2026-08-19T18:36:53Z</time>
      </trkpt>
      <trkpt lat="46.23330000000001" lon="11.995890000000001">
        <time>2026-08-19T18:36:53Z</time>
      </trkpt>
      <trkpt lat="46.23331" lon="11.99586">
        <time>2026-08-19T18:36:55Z</time>
      </trkpt>
      <trkpt lat="46.233320000000006" lon="11.995840000000001">
        <time>2026-08-19T18:36:56Z</time>
      </trkpt>
      <trkpt lat="46.233320000000006" lon="11.995840000000001">
        <time>2026-08-19T18:36:56Z</time>
      </trkpt>
      <trkpt lat="46.23333" lon="11.99581">
        <time>2026-08-19T18:36:58Z</time>
      </trkpt>
      <trkpt lat="46.23333" lon="11.99581">
        <time>2026-08-19T18:36:58Z</time>
      </trkpt>
      <trkpt lat="46.23333" lon="11.995800000000001">
        <time>2026-08-19T18:36:58Z</time>
      </trkpt>
      <trkpt lat="46.233340000000005" lon="11.995780000000002">
        <time>2026-08-19T18:37:00Z</time>
      </trkpt>
      <trkpt lat="46.233340000000005" lon="11.99577">
        <time>2026-08-19T18:37:00Z</time>
      </trkpt>
      <trkpt lat="46.233340000000005" lon="11.995750000000001">
        <time>2026-08-19T18:37:01Z</time>
      </trkpt>
      <trkpt lat="46.23335" lon="11.995730000000002">
        <time>2026-08-19T18:37:02Z</time>
      </trkpt>
      <trkpt lat="46.233360000000005" lon="11.99572">
        <time>2026-08-19T18:37:03Z</time>
      </trkpt>
      <trkpt lat="46.233360000000005" lon="11.995700000000001">
        <time>2026-08-19T18:37:04Z</time>
      </trkpt>
      <trkpt lat="46.233360000000005" lon="11.99568">
        <time>2026-08-19T18:37:05Z</time>
      </trkpt>
      <trkpt lat="46.23337" lon="11.99566">
        <time>2026-08-19T18:37:06Z</time>
      </trkpt>
      <trkpt lat="46.23337" lon="11.99563">
        <time>2026-08-19T18:37:08Z</time>
      </trkpt>
      <trkpt lat="46.233380000000004" lon="11.995610000000001">
        <time>2026-08-19T18:37:09Z</time>
      </trkpt>
      <trkpt lat="46.233380000000004" lon="11.995590000000002">
        <time>2026-08-19T18:37:10Z</time>
      </trkpt>
      <trkpt lat="46.233380000000004" lon="11.99557">
        <time>2026-08-19T18:37:11Z</time>
      </trkpt>
      <trkpt lat="46.23339000000001" lon="11.995550000000001">
        <time>2026-08-19T18:37:12Z</time>
      </trkpt>
      <trkpt lat="46.23339000000001" lon="11.99553">
        <time>2026-08-19T18:37:13Z</time>
      </trkpt>
      <trkpt lat="46.2334" lon="11.995510000000001">
        <time>2026-08-19T18:37:14Z</time>
      </trkpt>
      <trkpt lat="46.2334" lon="11.99549">
        <time>2026-08-19T18:37:15Z</time>
      </trkpt>
      <trkpt lat="46.233410000000006" lon="11.995450000000002">
        <time>2026-08-19T18:37:17Z</time>
      </trkpt>
      <trkpt lat="46.233410000000006" lon="11.995450000000002">
        <time>2026-08-19T18:37:17Z</time>
      </trkpt>
      <trkpt lat="46.233410000000006" lon="11.99543">
        <time>2026-08-19T18:37:18Z</time>
      </trkpt>
      <trkpt lat="46.23342" lon="11.995400000000002">
        <time>2026-08-19T18:37:20Z</time>
      </trkpt>
      <trkpt lat="46.23342" lon="11.995400000000002">
        <time>2026-08-19T18:37:20Z</time>
      </trkpt>
      <trkpt lat="46.233430000000006" lon="11.99538">
        <time>2026-08-19T18:37:21Z</time>
      </trkpt>
      <trkpt lat="46.23344" lon="11.995370000000001">
        <time>2026-08-19T18:37:22Z</time>
      </trkpt>
      <trkpt lat="46.23344" lon="11.99535">
        <time>2026-08-19T18:37:23Z</time>
      </trkpt>
      <trkpt lat="46.233450000000005" lon="11.995330000000001">
        <time>2026-08-19T18:37:24Z</time>
      </trkpt>
      <trkpt lat="46.23346" lon="11.995310000000002">
        <time>2026-08-19T18:37:25Z</time>
      </trkpt>
      <trkpt lat="46.23346" lon="11.9953">
        <time>2026-08-19T18:37:26Z</time>
      </trkpt>
      <trkpt lat="46.23346" lon="11.995280000000001">
        <time>2026-08-19T18:37:27Z</time>
      </trkpt>
      <trkpt lat="46.233470000000004" lon="11.995260000000002">
        <time>2026-08-19T18:37:28Z</time>
      </trkpt>
      <trkpt lat="46.23348000000001" lon="11.99525">
        <time>2026-08-19T18:37:29Z</time>
      </trkpt>
      <trkpt lat="46.23348000000001" lon="11.995230000000001">
        <time>2026-08-19T18:37:30Z</time>
      </trkpt>
      <trkpt lat="46.23349" lon="11.99521">
        <time>2026-08-19T18:37:31Z</time>
      </trkpt>
      <trkpt lat="46.23349" lon="11.995190000000001">
        <time>2026-08-19T18:37:32Z</time>
      </trkpt>
      <trkpt lat="46.23350000000001" lon="11.995170000000002">
        <time>2026-08-19T18:37:33Z</time>
      </trkpt>
      <trkpt lat="46.23350000000001" lon="11.99515">
        <time>2026-08-19T18:37:34Z</time>
      </trkpt>
      <trkpt lat="46.23350000000001" lon="11.995130000000001">
        <time>2026-08-19T18:37:35Z</time>
      </trkpt>
      <trkpt lat="46.23351" lon="11.99511">
        <time>2026-08-19T18:37:36Z</time>
      </trkpt>
      <trkpt lat="46.233520000000006" lon="11.995090000000001">
        <time>2026-08-19T18:37:38Z</time>
      </trkpt>
      <trkpt lat="46.233520000000006" lon="11.99507">
        <time>2026-08-19T18:37:39Z</time>
      </trkpt>
      <trkpt lat="46.233520000000006" lon="11.995040000000001">
        <time>2026-08-19T18:37:40Z</time>
      </trkpt>
      <trkpt lat="46.23353" lon="11.99502">
        <time>2026-08-19T18:37:41Z</time>
      </trkpt>
      <trkpt lat="46.233540000000005" lon="11.99501">
        <time>2026-08-19T18:37:42Z</time>
      </trkpt>
      <trkpt lat="46.233540000000005" lon="11.994990000000001">
        <time>2026-08-19T18:37:43Z</time>
      </trkpt>
      <trkpt lat="46.23355" lon="11.99497">
        <time>2026-08-19T18:37:44Z</time>
      </trkpt>
      <trkpt lat="46.233560000000004" lon="11.994950000000001">
        <time>2026-08-19T18:37:46Z</time>
      </trkpt>
      <trkpt lat="46.233560000000004" lon="11.994930000000002">
        <time>2026-08-19T18:37:47Z</time>
      </trkpt>
      <trkpt lat="46.233560000000004" lon="11.99491">
        <time>2026-08-19T18:37:48Z</time>
      </trkpt>
      <trkpt lat="46.23357" lon="11.994890000000002">
        <time>2026-08-19T18:37:49Z</time>
      </trkpt>
      <trkpt lat="46.23357" lon="11.99488">
        <time>2026-08-19T18:37:49Z</time>
      </trkpt>
      <trkpt lat="46.23358" lon="11.994860000000001">
        <time>2026-08-19T18:37:50Z</time>
      </trkpt>
      <trkpt lat="46.23358" lon="11.994840000000002">
        <time>2026-08-19T18:37:51Z</time>
      </trkpt>
      <trkpt lat="46.23358" lon="11.99482">
        <time>2026-08-19T18:37:52Z</time>
      </trkpt>
      <trkpt lat="46.23358" lon="11.994810000000001">
        <time>2026-08-19T18:37:53Z</time>
      </trkpt>
      <trkpt lat="46.23358" lon="11.994790000000002">
        <time>2026-08-19T18:37:54Z</time>
      </trkpt>
      <trkpt lat="46.23358" lon="11.99477">
        <time>2026-08-19T18:37:55Z</time>
      </trkpt>
      <trkpt lat="46.23358" lon="11.994750000000002">
        <time>2026-08-19T18:37:56Z</time>
      </trkpt>
      <trkpt lat="46.23358" lon="11.99473">
        <time>2026-08-19T18:37:57Z</time>
      </trkpt>
      <trkpt lat="46.23358" lon="11.994710000000001">
        <time>2026-08-19T18:37:58Z</time>
      </trkpt>
      <trkpt lat="46.23358" lon="11.99468">
        <time>2026-08-19T18:37:59Z</time>
      </trkpt>
      <trkpt lat="46.23358" lon="11.994660000000001">
        <time>2026-08-19T18:38:00Z</time>
      </trkpt>
      <trkpt lat="46.23358" lon="11.994650000000002">
        <time>2026-08-19T18:38:01Z</time>
      </trkpt>
      <trkpt lat="46.23358" lon="11.99463">
        <time>2026-08-19T18:38:02Z</time>
      </trkpt>
      <trkpt lat="46.23358" lon="11.994610000000002">
        <time>2026-08-19T18:38:03Z</time>
      </trkpt>
      <trkpt lat="46.23358" lon="11.99459">
        <time>2026-08-19T18:38:04Z</time>
      </trkpt>
      <trkpt lat="46.23358" lon="11.994570000000001">
        <time>2026-08-19T18:38:05Z</time>
      </trkpt>
      <trkpt lat="46.23358" lon="11.99455">
        <time>2026-08-19T18:38:06Z</time>
      </trkpt>
      <trkpt lat="46.23358" lon="11.994530000000001">
        <time>2026-08-19T18:38:07Z</time>
      </trkpt>
      <trkpt lat="46.23358" lon="11.994510000000002">
        <time>2026-08-19T18:38:08Z</time>
      </trkpt>
      <trkpt lat="46.23358" lon="11.99449">
        <time>2026-08-19T18:38:09Z</time>
      </trkpt>
      <trkpt lat="46.23358" lon="11.994470000000002">
        <time>2026-08-19T18:38:10Z</time>
      </trkpt>
      <trkpt lat="46.23358" lon="11.99445">
        <time>2026-08-19T18:38:11Z</time>
      </trkpt>
      <trkpt lat="46.23358" lon="11.994430000000001">
        <time>2026-08-19T18:38:11Z</time>
      </trkpt>
      <trkpt lat="46.23358" lon="11.99441">
        <time>2026-08-19T18:38:12Z</time>
      </trkpt>
      <trkpt lat="46.23358" lon="11.994390000000001">
        <time>2026-08-19T18:38:13Z</time>
      </trkpt>
      <trkpt lat="46.23358" lon="11.994370000000002">
        <time>2026-08-19T18:38:14Z</time>
      </trkpt>
      <trkpt lat="46.23357" lon="11.99435">
        <time>2026-08-19T18:38:16Z</time>
      </trkpt>
      <trkpt lat="46.23358" lon="11.994330000000001">
        <time>2026-08-19T18:38:17Z</time>
      </trkpt>
      <trkpt lat="46.23358" lon="11.99431">
        <time>2026-08-19T18:38:18Z</time>
      </trkpt>
      <trkpt lat="46.23358" lon="11.994290000000001">
        <time>2026-08-19T18:38:19Z</time>
      </trkpt>
      <trkpt lat="46.23358" lon="11.99427">
        <time>2026-08-19T18:38:20Z</time>
      </trkpt>
      <trkpt lat="46.23358" lon="11.994250000000001">
        <time>2026-08-19T18:38:21Z</time>
      </trkpt>
      <trkpt lat="46.23358" lon="11.994230000000002">
        <time>2026-08-19T18:38:22Z</time>
      </trkpt>
      <trkpt lat="46.23358" lon="11.99421">
        <time>2026-08-19T18:38:23Z</time>
      </trkpt>
      <trkpt lat="46.23358" lon="11.994200000000001">
        <time>2026-08-19T18:38:23Z</time>
      </trkpt>
      <trkpt lat="46.23358" lon="11.994180000000002">
        <time>2026-08-19T18:38:24Z</time>
      </trkpt>
      <trkpt lat="46.23358" lon="11.994150000000001">
        <time>2026-08-19T18:38:26Z</time>
      </trkpt>
      <trkpt lat="46.23358" lon="11.99413">
        <time>2026-08-19T18:38:27Z</time>
      </trkpt>
      <trkpt lat="46.23358" lon="11.994110000000001">
        <time>2026-08-19T18:38:28Z</time>
      </trkpt>
      <trkpt lat="46.23358" lon="11.994090000000002">
        <time>2026-08-19T18:38:29Z</time>
      </trkpt>
      <trkpt lat="46.23359000000001" lon="11.99407">
        <time>2026-08-19T18:38:30Z</time>
      </trkpt>
      <trkpt lat="46.23359000000001" lon="11.994050000000001">
        <time>2026-08-19T18:38:31Z</time>
      </trkpt>
      <trkpt lat="46.23359000000001" lon="11.99403">
        <time>2026-08-19T18:38:32Z</time>
      </trkpt>
      <trkpt lat="46.2336" lon="11.994010000000001">
        <time>2026-08-19T18:38:33Z</time>
      </trkpt>
      <trkpt lat="46.2336" lon="11.99399">
        <time>2026-08-19T18:38:34Z</time>
      </trkpt>
      <trkpt lat="46.2336" lon="11.993970000000001">
        <time>2026-08-19T18:38:35Z</time>
      </trkpt>
      <trkpt lat="46.233610000000006" lon="11.993950000000002">
        <time>2026-08-19T18:38:36Z</time>
      </trkpt>
      <trkpt lat="46.23362" lon="11.99393">
        <time>2026-08-19T18:38:37Z</time>
      </trkpt>
      <trkpt lat="46.23362" lon="11.993910000000001">
        <time>2026-08-19T18:38:38Z</time>
      </trkpt>
      <trkpt lat="46.233630000000005" lon="11.99389">
        <time>2026-08-19T18:38:40Z</time>
      </trkpt>
      <trkpt lat="46.23364" lon="11.99388">
        <time>2026-08-19T18:38:40Z</time>
      </trkpt>
      <trkpt lat="46.233650000000004" lon="11.993860000000002">
        <time>2026-08-19T18:38:42Z</time>
      </trkpt>
      <trkpt lat="46.23366" lon="11.99385">
        <time>2026-08-19T18:38:42Z</time>
      </trkpt>
      <trkpt lat="46.23368000000001" lon="11.99384">
        <time>2026-08-19T18:38:44Z</time>
      </trkpt>
      <trkpt lat="46.23369" lon="11.99383">
        <time>2026-08-19T18:38:45Z</time>
      </trkpt>
      <trkpt lat="46.233700000000006" lon="11.993820000000001">
        <time>2026-08-19T18:38:46Z</time>
      </trkpt>
      <trkpt lat="46.23371" lon="11.993810000000002">
        <time>2026-08-19T18:38:47Z</time>
      </trkpt>
      <trkpt lat="46.233720000000005" lon="11.99379">
        <time>2026-08-19T18:38:48Z</time>
      </trkpt>
      <trkpt lat="46.23373" lon="11.993780000000001">
        <time>2026-08-19T18:38:49Z</time>
      </trkpt>
      <trkpt lat="46.233740000000004" lon="11.993760000000002">
        <time>2026-08-19T18:38:50Z</time>
      </trkpt>
      <trkpt lat="46.23375" lon="11.99374">
        <time>2026-08-19T18:38:51Z</time>
      </trkpt>
      <trkpt lat="46.233760000000004" lon="11.993720000000001">
        <time>2026-08-19T18:38:52Z</time>
      </trkpt>
      <trkpt lat="46.233760000000004" lon="11.9937">
        <time>2026-08-19T18:38:53Z</time>
      </trkpt>
      <trkpt lat="46.23377000000001" lon="11.993680000000001">
        <time>2026-08-19T18:38:54Z</time>
      </trkpt>
      <trkpt lat="46.23377000000001" lon="11.99366">
        <time>2026-08-19T18:38:55Z</time>
      </trkpt>
      <trkpt lat="46.23377000000001" lon="11.993640000000001">
        <time>2026-08-19T18:38:56Z</time>
      </trkpt>
      <trkpt lat="46.23377000000001" lon="11.993620000000002">
        <time>2026-08-19T18:38:57Z</time>
      </trkpt>
      <trkpt lat="46.233760000000004" lon="11.9936">
        <time>2026-08-19T18:38:59Z</time>
      </trkpt>
      <trkpt lat="46.233760000000004" lon="11.993580000000001">
        <time>2026-08-19T18:38:59Z</time>
      </trkpt>
      <trkpt lat="46.23375" lon="11.99356">
        <time>2026-08-19T18:39:01Z</time>
      </trkpt>
      <trkpt lat="46.23375" lon="11.99355">
        <time>2026-08-19T18:39:01Z</time>
      </trkpt>
      <trkpt lat="46.23373" lon="11.993540000000001">
        <time>2026-08-19T18:39:03Z</time>
      </trkpt>
      <trkpt lat="46.233720000000005" lon="11.993530000000002">
        <time>2026-08-19T18:39:04Z</time>
      </trkpt>
      <trkpt lat="46.233700000000006" lon="11.99352">
        <time>2026-08-19T18:39:05Z</time>
      </trkpt>
      <trkpt lat="46.23369" lon="11.99351">
        <time>2026-08-19T18:39:06Z</time>
      </trkpt>
      <trkpt lat="46.233670000000004" lon="11.993500000000001">
        <time>2026-08-19T18:39:07Z</time>
      </trkpt>
      <trkpt lat="46.23366" lon="11.993500000000001">
        <time>2026-08-19T18:39:08Z</time>
      </trkpt>
      <trkpt lat="46.23364" lon="11.993500000000001">
        <time>2026-08-19T18:39:10Z</time>
      </trkpt>
      <trkpt lat="46.233630000000005" lon="11.993490000000001">
        <time>2026-08-19T18:39:10Z</time>
      </trkpt>
      <trkpt lat="46.233610000000006" lon="11.993490000000001">
        <time>2026-08-19T18:39:12Z</time>
      </trkpt>
      <trkpt lat="46.2336" lon="11.993490000000001">
        <time>2026-08-19T18:39:12Z</time>
      </trkpt>
      <trkpt lat="46.23358" lon="11.993480000000002">
        <time>2026-08-19T18:39:14Z</time>
      </trkpt>
      <trkpt lat="46.23357" lon="11.993480000000002">
        <time>2026-08-19T18:39:15Z</time>
      </trkpt>
      <trkpt lat="46.233560000000004" lon="11.99347">
        <time>2026-08-19T18:39:16Z</time>
      </trkpt>
      <trkpt lat="46.233540000000005" lon="11.99347">
        <time>2026-08-19T18:39:17Z</time>
      </trkpt>
      <trkpt lat="46.23353" lon="11.99346">
        <time>2026-08-19T18:39:18Z</time>
      </trkpt>
      <trkpt lat="46.23351" lon="11.99346">
        <time>2026-08-19T18:39:19Z</time>
      </trkpt>
      <trkpt lat="46.23350000000001" lon="11.993450000000001">
        <time>2026-08-19T18:39:20Z</time>
      </trkpt>
      <trkpt lat="46.23349" lon="11.993440000000001">
        <time>2026-08-19T18:39:21Z</time>
      </trkpt>
      <trkpt lat="46.23348000000001" lon="11.993440000000001">
        <time>2026-08-19T18:39:22Z</time>
      </trkpt>
      <trkpt lat="46.23346" lon="11.993430000000002">
        <time>2026-08-19T18:39:23Z</time>
      </trkpt>
      <trkpt lat="46.233450000000005" lon="11.99342">
        <time>2026-08-19T18:39:24Z</time>
      </trkpt>
      <trkpt lat="46.23344" lon="11.99341">
        <time>2026-08-19T18:39:25Z</time>
      </trkpt>
      <trkpt lat="46.233430000000006" lon="11.993400000000001">
        <time>2026-08-19T18:39:26Z</time>
      </trkpt>
      <trkpt lat="46.23342" lon="11.99338">
        <time>2026-08-19T18:39:27Z</time>
      </trkpt>
      <trkpt lat="46.233410000000006" lon="11.99337">
        <time>2026-08-19T18:39:28Z</time>
      </trkpt>
      <trkpt lat="46.2334" lon="11.993360000000001">
        <time>2026-08-19T18:39:29Z</time>
      </trkpt>
      <trkpt lat="46.23339000000001" lon="11.993350000000001">
        <time>2026-08-19T18:39:30Z</time>
      </trkpt>
      <trkpt lat="46.233380000000004" lon="11.99333">
        <time>2026-08-19T18:39:31Z</time>
      </trkpt>
      <trkpt lat="46.23337" lon="11.99332">
        <time>2026-08-19T18:39:32Z</time>
      </trkpt>
      <trkpt lat="46.233360000000005" lon="11.993300000000001">
        <time>2026-08-19T18:39:33Z</time>
      </trkpt>
      <trkpt lat="46.23335" lon="11.993290000000002">
        <time>2026-08-19T18:39:34Z</time>
      </trkpt>
      <trkpt lat="46.23335" lon="11.99327">
        <time>2026-08-19T18:39:35Z</time>
      </trkpt>
      <trkpt lat="46.233340000000005" lon="11.993250000000002">
        <time>2026-08-19T18:39:36Z</time>
      </trkpt>
      <trkpt lat="46.233340000000005" lon="11.99324">
        <time>2026-08-19T18:39:36Z</time>
      </trkpt>
      <trkpt lat="46.23333" lon="11.99322">
        <time>2026-08-19T18:39:38Z</time>
      </trkpt>
      <trkpt lat="46.233320000000006" lon="11.993200000000002">
        <time>2026-08-19T18:39:39Z</time>
      </trkpt>
      <trkpt lat="46.233320000000006" lon="11.99318">
        <time>2026-08-19T18:39:40Z</time>
      </trkpt>
      <trkpt lat="46.23331" lon="11.993160000000001">
        <time>2026-08-19T18:39:41Z</time>
      </trkpt>
      <trkpt lat="46.23330000000001" lon="11.993150000000002">
        <time>2026-08-19T18:39:42Z</time>
      </trkpt>
      <trkpt lat="46.23330000000001" lon="11.99313">
        <time>2026-08-19T18:39:43Z</time>
      </trkpt>
      <trkpt lat="46.233290000000004" lon="11.993120000000001">
        <time>2026-08-19T18:39:44Z</time>
      </trkpt>
      <trkpt lat="46.233290000000004" lon="11.9931">
        <time>2026-08-19T18:39:45Z</time>
      </trkpt>
      <trkpt lat="46.23328" lon="11.99308">
        <time>2026-08-19T18:39:46Z</time>
      </trkpt>
      <trkpt lat="46.23328" lon="11.993070000000001">
        <time>2026-08-19T18:39:46Z</time>
      </trkpt>
      <trkpt lat="46.233270000000005" lon="11.99305">
        <time>2026-08-19T18:39:48Z</time>
      </trkpt>
      <trkpt lat="46.23326" lon="11.993030000000001">
        <time>2026-08-19T18:39:49Z</time>
      </trkpt>
      <trkpt lat="46.233250000000005" lon="11.993020000000001">
        <time>2026-08-19T18:39:50Z</time>
      </trkpt>
      <trkpt lat="46.233250000000005" lon="11.993">
        <time>2026-08-19T18:39:51Z</time>
      </trkpt>
      <trkpt lat="46.23324" lon="11.992980000000001">
        <time>2026-08-19T18:39:52Z</time>
      </trkpt>
      <trkpt lat="46.233230000000006" lon="11.992970000000001">
        <time>2026-08-19T18:39:53Z</time>
      </trkpt>
      <trkpt lat="46.233230000000006" lon="11.99295">
        <time>2026-08-19T18:39:54Z</time>
      </trkpt>
      <trkpt lat="46.23322" lon="11.992930000000001">
        <time>2026-08-19T18:39:55Z</time>
      </trkpt>
      <trkpt lat="46.23321000000001" lon="11.992920000000002">
        <time>2026-08-19T18:39:56Z</time>
      </trkpt>
      <trkpt lat="46.233200000000004" lon="11.9929">
        <time>2026-08-19T18:39:57Z</time>
      </trkpt>
      <trkpt lat="46.233200000000004" lon="11.992880000000001">
        <time>2026-08-19T18:39:58Z</time>
      </trkpt>
      <trkpt lat="46.233200000000004" lon="11.99286">
        <time>2026-08-19T18:39:59Z</time>
      </trkpt>
      <trkpt lat="46.23319" lon="11.992840000000001">
        <time>2026-08-19T18:40:00Z</time>
      </trkpt>
      <trkpt lat="46.23319" lon="11.992820000000002">
        <time>2026-08-19T18:40:01Z</time>
      </trkpt>
      <trkpt lat="46.23319" lon="11.9928">
        <time>2026-08-19T18:40:02Z</time>
      </trkpt>
      <trkpt lat="46.233180000000004" lon="11.992780000000002">
        <time>2026-08-19T18:40:03Z</time>
      </trkpt>
      <trkpt lat="46.233180000000004" lon="11.99276">
        <time>2026-08-19T18:40:04Z</time>
      </trkpt>
      <trkpt lat="46.233180000000004" lon="11.992740000000001">
        <time>2026-08-19T18:40:05Z</time>
      </trkpt>
      <trkpt lat="46.233180000000004" lon="11.99271">
        <time>2026-08-19T18:40:07Z</time>
      </trkpt>
      <trkpt lat="46.233180000000004" lon="11.992690000000001">
        <time>2026-08-19T18:40:08Z</time>
      </trkpt>
      <trkpt lat="46.233180000000004" lon="11.99267">
        <time>2026-08-19T18:40:09Z</time>
      </trkpt>
      <trkpt lat="46.233180000000004" lon="11.992650000000001">
        <time>2026-08-19T18:40:10Z</time>
      </trkpt>
      <trkpt lat="46.233180000000004" lon="11.99262">
        <time>2026-08-19T18:40:11Z</time>
      </trkpt>
      <trkpt lat="46.233180000000004" lon="11.992600000000001">
        <time>2026-08-19T18:40:12Z</time>
      </trkpt>
      <trkpt lat="46.233180000000004" lon="11.99258">
        <time>2026-08-19T18:40:13Z</time>
      </trkpt>
      <trkpt lat="46.233180000000004" lon="11.992560000000001">
        <time>2026-08-19T18:40:14Z</time>
      </trkpt>
      <trkpt lat="46.233180000000004" lon="11.992540000000002">
        <time>2026-08-19T18:40:15Z</time>
      </trkpt>
      <trkpt lat="46.23317" lon="11.99252">
        <time>2026-08-19T18:40:16Z</time>
      </trkpt>
      <trkpt lat="46.23317" lon="11.992500000000001">
        <time>2026-08-19T18:40:17Z</time>
      </trkpt>
      <trkpt lat="46.23317" lon="11.99249">
        <time>2026-08-19T18:40:18Z</time>
      </trkpt>
      <trkpt lat="46.23317" lon="11.99247">
        <time>2026-08-19T18:40:19Z</time>
      </trkpt>
      <trkpt lat="46.23317" lon="11.992450000000002">
        <time>2026-08-19T18:40:20Z</time>
      </trkpt>
      <trkpt lat="46.23317" lon="11.99243">
        <time>2026-08-19T18:40:21Z</time>
      </trkpt>
      <trkpt lat="46.23317" lon="11.992410000000001">
        <time>2026-08-19T18:40:22Z</time>
      </trkpt>
      <trkpt lat="46.23317" lon="11.99239">
        <time>2026-08-19T18:40:23Z</time>
      </trkpt>
      <trkpt lat="46.233160000000005" lon="11.992370000000001">
        <time>2026-08-19T18:40:24Z</time>
      </trkpt>
      <trkpt lat="46.233160000000005" lon="11.992350000000002">
        <time>2026-08-19T18:40:25Z</time>
      </trkpt>
      <trkpt lat="46.233160000000005" lon="11.99233">
        <time>2026-08-19T18:40:26Z</time>
      </trkpt>
      <trkpt lat="46.233160000000005" lon="11.992310000000002">
        <time>2026-08-19T18:40:27Z</time>
      </trkpt>
      <trkpt lat="46.233160000000005" lon="11.99229">
        <time>2026-08-19T18:40:28Z</time>
      </trkpt>
      <trkpt lat="46.233160000000005" lon="11.992270000000001">
        <time>2026-08-19T18:40:29Z</time>
      </trkpt>
      <trkpt lat="46.233160000000005" lon="11.99225">
        <time>2026-08-19T18:40:30Z</time>
      </trkpt>
      <trkpt lat="46.233160000000005" lon="11.992230000000001">
        <time>2026-08-19T18:40:31Z</time>
      </trkpt>
      <trkpt lat="46.233160000000005" lon="11.992210000000002">
        <time>2026-08-19T18:40:32Z</time>
      </trkpt>
      <trkpt lat="46.233160000000005" lon="11.9922">
        <time>2026-08-19T18:40:32Z</time>
      </trkpt>
      <trkpt lat="46.233160000000005" lon="11.992180000000001">
        <time>2026-08-19T18:40:33Z</time>
      </trkpt>
      <trkpt lat="46.233160000000005" lon="11.99216">
        <time>2026-08-19T18:40:34Z</time>
      </trkpt>
      <trkpt lat="46.233160000000005" lon="11.992140000000001">
        <time>2026-08-19T18:40:35Z</time>
      </trkpt>
      <trkpt lat="46.233160000000005" lon="11.992120000000002">
        <time>2026-08-19T18:40:36Z</time>
      </trkpt>
      <trkpt lat="46.23317" lon="11.9921">
        <time>2026-08-19T18:40:37Z</time>
      </trkpt>
      <trkpt lat="46.23317" lon="11.992080000000001">
        <time>2026-08-19T18:40:38Z</time>
      </trkpt>
      <trkpt lat="46.23317" lon="11.99206">
        <time>2026-08-19T18:40:39Z</time>
      </trkpt>
      <trkpt lat="46.23317" lon="11.99205">
        <time>2026-08-19T18:40:40Z</time>
      </trkpt>
      <trkpt lat="46.23317" lon="11.992030000000002">
        <time>2026-08-19T18:40:41Z</time>
      </trkpt>
      <trkpt lat="46.23317" lon="11.99201">
        <time>2026-08-19T18:40:42Z</time>
      </trkpt>
      <trkpt lat="46.23317" lon="11.991990000000001">
        <time>2026-08-19T18:40:43Z</time>
      </trkpt>
      <trkpt lat="46.23317" lon="11.991980000000002">
        <time>2026-08-19T18:40:43Z</time>
      </trkpt>
      <trkpt lat="46.233180000000004" lon="11.99196">
        <time>2026-08-19T18:40:44Z</time>
      </trkpt>
      <trkpt lat="46.233180000000004" lon="11.991940000000001">
        <time>2026-08-19T18:40:45Z</time>
      </trkpt>
      <trkpt lat="46.233180000000004" lon="11.99192">
        <time>2026-08-19T18:40:46Z</time>
      </trkpt>
      <trkpt lat="46.233180000000004" lon="11.991900000000001">
        <time>2026-08-19T18:40:47Z</time>
      </trkpt>
      <trkpt lat="46.233180000000004" lon="11.99188">
        <time>2026-08-19T18:40:48Z</time>
      </trkpt>
      <trkpt lat="46.233180000000004" lon="11.99186">
        <time>2026-08-19T18:40:49Z</time>
      </trkpt>
      <trkpt lat="46.233180000000004" lon="11.991850000000001">
        <time>2026-08-19T18:40:50Z</time>
      </trkpt>
      <trkpt lat="46.233180000000004" lon="11.99183">
        <time>2026-08-19T18:40:51Z</time>
      </trkpt>
      <trkpt lat="46.233180000000004" lon="11.991810000000001">
        <time>2026-08-19T18:40:52Z</time>
      </trkpt>
      <trkpt lat="46.233180000000004" lon="11.991790000000002">
        <time>2026-08-19T18:40:53Z</time>
      </trkpt>
      <trkpt lat="46.233180000000004" lon="11.99177">
        <time>2026-08-19T18:40:54Z</time>
      </trkpt>
      <trkpt lat="46.23317" lon="11.991750000000001">
        <time>2026-08-19T18:40:55Z</time>
      </trkpt>
      <trkpt lat="46.23317" lon="11.99173">
        <time>2026-08-19T18:40:56Z</time>
      </trkpt>
      <trkpt lat="46.233160000000005" lon="11.99172">
        <time>2026-08-19T18:40:57Z</time>
      </trkpt>
      <trkpt lat="46.23315" lon="11.991700000000002">
        <time>2026-08-19T18:40:58Z</time>
      </trkpt>
      <trkpt lat="46.23315" lon="11.99168">
        <time>2026-08-19T18:40:59Z</time>
      </trkpt>
      <trkpt lat="46.233140000000006" lon="11.991660000000001">
        <time>2026-08-19T18:41:00Z</time>
      </trkpt>
      <trkpt lat="46.233140000000006" lon="11.991650000000002">
        <time>2026-08-19T18:41:00Z</time>
      </trkpt>
      <trkpt lat="46.23313" lon="11.99163">
        <time>2026-08-19T18:41:02Z</time>
      </trkpt>
      <trkpt lat="46.23312000000001" lon="11.991620000000001">
        <time>2026-08-19T18:41:03Z</time>
      </trkpt>
      <trkpt lat="46.23311" lon="11.991610000000001">
        <time>2026-08-19T18:41:03Z</time>
      </trkpt>
      <trkpt lat="46.2331" lon="11.991600000000002">
        <time>2026-08-19T18:41:04Z</time>
      </trkpt>
      <trkpt lat="46.2331" lon="11.99158">
        <time>2026-08-19T18:41:05Z</time>
      </trkpt>
      <trkpt lat="46.233090000000004" lon="11.991570000000001">
        <time>2026-08-19T18:41:06Z</time>
      </trkpt>
      <trkpt lat="46.23308" lon="11.991560000000002">
        <time>2026-08-19T18:41:07Z</time>
      </trkpt>
      <trkpt lat="46.233070000000005" lon="11.99154">
        <time>2026-08-19T18:41:08Z</time>
      </trkpt>
      <trkpt lat="46.233070000000005" lon="11.991530000000001">
        <time>2026-08-19T18:41:09Z</time>
      </trkpt>
      <trkpt lat="46.23306" lon="11.991510000000002">
        <time>2026-08-19T18:41:10Z</time>
      </trkpt>
      <trkpt lat="46.233050000000006" lon="11.9915">
        <time>2026-08-19T18:41:11Z</time>
      </trkpt>
      <trkpt lat="46.23304" lon="11.991480000000001">
        <time>2026-08-19T18:41:12Z</time>
      </trkpt>
      <trkpt lat="46.23303000000001" lon="11.991470000000001">
        <time>2026-08-19T18:41:13Z</time>
      </trkpt>
      <trkpt lat="46.23302" lon="11.991460000000002">
        <time>2026-08-19T18:41:14Z</time>
      </trkpt>
      <trkpt lat="46.23301000000001" lon="11.99144">
        <time>2026-08-19T18:41:15Z</time>
      </trkpt>
      <trkpt lat="46.233000000000004" lon="11.991430000000001">
        <time>2026-08-19T18:41:16Z</time>
      </trkpt>
      <trkpt lat="46.23299" lon="11.99141">
        <time>2026-08-19T18:41:17Z</time>
      </trkpt>
      <trkpt lat="46.23299" lon="11.99139">
        <time>2026-08-19T18:41:18Z</time>
      </trkpt>
      <trkpt lat="46.232980000000005" lon="11.991370000000002">
        <time>2026-08-19T18:41:19Z</time>
      </trkpt>
      <trkpt lat="46.232980000000005" lon="11.99135">
        <time>2026-08-19T18:41:20Z</time>
      </trkpt>
      <trkpt lat="46.232980000000005" lon="11.991320000000002">
        <time>2026-08-19T18:41:22Z</time>
      </trkpt>
      <trkpt lat="46.232980000000005" lon="11.9913">
        <time>2026-08-19T18:41:22Z</time>
      </trkpt>
      <trkpt lat="46.23297" lon="11.991280000000001">
        <time>2026-08-19T18:41:24Z</time>
      </trkpt>
      <trkpt lat="46.23297" lon="11.99125">
        <time>2026-08-19T18:41:25Z</time>
      </trkpt>
      <trkpt lat="46.232960000000006" lon="11.991230000000002">
        <time>2026-08-19T18:41:26Z</time>
      </trkpt>
      <trkpt lat="46.232960000000006" lon="11.99121">
        <time>2026-08-19T18:41:27Z</time>
      </trkpt>
      <trkpt lat="46.23295" lon="11.991200000000001">
        <time>2026-08-19T18:41:28Z</time>
      </trkpt>
      <trkpt lat="46.23295" lon="11.991180000000002">
        <time>2026-08-19T18:41:29Z</time>
      </trkpt>
      <trkpt lat="46.232940000000006" lon="11.99116">
        <time>2026-08-19T18:41:30Z</time>
      </trkpt>
      <trkpt lat="46.232940000000006" lon="11.991140000000001">
        <time>2026-08-19T18:41:31Z</time>
      </trkpt>
      <trkpt lat="46.232940000000006" lon="11.99112">
        <time>2026-08-19T18:41:32Z</time>
      </trkpt>
      <trkpt lat="46.232940000000006" lon="11.991100000000001">
        <time>2026-08-19T18:41:33Z</time>
      </trkpt>
      <trkpt lat="46.232940000000006" lon="11.99108">
        <time>2026-08-19T18:41:34Z</time>
      </trkpt>
      <trkpt lat="46.23293" lon="11.991060000000001">
        <time>2026-08-19T18:41:36Z</time>
      </trkpt>
      <trkpt lat="46.23293" lon="11.991040000000002">
        <time>2026-08-19T18:41:36Z</time>
      </trkpt>
      <trkpt lat="46.23293" lon="11.991010000000001">
        <time>2026-08-19T18:41:38Z</time>
      </trkpt>
      <trkpt lat="46.23293" lon="11.991000000000001">
        <time>2026-08-19T18:41:38Z</time>
      </trkpt>
      <trkpt lat="46.23292000000001" lon="11.99098">
        <time>2026-08-19T18:41:40Z</time>
      </trkpt>
      <trkpt lat="46.23292000000001" lon="11.990950000000002">
        <time>2026-08-19T18:41:41Z</time>
      </trkpt>
      <trkpt lat="46.232910000000004" lon="11.99093">
        <time>2026-08-19T18:41:42Z</time>
      </trkpt>
      <trkpt lat="46.232910000000004" lon="11.990910000000001">
        <time>2026-08-19T18:41:43Z</time>
      </trkpt>
      <trkpt lat="46.2329" lon="11.990900000000002">
        <time>2026-08-19T18:41:44Z</time>
      </trkpt>
      <trkpt lat="46.2329" lon="11.99088">
        <time>2026-08-19T18:41:45Z</time>
      </trkpt>
      <trkpt lat="46.232890000000005" lon="11.990860000000001">
        <time>2026-08-19T18:41:46Z</time>
      </trkpt>
      <trkpt lat="46.23288" lon="11.99084">
        <time>2026-08-19T18:41:48Z</time>
      </trkpt>
      <trkpt lat="46.232870000000005" lon="11.990820000000001">
        <time>2026-08-19T18:41:49Z</time>
      </trkpt>
      <trkpt lat="46.232870000000005" lon="11.9908">
        <time>2026-08-19T18:41:50Z</time>
      </trkpt>
      <trkpt lat="46.23286" lon="11.99078">
        <time>2026-08-19T18:41:51Z</time>
      </trkpt>
      <trkpt lat="46.23286" lon="11.990760000000002">
        <time>2026-08-19T18:41:52Z</time>
      </trkpt>
      <trkpt lat="46.232850000000006" lon="11.99074">
        <time>2026-08-19T18:41:53Z</time>
      </trkpt>
      <trkpt lat="46.23284" lon="11.990720000000001">
        <time>2026-08-19T18:41:54Z</time>
      </trkpt>
      <trkpt lat="46.23284" lon="11.9907">
        <time>2026-08-19T18:41:55Z</time>
      </trkpt>
      <trkpt lat="46.23284" lon="11.990680000000001">
        <time>2026-08-19T18:41:56Z</time>
      </trkpt>
      <trkpt lat="46.23283000000001" lon="11.99066">
        <time>2026-08-19T18:41:58Z</time>
      </trkpt>
      <trkpt lat="46.23283000000001" lon="11.99064">
        <time>2026-08-19T18:41:58Z</time>
      </trkpt>
      <trkpt lat="46.23283000000001" lon="11.990620000000002">
        <time>2026-08-19T18:41:59Z</time>
      </trkpt>
      <trkpt lat="46.23283000000001" lon="11.9906">
        <time>2026-08-19T18:42:00Z</time>
      </trkpt>
      <trkpt lat="46.232820000000004" lon="11.990580000000001">
        <time>2026-08-19T18:42:02Z</time>
      </trkpt>
      <trkpt lat="46.232820000000004" lon="11.99056">
        <time>2026-08-19T18:42:03Z</time>
      </trkpt>
      <trkpt lat="46.232820000000004" lon="11.990540000000001">
        <time>2026-08-19T18:42:04Z</time>
      </trkpt>
      <trkpt lat="46.23281" lon="11.990520000000002">
        <time>2026-08-19T18:42:05Z</time>
      </trkpt>
      <trkpt lat="46.23281" lon="11.9905">
        <time>2026-08-19T18:42:06Z</time>
      </trkpt>
      <trkpt lat="46.23281" lon="11.990480000000002">
        <time>2026-08-19T18:42:07Z</time>
      </trkpt>
      <trkpt lat="46.232800000000005" lon="11.99046">
        <time>2026-08-19T18:42:08Z</time>
      </trkpt>
      <trkpt lat="46.232800000000005" lon="11.990440000000001">
        <time>2026-08-19T18:42:09Z</time>
      </trkpt>
      <trkpt lat="46.232800000000005" lon="11.99042">
        <time>2026-08-19T18:42:10Z</time>
      </trkpt>
      <trkpt lat="46.232800000000005" lon="11.990400000000001">
        <time>2026-08-19T18:42:11Z</time>
      </trkpt>
      <trkpt lat="46.232800000000005" lon="11.990380000000002">
        <time>2026-08-19T18:42:12Z</time>
      </trkpt>
      <trkpt lat="46.23279" lon="11.99036">
        <time>2026-08-19T18:42:13Z</time>
      </trkpt>
      <trkpt lat="46.23279" lon="11.990340000000002">
        <time>2026-08-19T18:42:14Z</time>
      </trkpt>
      <trkpt lat="46.23279" lon="11.99032">
        <time>2026-08-19T18:42:15Z</time>
      </trkpt>
      <trkpt lat="46.23279" lon="11.990300000000001">
        <time>2026-08-19T18:42:16Z</time>
      </trkpt>
      <trkpt lat="46.23279" lon="11.99028">
        <time>2026-08-19T18:42:17Z</time>
      </trkpt>
      <trkpt lat="46.232800000000005" lon="11.990260000000001">
        <time>2026-08-19T18:42:18Z</time>
      </trkpt>
      <trkpt lat="46.232800000000005" lon="11.990240000000002">
        <time>2026-08-19T18:42:19Z</time>
      </trkpt>
      <trkpt lat="46.232820000000004" lon="11.990240000000002">
        <time>2026-08-19T18:42:21Z</time>
      </trkpt>
      <trkpt lat="46.23283000000001" lon="11.99023">
        <time>2026-08-19T18:42:21Z</time>
      </trkpt>
      <trkpt lat="46.23284" lon="11.99022">
        <time>2026-08-19T18:42:22Z</time>
      </trkpt>
      <trkpt lat="46.23286" lon="11.990210000000001">
        <time>2026-08-19T18:42:24Z</time>
      </trkpt>
      <trkpt lat="46.232870000000005" lon="11.99019">
        <time>2026-08-19T18:42:25Z</time>
      </trkpt>
      <trkpt lat="46.23288" lon="11.99018">
        <time>2026-08-19T18:42:26Z</time>
      </trkpt>
      <trkpt lat="46.232890000000005" lon="11.99017">
        <time>2026-08-19T18:42:27Z</time>
      </trkpt>
      <trkpt lat="46.2329" lon="11.990150000000002">
        <time>2026-08-19T18:42:28Z</time>
      </trkpt>
      <trkpt lat="46.232910000000004" lon="11.99014">
        <time>2026-08-19T18:42:29Z</time>
      </trkpt>
      <trkpt lat="46.23292000000001" lon="11.990120000000001">
        <time>2026-08-19T18:42:30Z</time>
      </trkpt>
      <trkpt lat="46.23293" lon="11.990110000000001">
        <time>2026-08-19T18:42:31Z</time>
      </trkpt>
      <trkpt lat="46.23295" lon="11.990100000000002">
        <time>2026-08-19T18:42:32Z</time>
      </trkpt>
      <trkpt lat="46.232960000000006" lon="11.99008">
        <time>2026-08-19T18:42:34Z</time>
      </trkpt>
      <trkpt lat="46.23297" lon="11.990070000000001">
        <time>2026-08-19T18:42:34Z</time>
      </trkpt>
      <trkpt lat="46.232980000000005" lon="11.990060000000001">
        <time>2026-08-19T18:42:35Z</time>
      </trkpt>
      <trkpt lat="46.233000000000004" lon="11.99005">
        <time>2026-08-19T18:42:37Z</time>
      </trkpt>
      <trkpt lat="46.23301000000001" lon="11.99003">
        <time>2026-08-19T18:42:38Z</time>
      </trkpt>
      <trkpt lat="46.23302" lon="11.990020000000001">
        <time>2026-08-19T18:42:39Z</time>
      </trkpt>
      <trkpt lat="46.23302" lon="11.99">
        <time>2026-08-19T18:42:40Z</time>
      </trkpt>
      <trkpt lat="46.23304" lon="11.989980000000001">
        <time>2026-08-19T18:42:42Z</time>
      </trkpt>
      <trkpt lat="46.23304" lon="11.989960000000002">
        <time>2026-08-19T18:42:43Z</time>
      </trkpt>
      <trkpt lat="46.233050000000006" lon="11.98994">
        <time>2026-08-19T18:42:44Z</time>
      </trkpt>
      <trkpt lat="46.233050000000006" lon="11.989920000000001">
        <time>2026-08-19T18:42:45Z</time>
      </trkpt>
      <trkpt lat="46.23306" lon="11.9899">
        <time>2026-08-19T18:42:46Z</time>
      </trkpt>
      <trkpt lat="46.23306" lon="11.989880000000001">
        <time>2026-08-19T18:42:47Z</time>
      </trkpt>
      <trkpt lat="46.233070000000005" lon="11.98986">
        <time>2026-08-19T18:42:48Z</time>
      </trkpt>
      <trkpt lat="46.233070000000005" lon="11.989840000000001">
        <time>2026-08-19T18:42:49Z</time>
      </trkpt>
      <trkpt lat="46.233070000000005" lon="11.989820000000002">
        <time>2026-08-19T18:42:50Z</time>
      </trkpt>
      <trkpt lat="46.233070000000005" lon="11.9898">
        <time>2026-08-19T18:42:51Z</time>
      </trkpt>
      <trkpt lat="46.233070000000005" lon="11.989780000000001">
        <time>2026-08-19T18:42:52Z</time>
      </trkpt>
      <trkpt lat="46.23306" lon="11.98976">
        <time>2026-08-19T18:42:53Z</time>
      </trkpt>
      <trkpt lat="46.23306" lon="11.989730000000002">
        <time>2026-08-19T18:42:55Z</time>
      </trkpt>
      <trkpt lat="46.23306" lon="11.98971">
        <time>2026-08-19T18:42:56Z</time>
      </trkpt>
      <trkpt lat="46.23306" lon="11.989690000000001">
        <time>2026-08-19T18:42:57Z</time>
      </trkpt>
      <trkpt lat="46.23306" lon="11.98967">
        <time>2026-08-19T18:42:58Z</time>
      </trkpt>
      <trkpt lat="46.233050000000006" lon="11.989650000000001">
        <time>2026-08-19T18:42:59Z</time>
      </trkpt>
      <trkpt lat="46.233050000000006" lon="11.989640000000001">
        <time>2026-08-19T18:42:59Z</time>
      </trkpt>
      <trkpt lat="46.23304" lon="11.98962">
        <time>2026-08-19T18:43:01Z</time>
      </trkpt>
      <trkpt lat="46.23304" lon="11.98961">
        <time>2026-08-19T18:43:01Z</time>
      </trkpt>
      <trkpt lat="46.23303000000001" lon="11.989600000000001">
        <time>2026-08-19T18:43:02Z</time>
      </trkpt>
      <trkpt lat="46.23303000000001" lon="11.989600000000001">
        <time>2026-08-19T18:43:02Z</time>
      </trkpt>
      <trkpt lat="46.23303000000001" lon="11.989600000000001">
        <time>2026-08-19T18:43:02Z</time>
      </trkpt>
      <trkpt lat="46.23302" lon="11.989600000000001">
        <time>2026-08-19T18:43:03Z</time>
      </trkpt>
      <trkpt lat="46.23302" lon="11.989600000000001">
        <time>2026-08-19T18:43:03Z</time>
      </trkpt>
      <trkpt lat="46.23302" lon="11.989600000000001">
        <time>2026-08-19T18:43:03Z</time>
      </trkpt>
      <trkpt lat="46.23302" lon="11.989600000000001">
        <time>2026-08-19T18:43:03Z</time>
      </trkpt>
      <trkpt lat="46.23302" lon="11.989600000000001">
        <time>2026-08-19T18:43:03Z</time>
      </trkpt>
      <trkpt lat="46.23302" lon="11.989600000000001">
        <time>2026-08-19T18:43:03Z</time>
      </trkpt>
      <trkpt lat="46.23302" lon="11.989600000000001">
        <time>2026-08-19T18:43:03Z</time>
      </trkpt>
      <trkpt lat="46.23302" lon="11.989600000000001">
        <time>2026-08-19T18:43:03Z</time>
      </trkpt>
      <trkpt lat="46.23302" lon="11.989600000000001">
        <time>2026-08-19T18:43:03Z</time>
      </trkpt>
      <trkpt lat="46.23302" lon="11.989600000000001">
        <time>2026-08-19T18:43:03Z</time>
      </trkpt>
      <trkpt lat="46.23302" lon="11.989590000000002">
        <time>2026-08-19T18:43:03Z</time>
      </trkpt>
      <trkpt lat="46.23302" lon="11.989590000000002">
        <time>2026-08-19T18:43:03Z</time>
      </trkpt>
      <trkpt lat="46.23302" lon="11.98958">
        <time>2026-08-19T18:43:04Z</time>
      </trkpt>
      <trkpt lat="46.23302" lon="11.98956">
        <time>2026-08-19T18:43:05Z</time>
      </trkpt>
      <trkpt lat="46.23302" lon="11.989550000000001">
        <time>2026-08-19T18:43:05Z</time>
      </trkpt>
      <trkpt lat="46.23302" lon="11.98953">
        <time>2026-08-19T18:43:06Z</time>
      </trkpt>
      <trkpt lat="46.23301000000001" lon="11.989510000000001">
        <time>2026-08-19T18:43:07Z</time>
      </trkpt>
      <trkpt lat="46.23301000000001" lon="11.989490000000002">
        <time>2026-08-19T18:43:08Z</time>
      </trkpt>
      <trkpt lat="46.23301000000001" lon="11.98947">
        <time>2026-08-19T18:43:09Z</time>
      </trkpt>
      <trkpt lat="46.23301000000001" lon="11.989450000000001">
        <time>2026-08-19T18:43:10Z</time>
      </trkpt>
      <trkpt lat="46.23301000000001" lon="11.98943">
        <time>2026-08-19T18:43:11Z</time>
      </trkpt>
      <trkpt lat="46.233000000000004" lon="11.989410000000001">
        <time>2026-08-19T18:43:12Z</time>
      </trkpt>
      <trkpt lat="46.233000000000004" lon="11.98939">
        <time>2026-08-19T18:43:13Z</time>
      </trkpt>
      <trkpt lat="46.233000000000004" lon="11.989370000000001">
        <time>2026-08-19T18:43:14Z</time>
      </trkpt>
      <trkpt lat="46.233000000000004" lon="11.989350000000002">
        <time>2026-08-19T18:43:15Z</time>
      </trkpt>
      <trkpt lat="46.233000000000004" lon="11.98933">
        <time>2026-08-19T18:43:16Z</time>
      </trkpt>
      <trkpt lat="46.233000000000004" lon="11.989300000000002">
        <time>2026-08-19T18:43:18Z</time>
      </trkpt>
      <trkpt lat="46.233000000000004" lon="11.98928">
        <time>2026-08-19T18:43:19Z</time>
      </trkpt>
      <trkpt lat="46.233000000000004" lon="11.989260000000002">
        <time>2026-08-19T18:43:20Z</time>
      </trkpt>
      <trkpt lat="46.233000000000004" lon="11.98924">
        <time>2026-08-19T18:43:21Z</time>
      </trkpt>
      <trkpt lat="46.23301000000001" lon="11.989220000000001">
        <time>2026-08-19T18:43:22Z</time>
      </trkpt>
      <trkpt lat="46.23301000000001" lon="11.9892">
        <time>2026-08-19T18:43:23Z</time>
      </trkpt>
      <trkpt lat="46.23301000000001" lon="11.989180000000001">
        <time>2026-08-19T18:43:24Z</time>
      </trkpt>
      <trkpt lat="46.23301000000001" lon="11.989160000000002">
        <time>2026-08-19T18:43:25Z</time>
      </trkpt>
      <trkpt lat="46.23301000000001" lon="11.98914">
        <time>2026-08-19T18:43:26Z</time>
      </trkpt>
      <trkpt lat="46.23302" lon="11.989120000000002">
        <time>2026-08-19T18:43:27Z</time>
      </trkpt>
      <trkpt lat="46.23302" lon="11.9891">
        <time>2026-08-19T18:43:28Z</time>
      </trkpt>
      <trkpt lat="46.23302" lon="11.989080000000001">
        <time>2026-08-19T18:43:29Z</time>
      </trkpt>
      <trkpt lat="46.23303000000001" lon="11.98906">
        <time>2026-08-19T18:43:30Z</time>
      </trkpt>
      <trkpt lat="46.23303000000001" lon="11.989040000000001">
        <time>2026-08-19T18:43:31Z</time>
      </trkpt>
      <trkpt lat="46.23304" lon="11.989020000000002">
        <time>2026-08-19T18:43:32Z</time>
      </trkpt>
      <trkpt lat="46.23304" lon="11.988990000000001">
        <time>2026-08-19T18:43:34Z</time>
      </trkpt>
      <trkpt lat="46.23304" lon="11.98897">
        <time>2026-08-19T18:43:35Z</time>
      </trkpt>
      <trkpt lat="46.23304" lon="11.98895">
        <time>2026-08-19T18:43:36Z</time>
      </trkpt>
      <trkpt lat="46.233050000000006" lon="11.988930000000002">
        <time>2026-08-19T18:43:37Z</time>
      </trkpt>
      <trkpt lat="46.233050000000006" lon="11.988900000000001">
        <time>2026-08-19T18:43:38Z</time>
      </trkpt>
      <trkpt lat="46.233050000000006" lon="11.988880000000002">
        <time>2026-08-19T18:43:39Z</time>
      </trkpt>
      <trkpt lat="46.23306" lon="11.98886">
        <time>2026-08-19T18:43:41Z</time>
      </trkpt>
      <trkpt lat="46.23306" lon="11.98883">
        <time>2026-08-19T18:43:42Z</time>
      </trkpt>
      <trkpt lat="46.23306" lon="11.98881">
        <time>2026-08-19T18:43:43Z</time>
      </trkpt>
      <trkpt lat="46.23306" lon="11.988790000000002">
        <time>2026-08-19T18:43:44Z</time>
      </trkpt>
      <trkpt lat="46.23306" lon="11.98877">
        <time>2026-08-19T18:43:45Z</time>
      </trkpt>
      <trkpt lat="46.23306" lon="11.988740000000002">
        <time>2026-08-19T18:43:46Z</time>
      </trkpt>
      <trkpt lat="46.23306" lon="11.98872">
        <time>2026-08-19T18:43:47Z</time>
      </trkpt>
      <trkpt lat="46.23306" lon="11.988700000000001">
        <time>2026-08-19T18:43:48Z</time>
      </trkpt>
      <trkpt lat="46.23306" lon="11.98868">
        <time>2026-08-19T18:43:49Z</time>
      </trkpt>
      <trkpt lat="46.23306" lon="11.988650000000002">
        <time>2026-08-19T18:43:51Z</time>
      </trkpt>
      <trkpt lat="46.23306" lon="11.98863">
        <time>2026-08-19T18:43:52Z</time>
      </trkpt>
      <trkpt lat="46.23306" lon="11.988610000000001">
        <time>2026-08-19T18:43:53Z</time>
      </trkpt>
      <trkpt lat="46.233050000000006" lon="11.98858">
        <time>2026-08-19T18:43:54Z</time>
      </trkpt>
      <trkpt lat="46.233050000000006" lon="11.988560000000001">
        <time>2026-08-19T18:43:55Z</time>
      </trkpt>
      <trkpt lat="46.233050000000006" lon="11.98854">
        <time>2026-08-19T18:43:56Z</time>
      </trkpt>
      <trkpt lat="46.233050000000006" lon="11.988520000000001">
        <time>2026-08-19T18:43:57Z</time>
      </trkpt>
      <trkpt lat="46.23304" lon="11.98849">
        <time>2026-08-19T18:43:59Z</time>
      </trkpt>
      <trkpt lat="46.23304" lon="11.988470000000001">
        <time>2026-08-19T18:44:00Z</time>
      </trkpt>
      <trkpt lat="46.23304" lon="11.98845">
        <time>2026-08-19T18:44:01Z</time>
      </trkpt>
      <trkpt lat="46.23304" lon="11.988430000000001">
        <time>2026-08-19T18:44:02Z</time>
      </trkpt>
      <trkpt lat="46.23304" lon="11.988410000000002">
        <time>2026-08-19T18:44:03Z</time>
      </trkpt>
      <trkpt lat="46.23304" lon="11.98839">
        <time>2026-08-19T18:44:04Z</time>
      </trkpt>
      <trkpt lat="46.23304" lon="11.98836">
        <time>2026-08-19T18:44:05Z</time>
      </trkpt>
      <trkpt lat="46.23304" lon="11.98834">
        <time>2026-08-19T18:44:06Z</time>
      </trkpt>
      <trkpt lat="46.23304" lon="11.988320000000002">
        <time>2026-08-19T18:44:07Z</time>
      </trkpt>
      <trkpt lat="46.23304" lon="11.9883">
        <time>2026-08-19T18:44:08Z</time>
      </trkpt>
      <trkpt lat="46.23304" lon="11.988280000000001">
        <time>2026-08-19T18:44:09Z</time>
      </trkpt>
      <trkpt lat="46.233050000000006" lon="11.98826">
        <time>2026-08-19T18:44:11Z</time>
      </trkpt>
      <trkpt lat="46.233050000000006" lon="11.988240000000001">
        <time>2026-08-19T18:44:11Z</time>
      </trkpt>
      <trkpt lat="46.23306" lon="11.98822">
        <time>2026-08-19T18:44:13Z</time>
      </trkpt>
      <trkpt lat="46.23306" lon="11.9882">
        <time>2026-08-19T18:44:14Z</time>
      </trkpt>
      <trkpt lat="46.233070000000005" lon="11.988180000000002">
        <time>2026-08-19T18:44:15Z</time>
      </trkpt>
      <trkpt lat="46.233070000000005" lon="11.98816">
        <time>2026-08-19T18:44:16Z</time>
      </trkpt>
      <trkpt lat="46.233070000000005" lon="11.988130000000002">
        <time>2026-08-19T18:44:17Z</time>
      </trkpt>
      <trkpt lat="46.23308" lon="11.98811">
        <time>2026-08-19T18:44:19Z</time>
      </trkpt>
      <trkpt lat="46.23308" lon="11.988090000000001">
        <time>2026-08-19T18:44:20Z</time>
      </trkpt>
      <trkpt lat="46.233090000000004" lon="11.98807">
        <time>2026-08-19T18:44:21Z</time>
      </trkpt>
      <trkpt lat="46.233090000000004" lon="11.988050000000001">
        <time>2026-08-19T18:44:22Z</time>
      </trkpt>
      <trkpt lat="46.233090000000004" lon="11.98803">
        <time>2026-08-19T18:44:23Z</time>
      </trkpt>
      <trkpt lat="46.2331" lon="11.988010000000001">
        <time>2026-08-19T18:44:24Z</time>
      </trkpt>
      <trkpt lat="46.2331" lon="11.987990000000002">
        <time>2026-08-19T18:44:25Z</time>
      </trkpt>
      <trkpt lat="46.2331" lon="11.98797">
        <time>2026-08-19T18:44:26Z</time>
      </trkpt>
      <trkpt lat="46.23311" lon="11.987950000000001">
        <time>2026-08-19T18:44:27Z</time>
      </trkpt>
      <trkpt lat="46.23312000000001" lon="11.98793">
        <time>2026-08-19T18:44:28Z</time>
      </trkpt>
      <trkpt lat="46.23312000000001" lon="11.987910000000001">
        <time>2026-08-19T18:44:29Z</time>
      </trkpt>
      <trkpt lat="46.23313" lon="11.98789">
        <time>2026-08-19T18:44:30Z</time>
      </trkpt>
      <trkpt lat="46.23313" lon="11.987870000000001">
        <time>2026-08-19T18:44:31Z</time>
      </trkpt>
      <trkpt lat="46.233140000000006" lon="11.987850000000002">
        <time>2026-08-19T18:44:33Z</time>
      </trkpt>
      <trkpt lat="46.233140000000006" lon="11.98783">
        <time>2026-08-19T18:44:34Z</time>
      </trkpt>
      <trkpt lat="46.233140000000006" lon="11.987810000000001">
        <time>2026-08-19T18:44:35Z</time>
      </trkpt>
      <trkpt lat="46.233140000000006" lon="11.98778">
        <time>2026-08-19T18:44:36Z</time>
      </trkpt>
      <trkpt lat="46.23315" lon="11.987760000000002">
        <time>2026-08-19T18:44:37Z</time>
      </trkpt>
      <trkpt lat="46.23315" lon="11.98774">
        <time>2026-08-19T18:44:38Z</time>
      </trkpt>
      <trkpt lat="46.23315" lon="11.987720000000001">
        <time>2026-08-19T18:44:39Z</time>
      </trkpt>
      <trkpt lat="46.23315" lon="11.9877">
        <time>2026-08-19T18:44:40Z</time>
      </trkpt>
      <trkpt lat="46.233160000000005" lon="11.987680000000001">
        <time>2026-08-19T18:44:41Z</time>
      </trkpt>
      <trkpt lat="46.233160000000005" lon="11.987660000000002">
        <time>2026-08-19T18:44:42Z</time>
      </trkpt>
      <trkpt lat="46.233160000000005" lon="11.98764">
        <time>2026-08-19T18:44:43Z</time>
      </trkpt>
      <trkpt lat="46.23317" lon="11.987620000000001">
        <time>2026-08-19T18:44:45Z</time>
      </trkpt>
      <trkpt lat="46.23317" lon="11.98759">
        <time>2026-08-19T18:44:46Z</time>
      </trkpt>
      <trkpt lat="46.233180000000004" lon="11.987570000000002">
        <time>2026-08-19T18:44:47Z</time>
      </trkpt>
      <trkpt lat="46.233180000000004" lon="11.98755">
        <time>2026-08-19T18:44:48Z</time>
      </trkpt>
      <trkpt lat="46.233180000000004" lon="11.987520000000002">
        <time>2026-08-19T18:44:50Z</time>
      </trkpt>
      <trkpt lat="46.233180000000004" lon="11.9875">
        <time>2026-08-19T18:44:51Z</time>
      </trkpt>
      <trkpt lat="46.233180000000004" lon="11.987480000000001">
        <time>2026-08-19T18:44:52Z</time>
      </trkpt>
      <trkpt lat="46.233180000000004" lon="11.98745">
        <time>2026-08-19T18:44:53Z</time>
      </trkpt>
      <trkpt lat="46.233180000000004" lon="11.987430000000002">
        <time>2026-08-19T18:44:54Z</time>
      </trkpt>
      <trkpt lat="46.23317" lon="11.98741">
        <time>2026-08-19T18:44:55Z</time>
      </trkpt>
      <trkpt lat="46.23317" lon="11.987380000000002">
        <time>2026-08-19T18:44:57Z</time>
      </trkpt>
      <trkpt lat="46.23317" lon="11.98736">
        <time>2026-08-19T18:44:58Z</time>
      </trkpt>
      <trkpt lat="46.233160000000005" lon="11.987340000000001">
        <time>2026-08-19T18:44:59Z</time>
      </trkpt>
      <trkpt lat="46.233160000000005" lon="11.98732">
        <time>2026-08-19T18:45:00Z</time>
      </trkpt>
      <trkpt lat="46.23315" lon="11.987300000000001">
        <time>2026-08-19T18:45:01Z</time>
      </trkpt>
      <trkpt lat="46.23315" lon="11.98727">
        <time>2026-08-19T18:45:03Z</time>
      </trkpt>
      <trkpt lat="46.233140000000006" lon="11.987250000000001">
        <time>2026-08-19T18:45:04Z</time>
      </trkpt>
      <trkpt lat="46.233140000000006" lon="11.98723">
        <time>2026-08-19T18:45:05Z</time>
      </trkpt>
      <trkpt lat="46.233140000000006" lon="11.987210000000001">
        <time>2026-08-19T18:45:06Z</time>
      </trkpt>
      <trkpt lat="46.23313" lon="11.987190000000002">
        <time>2026-08-19T18:45:07Z</time>
      </trkpt>
      <trkpt lat="46.23313" lon="11.98717">
        <time>2026-08-19T18:45:08Z</time>
      </trkpt>
      <trkpt lat="46.23312000000001" lon="11.98714">
        <time>2026-08-19T18:45:10Z</time>
      </trkpt>
      <trkpt lat="46.23312000000001" lon="11.98712">
        <time>2026-08-19T18:45:11Z</time>
      </trkpt>
      <trkpt lat="46.23312000000001" lon="11.987100000000002">
        <time>2026-08-19T18:45:12Z</time>
      </trkpt>
      <trkpt lat="46.23311" lon="11.98708">
        <time>2026-08-19T18:45:13Z</time>
      </trkpt>
      <trkpt lat="46.23311" lon="11.987060000000001">
        <time>2026-08-19T18:45:14Z</time>
      </trkpt>
      <trkpt lat="46.23311" lon="11.98703">
        <time>2026-08-19T18:45:15Z</time>
      </trkpt>
      <trkpt lat="46.23311" lon="11.987010000000001">
        <time>2026-08-19T18:45:16Z</time>
      </trkpt>
      <trkpt lat="46.23311" lon="11.98699">
        <time>2026-08-19T18:45:17Z</time>
      </trkpt>
      <trkpt lat="46.23311" lon="11.986960000000002">
        <time>2026-08-19T18:45:19Z</time>
      </trkpt>
      <trkpt lat="46.23311" lon="11.98694">
        <time>2026-08-19T18:45:20Z</time>
      </trkpt>
      <trkpt lat="46.23312000000001" lon="11.986920000000001">
        <time>2026-08-19T18:45:21Z</time>
      </trkpt>
      <trkpt lat="46.23312000000001" lon="11.9869">
        <time>2026-08-19T18:45:22Z</time>
      </trkpt>
      <trkpt lat="46.23312000000001" lon="11.986870000000001">
        <time>2026-08-19T18:45:23Z</time>
      </trkpt>
      <trkpt lat="46.23312000000001" lon="11.98685">
        <time>2026-08-19T18:45:24Z</time>
      </trkpt>
      <trkpt lat="46.23312000000001" lon="11.986830000000001">
        <time>2026-08-19T18:45:25Z</time>
      </trkpt>
      <trkpt lat="46.23313" lon="11.98681">
        <time>2026-08-19T18:45:26Z</time>
      </trkpt>
      <trkpt lat="46.23313" lon="11.986780000000001">
        <time>2026-08-19T18:45:28Z</time>
      </trkpt>
      <trkpt lat="46.233140000000006" lon="11.98676">
        <time>2026-08-19T18:45:29Z</time>
      </trkpt>
      <trkpt lat="46.233140000000006" lon="11.986740000000001">
        <time>2026-08-19T18:45:30Z</time>
      </trkpt>
      <trkpt lat="46.233140000000006" lon="11.986720000000002">
        <time>2026-08-19T18:45:31Z</time>
      </trkpt>
      <trkpt lat="46.23315" lon="11.9867">
        <time>2026-08-19T18:45:32Z</time>
      </trkpt>
      <trkpt lat="46.23315" lon="11.986680000000002">
        <time>2026-08-19T18:45:33Z</time>
      </trkpt>
      <trkpt lat="46.233160000000005" lon="11.98666">
        <time>2026-08-19T18:45:34Z</time>
      </trkpt>
      <trkpt lat="46.233160000000005" lon="11.986640000000001">
        <time>2026-08-19T18:45:35Z</time>
      </trkpt>
      <trkpt lat="46.23317" lon="11.98662">
        <time>2026-08-19T18:45:37Z</time>
      </trkpt>
      <trkpt lat="46.233180000000004" lon="11.986600000000001">
        <time>2026-08-19T18:45:38Z</time>
      </trkpt>
      <trkpt lat="46.233180000000004" lon="11.986580000000002">
        <time>2026-08-19T18:45:39Z</time>
      </trkpt>
      <trkpt lat="46.23319" lon="11.98656">
        <time>2026-08-19T18:45:40Z</time>
      </trkpt>
      <trkpt lat="46.23321000000001" lon="11.98652">
        <time>2026-08-19T18:45:42Z</time>
      </trkpt>
      <trkpt lat="46.23322" lon="11.986500000000001">
        <time>2026-08-19T18:45:44Z</time>
      </trkpt>
      <trkpt lat="46.23322" lon="11.986500000000001">
        <time>2026-08-19T18:45:44Z</time>
      </trkpt>
      <trkpt lat="46.233230000000006" lon="11.986460000000001">
        <time>2026-08-19T18:45:46Z</time>
      </trkpt>
      <trkpt lat="46.233250000000005" lon="11.986440000000002">
        <time>2026-08-19T18:45:47Z</time>
      </trkpt>
      <trkpt lat="46.233250000000005" lon="11.98642">
        <time>2026-08-19T18:45:48Z</time>
      </trkpt>
      <trkpt lat="46.23326" lon="11.986400000000001">
        <time>2026-08-19T18:45:50Z</time>
      </trkpt>
      <trkpt lat="46.23326" lon="11.986400000000001">
        <time>2026-08-19T18:45:50Z</time>
      </trkpt>
      <trkpt lat="46.23326" lon="11.98638">
        <time>2026-08-19T18:45:51Z</time>
      </trkpt>
      <trkpt lat="46.233270000000005" lon="11.986360000000001">
        <time>2026-08-19T18:45:52Z</time>
      </trkpt>
      <trkpt lat="46.23328" lon="11.986320000000001">
        <time>2026-08-19T18:45:54Z</time>
      </trkpt>
      <trkpt lat="46.23328" lon="11.986300000000002">
        <time>2026-08-19T18:45:55Z</time>
      </trkpt>
      <trkpt lat="46.23328" lon="11.98628">
        <time>2026-08-19T18:45:56Z</time>
      </trkpt>
      <trkpt lat="46.233290000000004" lon="11.986260000000001">
        <time>2026-08-19T18:45:57Z</time>
      </trkpt>
      <trkpt lat="46.233290000000004" lon="11.986260000000001">
        <time>2026-08-19T18:45:57Z</time>
      </trkpt>
      <trkpt lat="46.233290000000004" lon="11.986220000000001">
        <time>2026-08-19T18:45:59Z</time>
      </trkpt>
      <trkpt lat="46.233290000000004" lon="11.98619">
        <time>2026-08-19T18:46:00Z</time>
      </trkpt>
      <trkpt lat="46.23330000000001" lon="11.986170000000001">
        <time>2026-08-19T18:46:02Z</time>
      </trkpt>
      <trkpt lat="46.23330000000001" lon="11.98615">
        <time>2026-08-19T18:46:03Z</time>
      </trkpt>
      <trkpt lat="46.23330000000001" lon="11.986120000000001">
        <time>2026-08-19T18:46:04Z</time>
      </trkpt>
      <trkpt lat="46.23330000000001" lon="11.986120000000001">
        <time>2026-08-19T18:46:04Z</time>
      </trkpt>
      <trkpt lat="46.23330000000001" lon="11.9861">
        <time>2026-08-19T18:46:05Z</time>
      </trkpt>
      <trkpt lat="46.233290000000004" lon="11.98605">
        <time>2026-08-19T18:46:08Z</time>
      </trkpt>
      <trkpt lat="46.23328" lon="11.986030000000001">
        <time>2026-08-19T18:46:09Z</time>
      </trkpt>
      <trkpt lat="46.23328" lon="11.98601">
        <time>2026-08-19T18:46:10Z</time>
      </trkpt>
      <trkpt lat="46.233270000000005" lon="11.985990000000001">
        <time>2026-08-19T18:46:11Z</time>
      </trkpt>
      <trkpt lat="46.233270000000005" lon="11.985990000000001">
        <time>2026-08-19T18:46:11Z</time>
      </trkpt>
      <trkpt lat="46.233250000000005" lon="11.98595">
        <time>2026-08-19T18:46:13Z</time>
      </trkpt>
      <trkpt lat="46.233250000000005" lon="11.985930000000002">
        <time>2026-08-19T18:46:14Z</time>
      </trkpt>
      <trkpt lat="46.23324" lon="11.98591">
        <time>2026-08-19T18:46:16Z</time>
      </trkpt>
      <trkpt lat="46.233230000000006" lon="11.9859">
        <time>2026-08-19T18:46:16Z</time>
      </trkpt>
      <trkpt lat="46.23322" lon="11.985880000000002">
        <time>2026-08-19T18:46:18Z</time>
      </trkpt>
      <trkpt lat="46.23322" lon="11.985880000000002">
        <time>2026-08-19T18:46:18Z</time>
      </trkpt>
      <trkpt lat="46.233200000000004" lon="11.985840000000001">
        <time>2026-08-19T18:46:20Z</time>
      </trkpt>
      <trkpt lat="46.23319" lon="11.985830000000002">
        <time>2026-08-19T18:46:21Z</time>
      </trkpt>
      <trkpt lat="46.233180000000004" lon="11.98581">
        <time>2026-08-19T18:46:22Z</time>
      </trkpt>
      <trkpt lat="46.233180000000004" lon="11.98581">
        <time>2026-08-19T18:46:22Z</time>
      </trkpt>
      <trkpt lat="46.23317" lon="11.985790000000001">
        <time>2026-08-19T18:46:23Z</time>
      </trkpt>
      <trkpt lat="46.23315" lon="11.98578">
        <time>2026-08-19T18:46:25Z</time>
      </trkpt>
      <trkpt lat="46.233140000000006" lon="11.985740000000002">
        <time>2026-08-19T18:46:27Z</time>
      </trkpt>
      <trkpt lat="46.23312000000001" lon="11.98573">
        <time>2026-08-19T18:46:28Z</time>
      </trkpt>
      <trkpt lat="46.23311" lon="11.985710000000001">
        <time>2026-08-19T18:46:30Z</time>
      </trkpt>
      <trkpt lat="46.23311" lon="11.985710000000001">
        <time>2026-08-19T18:46:30Z</time>
      </trkpt>
      <trkpt lat="46.233090000000004" lon="11.98567">
        <time>2026-08-19T18:46:32Z</time>
      </trkpt>
      <trkpt lat="46.233090000000004" lon="11.985660000000001">
        <time>2026-08-19T18:46:33Z</time>
      </trkpt>
      <trkpt lat="46.233090000000004" lon="11.985660000000001">
        <time>2026-08-19T18:46:33Z</time>
      </trkpt>
      <trkpt lat="46.233070000000005" lon="11.98562">
        <time>2026-08-19T18:46:35Z</time>
      </trkpt>
      <trkpt lat="46.23306" lon="11.98559">
        <time>2026-08-19T18:46:37Z</time>
      </trkpt>
      <trkpt lat="46.23306" lon="11.98559">
        <time>2026-08-19T18:46:37Z</time>
      </trkpt>
      <trkpt lat="46.233050000000006" lon="11.985550000000002">
        <time>2026-08-19T18:46:39Z</time>
      </trkpt>
      <trkpt lat="46.233050000000006" lon="11.985550000000002">
        <time>2026-08-19T18:46:39Z</time>
      </trkpt>
      <trkpt lat="46.23304" lon="11.98553">
        <time>2026-08-19T18:46:40Z</time>
      </trkpt>
      <trkpt lat="46.23302" lon="11.98549">
        <time>2026-08-19T18:46:42Z</time>
      </trkpt>
      <trkpt lat="46.23302" lon="11.98549">
        <time>2026-08-19T18:46:42Z</time>
      </trkpt>
      <trkpt lat="46.23302" lon="11.985470000000001">
        <time>2026-08-19T18:46:43Z</time>
      </trkpt>
      <trkpt lat="46.233000000000004" lon="11.985430000000001">
        <time>2026-08-19T18:46:46Z</time>
      </trkpt>
      <trkpt lat="46.233000000000004" lon="11.985430000000001">
        <time>2026-08-19T18:46:46Z</time>
      </trkpt>
      <trkpt lat="46.23299" lon="11.9854">
        <time>2026-08-19T18:46:47Z</time>
      </trkpt>
      <trkpt lat="46.23299" lon="11.9854">
        <time>2026-08-19T18:46:47Z</time>
      </trkpt>
      <trkpt lat="46.232980000000005" lon="11.985380000000001">
        <time>2026-08-19T18:46:49Z</time>
      </trkpt>
      <trkpt lat="46.23297" lon="11.98534">
        <time>2026-08-19T18:46:51Z</time>
      </trkpt>
      <trkpt lat="46.232960000000006" lon="11.985320000000002">
        <time>2026-08-19T18:46:52Z</time>
      </trkpt>
      <trkpt lat="46.232960000000006" lon="11.985320000000002">
        <time>2026-08-19T18:46:52Z</time>
      </trkpt>
      <trkpt lat="46.232960000000006" lon="11.985280000000001">
        <time>2026-08-19T18:46:54Z</time>
      </trkpt>
      <trkpt lat="46.23295" lon="11.98526">
        <time>2026-08-19T18:46:55Z</time>
      </trkpt>
      <trkpt lat="46.23295" lon="11.985240000000001">
        <time>2026-08-19T18:46:56Z</time>
      </trkpt>
      <trkpt lat="46.232940000000006" lon="11.985220000000002">
        <time>2026-08-19T18:46:57Z</time>
      </trkpt>
      <trkpt lat="46.232940000000006" lon="11.9852">
        <time>2026-08-19T18:46:58Z</time>
      </trkpt>
      <trkpt lat="46.232940000000006" lon="11.9852">
        <time>2026-08-19T18:46:58Z</time>
      </trkpt>
      <trkpt lat="46.23293" lon="11.98517">
        <time>2026-08-19T18:47:00Z</time>
      </trkpt>
      <trkpt lat="46.23292000000001" lon="11.98515">
        <time>2026-08-19T18:47:01Z</time>
      </trkpt>
      <trkpt lat="46.23292000000001" lon="11.98515">
        <time>2026-08-19T18:47:01Z</time>
      </trkpt>
      <trkpt lat="46.232910000000004" lon="11.985130000000002">
        <time>2026-08-19T18:47:02Z</time>
      </trkpt>
      <trkpt lat="46.232910000000004" lon="11.98511">
        <time>2026-08-19T18:47:03Z</time>
      </trkpt>
      <trkpt lat="46.2329" lon="11.985090000000001">
        <time>2026-08-19T18:47:04Z</time>
      </trkpt>
      <trkpt lat="46.23288" lon="11.985050000000001">
        <time>2026-08-19T18:47:07Z</time>
      </trkpt>
      <trkpt lat="46.23288" lon="11.985040000000001">
        <time>2026-08-19T18:47:07Z</time>
      </trkpt>
      <trkpt lat="46.232870000000005" lon="11.98502">
        <time>2026-08-19T18:47:08Z</time>
      </trkpt>
      <trkpt lat="46.232870000000005" lon="11.98502">
        <time>2026-08-19T18:47:08Z</time>
      </trkpt>
      <trkpt lat="46.23286" lon="11.98498">
        <time>2026-08-19T18:47:11Z</time>
      </trkpt>
      <trkpt lat="46.23286" lon="11.98498">
        <time>2026-08-19T18:47:11Z</time>
      </trkpt>
      <trkpt lat="46.232850000000006" lon="11.984960000000001">
        <time>2026-08-19T18:47:12Z</time>
      </trkpt>
      <trkpt lat="46.23284" lon="11.984940000000002">
        <time>2026-08-19T18:47:13Z</time>
      </trkpt>
      <trkpt lat="46.23284" lon="11.98492">
        <time>2026-08-19T18:47:14Z</time>
      </trkpt>
      <trkpt lat="46.23284" lon="11.984890000000002">
        <time>2026-08-19T18:47:15Z</time>
      </trkpt>
      <trkpt lat="46.23283000000001" lon="11.98487">
        <time>2026-08-19T18:47:17Z</time>
      </trkpt>
      <trkpt lat="46.23283000000001" lon="11.984850000000002">
        <time>2026-08-19T18:47:18Z</time>
      </trkpt>
      <trkpt lat="46.232820000000004" lon="11.984800000000002">
        <time>2026-08-19T18:47:20Z</time>
      </trkpt>
      <trkpt lat="46.232820000000004" lon="11.984800000000002">
        <time>2026-08-19T18:47:20Z</time>
      </trkpt>
      <trkpt lat="46.232820000000004" lon="11.98478">
        <time>2026-08-19T18:47:21Z</time>
      </trkpt>
      <trkpt lat="46.232820000000004" lon="11.984760000000001">
        <time>2026-08-19T18:47:22Z</time>
      </trkpt>
      <trkpt lat="46.232820000000004" lon="11.98474">
        <time>2026-08-19T18:47:23Z</time>
      </trkpt>
      <trkpt lat="46.23283000000001" lon="11.984720000000001">
        <time>2026-08-19T18:47:24Z</time>
      </trkpt>
      <trkpt lat="46.23283000000001" lon="11.984670000000001">
        <time>2026-08-19T18:47:27Z</time>
      </trkpt>
      <trkpt lat="46.23284" lon="11.984660000000002">
        <time>2026-08-19T18:47:28Z</time>
      </trkpt>
      <trkpt lat="46.23284" lon="11.984660000000002">
        <time>2026-08-19T18:47:28Z</time>
      </trkpt>
      <trkpt lat="46.232850000000006" lon="11.98464">
        <time>2026-08-19T18:47:29Z</time>
      </trkpt>
      <trkpt lat="46.23286" lon="11.984620000000001">
        <time>2026-08-19T18:47:30Z</time>
      </trkpt>
      <trkpt lat="46.232870000000005" lon="11.984610000000002">
        <time>2026-08-19T18:47:31Z</time>
      </trkpt>
      <trkpt lat="46.23288" lon="11.98459">
        <time>2026-08-19T18:47:32Z</time>
      </trkpt>
      <trkpt lat="46.232910000000004" lon="11.98456">
        <time>2026-08-19T18:47:35Z</time>
      </trkpt>
      <trkpt lat="46.23292000000001" lon="11.98455">
        <time>2026-08-19T18:47:35Z</time>
      </trkpt>
      <trkpt lat="46.23292000000001" lon="11.98455">
        <time>2026-08-19T18:47:35Z</time>
      </trkpt>
      <trkpt lat="46.23293" lon="11.98454">
        <time>2026-08-19T18:47:36Z</time>
      </trkpt>
      <trkpt lat="46.232940000000006" lon="11.984520000000002">
        <time>2026-08-19T18:47:38Z</time>
      </trkpt>
      <trkpt lat="46.23295" lon="11.9845">
        <time>2026-08-19T18:47:39Z</time>
      </trkpt>
      <trkpt lat="46.23297" lon="11.984470000000002">
        <time>2026-08-19T18:47:41Z</time>
      </trkpt>
      <trkpt lat="46.23297" lon="11.984470000000002">
        <time>2026-08-19T18:47:41Z</time>
      </trkpt>
      <trkpt lat="46.232980000000005" lon="11.98445">
        <time>2026-08-19T18:47:42Z</time>
      </trkpt>
      <trkpt lat="46.233000000000004" lon="11.98441">
        <time>2026-08-19T18:47:44Z</time>
      </trkpt>
      <trkpt lat="46.233000000000004" lon="11.98441">
        <time>2026-08-19T18:47:44Z</time>
      </trkpt>
      <trkpt lat="46.23301000000001" lon="11.98437">
        <time>2026-08-19T18:47:47Z</time>
      </trkpt>
      <trkpt lat="46.23301000000001" lon="11.98437">
        <time>2026-08-19T18:47:47Z</time>
      </trkpt>
      <trkpt lat="46.23301000000001" lon="11.984350000000001">
        <time>2026-08-19T18:47:47Z</time>
      </trkpt>
      <trkpt lat="46.23302" lon="11.98432">
        <time>2026-08-19T18:47:49Z</time>
      </trkpt>
      <trkpt lat="46.23302" lon="11.984300000000001">
        <time>2026-08-19T18:47:50Z</time>
      </trkpt>
      <trkpt lat="46.23302" lon="11.984280000000002">
        <time>2026-08-19T18:47:51Z</time>
      </trkpt>
      <trkpt lat="46.23301000000001" lon="11.98423">
        <time>2026-08-19T18:47:54Z</time>
      </trkpt>
      <trkpt lat="46.23301000000001" lon="11.98423">
        <time>2026-08-19T18:47:54Z</time>
      </trkpt>
      <trkpt lat="46.23301000000001" lon="11.984210000000001">
        <time>2026-08-19T18:47:55Z</time>
      </trkpt>
      <trkpt lat="46.23301000000001" lon="11.984190000000002">
        <time>2026-08-19T18:47:56Z</time>
      </trkpt>
      <trkpt lat="46.23301000000001" lon="11.98417">
        <time>2026-08-19T18:47:57Z</time>
      </trkpt>
      <trkpt lat="46.233000000000004" lon="11.984140000000002">
        <time>2026-08-19T18:47:58Z</time>
      </trkpt>
      <trkpt lat="46.233000000000004" lon="11.984100000000002">
        <time>2026-08-19T18:48:00Z</time>
      </trkpt>
      <trkpt lat="46.233000000000004" lon="11.984100000000002">
        <time>2026-08-19T18:48:00Z</time>
      </trkpt>
      <trkpt lat="46.23299" lon="11.984060000000001">
        <time>2026-08-19T18:48:02Z</time>
      </trkpt>
      <trkpt lat="46.23299" lon="11.984060000000001">
        <time>2026-08-19T18:48:02Z</time>
      </trkpt>
      <trkpt lat="46.23299" lon="11.98403">
        <time>2026-08-19T18:48:04Z</time>
      </trkpt>
      <trkpt lat="46.23299" lon="11.984010000000001">
        <time>2026-08-19T18:48:05Z</time>
      </trkpt>
      <trkpt lat="46.23299" lon="11.983970000000001">
        <time>2026-08-19T18:48:07Z</time>
      </trkpt>
      <trkpt lat="46.23299" lon="11.983970000000001">
        <time>2026-08-19T18:48:07Z</time>
      </trkpt>
      <trkpt lat="46.23299" lon="11.98394">
        <time>2026-08-19T18:48:08Z</time>
      </trkpt>
      <trkpt lat="46.23299" lon="11.983920000000001">
        <time>2026-08-19T18:48:09Z</time>
      </trkpt>
      <trkpt lat="46.23299" lon="11.983880000000001">
        <time>2026-08-19T18:48:11Z</time>
      </trkpt>
      <trkpt lat="46.23299" lon="11.983880000000001">
        <time>2026-08-19T18:48:11Z</time>
      </trkpt>
      <trkpt lat="46.233000000000004" lon="11.98384">
        <time>2026-08-19T18:48:13Z</time>
      </trkpt>
      <trkpt lat="46.233000000000004" lon="11.98384">
        <time>2026-08-19T18:48:13Z</time>
      </trkpt>
      <trkpt lat="46.233000000000004" lon="11.983810000000002">
        <time>2026-08-19T18:48:15Z</time>
      </trkpt>
      <trkpt lat="46.23301000000001" lon="11.98379">
        <time>2026-08-19T18:48:16Z</time>
      </trkpt>
      <trkpt lat="46.23301000000001" lon="11.983770000000002">
        <time>2026-08-19T18:48:17Z</time>
      </trkpt>
      <trkpt lat="46.23302" lon="11.98375">
        <time>2026-08-19T18:48:18Z</time>
      </trkpt>
      <trkpt lat="46.23303000000001" lon="11.983730000000001">
        <time>2026-08-19T18:48:19Z</time>
      </trkpt>
      <trkpt lat="46.23304" lon="11.983720000000002">
        <time>2026-08-19T18:48:20Z</time>
      </trkpt>
      <trkpt lat="46.233050000000006" lon="11.9837">
        <time>2026-08-19T18:48:21Z</time>
      </trkpt>
      <trkpt lat="46.23306" lon="11.983670000000002">
        <time>2026-08-19T18:48:23Z</time>
      </trkpt>
      <trkpt lat="46.233070000000005" lon="11.98365">
        <time>2026-08-19T18:48:24Z</time>
      </trkpt>
      <trkpt lat="46.233070000000005" lon="11.98365">
        <time>2026-08-19T18:48:24Z</time>
      </trkpt>
      <trkpt lat="46.233090000000004" lon="11.98362">
        <time>2026-08-19T18:48:26Z</time>
      </trkpt>
      <trkpt lat="46.233090000000004" lon="11.98362">
        <time>2026-08-19T18:48:26Z</time>
      </trkpt>
      <trkpt lat="46.23311" lon="11.983590000000001">
        <time>2026-08-19T18:48:28Z</time>
      </trkpt>
      <trkpt lat="46.23312000000001" lon="11.983580000000002">
        <time>2026-08-19T18:48:29Z</time>
      </trkpt>
      <trkpt lat="46.23312000000001" lon="11.983580000000002">
        <time>2026-08-19T18:48:29Z</time>
      </trkpt>
      <trkpt lat="46.23313" lon="11.98356">
        <time>2026-08-19T18:48:30Z</time>
      </trkpt>
      <trkpt lat="46.233140000000006" lon="11.983550000000001">
        <time>2026-08-19T18:48:31Z</time>
      </trkpt>
      <trkpt lat="46.23315" lon="11.983530000000002">
        <time>2026-08-19T18:48:32Z</time>
      </trkpt>
      <trkpt lat="46.23315" lon="11.98352">
        <time>2026-08-19T18:48:33Z</time>
      </trkpt>
      <trkpt lat="46.233160000000005" lon="11.98351">
        <time>2026-08-19T18:48:34Z</time>
      </trkpt>
      <trkpt lat="46.23317" lon="11.983500000000001">
        <time>2026-08-19T18:48:34Z</time>
      </trkpt>
      <trkpt lat="46.23317" lon="11.983500000000001">
        <time>2026-08-19T18:48:34Z</time>
      </trkpt>
      <trkpt lat="46.23317" lon="11.98348">
        <time>2026-08-19T18:48:35Z</time>
      </trkpt>
      <trkpt lat="46.23317" lon="11.98348">
        <time>2026-08-19T18:48:35Z</time>
      </trkpt>
      <trkpt lat="46.23317" lon="11.98348">
        <time>2026-08-19T18:48:35Z</time>
      </trkpt>
      <trkpt lat="46.233180000000004" lon="11.98347">
        <time>2026-08-19T18:48:36Z</time>
      </trkpt>
      <trkpt lat="46.23319" lon="11.983460000000001">
        <time>2026-08-19T18:48:37Z</time>
      </trkpt>
      <trkpt lat="46.233200000000004" lon="11.983450000000001">
        <time>2026-08-19T18:48:38Z</time>
      </trkpt>
      <trkpt lat="46.233230000000006" lon="11.98342">
        <time>2026-08-19T18:48:41Z</time>
      </trkpt>
      <trkpt lat="46.23324" lon="11.983410000000001">
        <time>2026-08-19T18:48:41Z</time>
      </trkpt>
      <trkpt lat="46.23324" lon="11.983410000000001">
        <time>2026-08-19T18:48:41Z</time>
      </trkpt>
      <trkpt lat="46.233250000000005" lon="11.983400000000001">
        <time>2026-08-19T18:48:42Z</time>
      </trkpt>
      <trkpt lat="46.23326" lon="11.98338">
        <time>2026-08-19T18:48:44Z</time>
      </trkpt>
      <trkpt lat="46.23328" lon="11.98337">
        <time>2026-08-19T18:48:45Z</time>
      </trkpt>
      <trkpt lat="46.23330000000001" lon="11.983360000000001">
        <time>2026-08-19T18:48:47Z</time>
      </trkpt>
      <trkpt lat="46.23331" lon="11.983360000000001">
        <time>2026-08-19T18:48:47Z</time>
      </trkpt>
      <trkpt lat="46.233320000000006" lon="11.983350000000002">
        <time>2026-08-19T18:48:48Z</time>
      </trkpt>
      <trkpt lat="46.233340000000005" lon="11.98334">
        <time>2026-08-19T18:48:50Z</time>
      </trkpt>
      <trkpt lat="46.23335" lon="11.98333">
        <time>2026-08-19T18:48:50Z</time>
      </trkpt>
      <trkpt lat="46.23337" lon="11.98332">
        <time>2026-08-19T18:48:52Z</time>
      </trkpt>
      <trkpt lat="46.2334" lon="11.98332">
        <time>2026-08-19T18:48:54Z</time>
      </trkpt>
      <trkpt lat="46.233410000000006" lon="11.983310000000001">
        <time>2026-08-19T18:48:55Z</time>
      </trkpt>
      <trkpt lat="46.233410000000006" lon="11.983310000000001">
        <time>2026-08-19T18:48:55Z</time>
      </trkpt>
      <trkpt lat="46.23342" lon="11.983310000000001">
        <time>2026-08-19T18:48:56Z</time>
      </trkpt>
      <trkpt lat="46.233450000000005" lon="11.98329">
        <time>2026-08-19T18:48:58Z</time>
      </trkpt>
      <trkpt lat="46.233450000000005" lon="11.98329">
        <time>2026-08-19T18:48:58Z</time>
      </trkpt>
      <trkpt lat="46.23348000000001" lon="11.983260000000001">
        <time>2026-08-19T18:49:01Z</time>
      </trkpt>
      <trkpt lat="46.23349" lon="11.983250000000002">
        <time>2026-08-19T18:49:01Z</time>
      </trkpt>
      <trkpt lat="46.23349" lon="11.983250000000002">
        <time>2026-08-19T18:49:01Z</time>
      </trkpt>
      <trkpt lat="46.23350000000001" lon="11.98324">
        <time>2026-08-19T18:49:02Z</time>
      </trkpt>
      <trkpt lat="46.23351" lon="11.983220000000001">
        <time>2026-08-19T18:49:03Z</time>
      </trkpt>
      <trkpt lat="46.233520000000006" lon="11.983210000000001">
        <time>2026-08-19T18:49:04Z</time>
      </trkpt>
      <trkpt lat="46.233540000000005" lon="11.983170000000001">
        <time>2026-08-19T18:49:07Z</time>
      </trkpt>
      <trkpt lat="46.233540000000005" lon="11.98315">
        <time>2026-08-19T18:49:08Z</time>
      </trkpt>
      <trkpt lat="46.233540000000005" lon="11.98315">
        <time>2026-08-19T18:49:08Z</time>
      </trkpt>
      <trkpt lat="46.233560000000004" lon="11.9831">
        <time>2026-08-19T18:49:11Z</time>
      </trkpt>
      <trkpt lat="46.233560000000004" lon="11.983080000000001">
        <time>2026-08-19T18:49:12Z</time>
      </trkpt>
      <trkpt lat="46.233560000000004" lon="11.983080000000001">
        <time>2026-08-19T18:49:12Z</time>
      </trkpt>
      <trkpt lat="46.23357" lon="11.983060000000002">
        <time>2026-08-19T18:49:13Z</time>
      </trkpt>
      <trkpt lat="46.23358" lon="11.98304">
        <time>2026-08-19T18:49:14Z</time>
      </trkpt>
      <trkpt lat="46.23358" lon="11.983020000000002">
        <time>2026-08-19T18:49:15Z</time>
      </trkpt>
      <trkpt lat="46.2336" lon="11.983">
        <time>2026-08-19T18:49:17Z</time>
      </trkpt>
      <trkpt lat="46.2336" lon="11.982980000000001">
        <time>2026-08-19T18:49:18Z</time>
      </trkpt>
      <trkpt lat="46.23362" lon="11.982970000000002">
        <time>2026-08-19T18:49:19Z</time>
      </trkpt>
      <trkpt lat="46.233630000000005" lon="11.98295">
        <time>2026-08-19T18:49:20Z</time>
      </trkpt>
      <trkpt lat="46.23364" lon="11.982940000000001">
        <time>2026-08-19T18:49:21Z</time>
      </trkpt>
      <trkpt lat="46.233650000000004" lon="11.982920000000002">
        <time>2026-08-19T18:49:22Z</time>
      </trkpt>
      <trkpt lat="46.233670000000004" lon="11.98291">
        <time>2026-08-19T18:49:24Z</time>
      </trkpt>
      <trkpt lat="46.23368000000001" lon="11.9829">
        <time>2026-08-19T18:49:25Z</time>
      </trkpt>
      <trkpt lat="46.233700000000006" lon="11.982890000000001">
        <time>2026-08-19T18:49:26Z</time>
      </trkpt>
      <trkpt lat="46.23371" lon="11.982880000000002">
        <time>2026-08-19T18:49:27Z</time>
      </trkpt>
      <trkpt lat="46.233720000000005" lon="11.98287">
        <time>2026-08-19T18:49:28Z</time>
      </trkpt>
      <trkpt lat="46.23373" lon="11.98286">
        <time>2026-08-19T18:49:29Z</time>
      </trkpt>
      <trkpt lat="46.233760000000004" lon="11.982840000000001">
        <time>2026-08-19T18:49:31Z</time>
      </trkpt>
      <trkpt lat="46.233760000000004" lon="11.982840000000001">
        <time>2026-08-19T18:49:31Z</time>
      </trkpt>
      <trkpt lat="46.23378" lon="11.982830000000002">
        <time>2026-08-19T18:49:33Z</time>
      </trkpt>
      <trkpt lat="46.233810000000005" lon="11.98282">
        <time>2026-08-19T18:49:35Z</time>
      </trkpt>
      <trkpt lat="46.233810000000005" lon="11.98282">
        <time>2026-08-19T18:49:35Z</time>
      </trkpt>
      <trkpt lat="46.23384" lon="11.982800000000001">
        <time>2026-08-19T18:49:37Z</time>
      </trkpt>
      <trkpt lat="46.23384" lon="11.982800000000001">
        <time>2026-08-19T18:49:37Z</time>
      </trkpt>
      <trkpt lat="46.23387" lon="11.982790000000001">
        <time>2026-08-19T18:49:39Z</time>
      </trkpt>
      <trkpt lat="46.23387" lon="11.982790000000001">
        <time>2026-08-19T18:49:39Z</time>
      </trkpt>
      <trkpt lat="46.233880000000006" lon="11.982780000000002">
        <time>2026-08-19T18:49:40Z</time>
      </trkpt>
      <trkpt lat="46.233900000000006" lon="11.98277">
        <time>2026-08-19T18:49:42Z</time>
      </trkpt>
      <trkpt lat="46.23391" lon="11.98276">
        <time>2026-08-19T18:49:43Z</time>
      </trkpt>
      <trkpt lat="46.23393" lon="11.982750000000001">
        <time>2026-08-19T18:49:44Z</time>
      </trkpt>
      <trkpt lat="46.23396" lon="11.982740000000002">
        <time>2026-08-19T18:49:46Z</time>
      </trkpt>
      <trkpt lat="46.23396" lon="11.982740000000002">
        <time>2026-08-19T18:49:46Z</time>
      </trkpt>
      <trkpt lat="46.23397000000001" lon="11.98273">
        <time>2026-08-19T18:49:47Z</time>
      </trkpt>
      <trkpt lat="46.234" lon="11.98271">
        <time>2026-08-19T18:49:49Z</time>
      </trkpt>
      <trkpt lat="46.23402" lon="11.982700000000001">
        <time>2026-08-19T18:49:51Z</time>
      </trkpt>
      <trkpt lat="46.234030000000004" lon="11.982690000000002">
        <time>2026-08-19T18:49:52Z</time>
      </trkpt>
      <trkpt lat="46.234030000000004" lon="11.982690000000002">
        <time>2026-08-19T18:49:52Z</time>
      </trkpt>
      <trkpt lat="46.23405" lon="11.98268">
        <time>2026-08-19T18:49:53Z</time>
      </trkpt>
      <trkpt lat="46.234080000000006" lon="11.982660000000001">
        <time>2026-08-19T18:49:56Z</time>
      </trkpt>
      <trkpt lat="46.234080000000006" lon="11.982660000000001">
        <time>2026-08-19T18:49:56Z</time>
      </trkpt>
      <trkpt lat="46.23409" lon="11.982640000000002">
        <time>2026-08-19T18:49:57Z</time>
      </trkpt>
      <trkpt lat="46.234100000000005" lon="11.98263">
        <time>2026-08-19T18:49:58Z</time>
      </trkpt>
      <trkpt lat="46.234120000000004" lon="11.98262">
        <time>2026-08-19T18:49:59Z</time>
      </trkpt>
      <trkpt lat="46.234120000000004" lon="11.98262">
        <time>2026-08-19T18:49:59Z</time>
      </trkpt>
      <trkpt lat="46.23413" lon="11.982610000000001">
        <time>2026-08-19T18:50:00Z</time>
      </trkpt>
      <trkpt lat="46.23413" lon="11.982610000000001">
        <time>2026-08-19T18:50:00Z</time>
      </trkpt>
      <trkpt lat="46.23413" lon="11.982610000000001">
        <time>2026-08-19T18:50:00Z</time>
      </trkpt>
      <trkpt lat="46.23413" lon="11.982610000000001">
        <time>2026-08-19T18:50:00Z</time>
      </trkpt>
      <trkpt lat="46.234140000000004" lon="11.982610000000001">
        <time>2026-08-19T18:50:01Z</time>
      </trkpt>
      <trkpt lat="46.234140000000004" lon="11.982610000000001">
        <time>2026-08-19T18:50:01Z</time>
      </trkpt>
      <trkpt lat="46.234140000000004" lon="11.982600000000001">
        <time>2026-08-19T18:50:01Z</time>
      </trkpt>
      <trkpt lat="46.234140000000004" lon="11.982600000000001">
        <time>2026-08-19T18:50:01Z</time>
      </trkpt>
      <trkpt lat="46.234140000000004" lon="11.982600000000001">
        <time>2026-08-19T18:50:01Z</time>
      </trkpt>
      <trkpt lat="46.23415000000001" lon="11.982600000000001">
        <time>2026-08-19T18:50:02Z</time>
      </trkpt>
      <trkpt lat="46.23415000000001" lon="11.982590000000002">
        <time>2026-08-19T18:50:02Z</time>
      </trkpt>
      <trkpt lat="46.23415000000001" lon="11.982590000000002">
        <time>2026-08-19T18:50:02Z</time>
      </trkpt>
      <trkpt lat="46.234170000000006" lon="11.98257">
        <time>2026-08-19T18:50:04Z</time>
      </trkpt>
      <trkpt lat="46.23418" lon="11.982560000000001">
        <time>2026-08-19T18:50:05Z</time>
      </trkpt>
      <trkpt lat="46.234190000000005" lon="11.982550000000002">
        <time>2026-08-19T18:50:06Z</time>
      </trkpt>
      <trkpt lat="46.2342" lon="11.98254">
        <time>2026-08-19T18:50:07Z</time>
      </trkpt>
      <trkpt lat="46.234210000000004" lon="11.982520000000001">
        <time>2026-08-19T18:50:08Z</time>
      </trkpt>
      <trkpt lat="46.234210000000004" lon="11.982520000000001">
        <time>2026-08-19T18:50:08Z</time>
      </trkpt>
      <trkpt lat="46.23424000000001" lon="11.982500000000002">
        <time>2026-08-19T18:50:10Z</time>
      </trkpt>
      <trkpt lat="46.23424000000001" lon="11.982500000000002">
        <time>2026-08-19T18:50:10Z</time>
      </trkpt>
      <trkpt lat="46.23425" lon="11.98249">
        <time>2026-08-19T18:50:11Z</time>
      </trkpt>
      <trkpt lat="46.234260000000006" lon="11.98248">
        <time>2026-08-19T18:50:12Z</time>
      </trkpt>
      <trkpt lat="46.234280000000005" lon="11.982450000000002">
        <time>2026-08-19T18:50:14Z</time>
      </trkpt>
      <trkpt lat="46.234300000000005" lon="11.98244">
        <time>2026-08-19T18:50:16Z</time>
      </trkpt>
      <trkpt lat="46.23431" lon="11.98243">
        <time>2026-08-19T18:50:16Z</time>
      </trkpt>
      <trkpt lat="46.234320000000004" lon="11.982410000000002">
        <time>2026-08-19T18:50:18Z</time>
      </trkpt>
      <trkpt lat="46.234320000000004" lon="11.982410000000002">
        <time>2026-08-19T18:50:18Z</time>
      </trkpt>
      <trkpt lat="46.23434" lon="11.982380000000001">
        <time>2026-08-19T18:50:20Z</time>
      </trkpt>
      <trkpt lat="46.23434" lon="11.982360000000002">
        <time>2026-08-19T18:50:21Z</time>
      </trkpt>
      <trkpt lat="46.23434" lon="11.982360000000002">
        <time>2026-08-19T18:50:21Z</time>
      </trkpt>
      <trkpt lat="46.23436" lon="11.982320000000001">
        <time>2026-08-19T18:50:23Z</time>
      </trkpt>
      <trkpt lat="46.23436" lon="11.9823">
        <time>2026-08-19T18:50:24Z</time>
      </trkpt>
      <trkpt lat="46.234370000000006" lon="11.982280000000001">
        <time>2026-08-19T18:50:25Z</time>
      </trkpt>
      <trkpt lat="46.23438" lon="11.98226">
        <time>2026-08-19T18:50:26Z</time>
      </trkpt>
      <trkpt lat="46.23438" lon="11.982240000000001">
        <time>2026-08-19T18:50:27Z</time>
      </trkpt>
      <trkpt lat="46.23438" lon="11.982240000000001">
        <time>2026-08-19T18:50:27Z</time>
      </trkpt>
      <trkpt lat="46.23438" lon="11.982220000000002">
        <time>2026-08-19T18:50:28Z</time>
      </trkpt>
      <trkpt lat="46.23438" lon="11.982170000000002">
        <time>2026-08-19T18:50:31Z</time>
      </trkpt>
      <trkpt lat="46.23438" lon="11.98215">
        <time>2026-08-19T18:50:32Z</time>
      </trkpt>
      <trkpt lat="46.23438" lon="11.98215">
        <time>2026-08-19T18:50:32Z</time>
      </trkpt>
      <trkpt lat="46.234370000000006" lon="11.982130000000002">
        <time>2026-08-19T18:50:33Z</time>
      </trkpt>
      <trkpt lat="46.234370000000006" lon="11.98211">
        <time>2026-08-19T18:50:34Z</time>
      </trkpt>
      <trkpt lat="46.23436" lon="11.98206">
        <time>2026-08-19T18:50:37Z</time>
      </trkpt>
      <trkpt lat="46.234350000000006" lon="11.982040000000001">
        <time>2026-08-19T18:50:38Z</time>
      </trkpt>
      <trkpt lat="46.23434" lon="11.98201">
        <time>2026-08-19T18:50:39Z</time>
      </trkpt>
      <trkpt lat="46.23434" lon="11.98201">
        <time>2026-08-19T18:50:39Z</time>
      </trkpt>
      <trkpt lat="46.23433000000001" lon="11.98197">
        <time>2026-08-19T18:50:41Z</time>
      </trkpt>
      <trkpt lat="46.23433000000001" lon="11.98197">
        <time>2026-08-19T18:50:41Z</time>
      </trkpt>
      <trkpt lat="46.234320000000004" lon="11.981940000000002">
        <time>2026-08-19T18:50:43Z</time>
      </trkpt>
      <trkpt lat="46.23431" lon="11.981900000000001">
        <time>2026-08-19T18:50:45Z</time>
      </trkpt>
      <trkpt lat="46.23431" lon="11.981900000000001">
        <time>2026-08-19T18:50:45Z</time>
      </trkpt>
      <trkpt lat="46.234300000000005" lon="11.981860000000001">
        <time>2026-08-19T18:50:47Z</time>
      </trkpt>
      <trkpt lat="46.23429" lon="11.981840000000002">
        <time>2026-08-19T18:50:48Z</time>
      </trkpt>
      <trkpt lat="46.23429" lon="11.981840000000002">
        <time>2026-08-19T18:50:48Z</time>
      </trkpt>
      <trkpt lat="46.23427" lon="11.981800000000002">
        <time>2026-08-19T18:50:51Z</time>
      </trkpt>
      <trkpt lat="46.23427" lon="11.981800000000002">
        <time>2026-08-19T18:50:51Z</time>
      </trkpt>
      <trkpt lat="46.234260000000006" lon="11.98178">
        <time>2026-08-19T18:50:52Z</time>
      </trkpt>
      <trkpt lat="46.23424000000001" lon="11.981750000000002">
        <time>2026-08-19T18:50:54Z</time>
      </trkpt>
      <trkpt lat="46.23424000000001" lon="11.981750000000002">
        <time>2026-08-19T18:50:54Z</time>
      </trkpt>
      <trkpt lat="46.234230000000004" lon="11.98174">
        <time>2026-08-19T18:50:55Z</time>
      </trkpt>
      <trkpt lat="46.2342" lon="11.981710000000001">
        <time>2026-08-19T18:50:58Z</time>
      </trkpt>
      <trkpt lat="46.2342" lon="11.981710000000001">
        <time>2026-08-19T18:50:58Z</time>
      </trkpt>
      <trkpt lat="46.234190000000005" lon="11.981700000000002">
        <time>2026-08-19T18:50:58Z</time>
      </trkpt>
      <trkpt lat="46.23416" lon="11.981670000000001">
        <time>2026-08-19T18:51:01Z</time>
      </trkpt>
      <trkpt lat="46.23415000000001" lon="11.981660000000002">
        <time>2026-08-19T18:51:02Z</time>
      </trkpt>
      <trkpt lat="46.23415000000001" lon="11.981660000000002">
        <time>2026-08-19T18:51:02Z</time>
      </trkpt>
      <trkpt lat="46.234140000000004" lon="11.98164">
        <time>2026-08-19T18:51:03Z</time>
      </trkpt>
      <trkpt lat="46.23413" lon="11.981620000000001">
        <time>2026-08-19T18:51:04Z</time>
      </trkpt>
      <trkpt lat="46.234120000000004" lon="11.981610000000002">
        <time>2026-08-19T18:51:05Z</time>
      </trkpt>
      <trkpt lat="46.23411" lon="11.98159">
        <time>2026-08-19T18:51:06Z</time>
      </trkpt>
      <trkpt lat="46.234100000000005" lon="11.981570000000001">
        <time>2026-08-19T18:51:08Z</time>
      </trkpt>
      <trkpt lat="46.234100000000005" lon="11.98155">
        <time>2026-08-19T18:51:08Z</time>
      </trkpt>
      <trkpt lat="46.234080000000006" lon="11.9815">
        <time>2026-08-19T18:51:11Z</time>
      </trkpt>
      <trkpt lat="46.234080000000006" lon="11.981480000000001">
        <time>2026-08-19T18:51:12Z</time>
      </trkpt>
      <trkpt lat="46.234080000000006" lon="11.981480000000001">
        <time>2026-08-19T18:51:12Z</time>
      </trkpt>
      <trkpt lat="46.23407" lon="11.98146">
        <time>2026-08-19T18:51:13Z</time>
      </trkpt>
      <trkpt lat="46.23407" lon="11.981440000000001">
        <time>2026-08-19T18:51:14Z</time>
      </trkpt>
      <trkpt lat="46.23407" lon="11.981420000000002">
        <time>2026-08-19T18:51:15Z</time>
      </trkpt>
      <trkpt lat="46.23407" lon="11.981390000000001">
        <time>2026-08-19T18:51:17Z</time>
      </trkpt>
      <trkpt lat="46.23407" lon="11.981370000000002">
        <time>2026-08-19T18:51:18Z</time>
      </trkpt>
      <trkpt lat="46.23407" lon="11.98135">
        <time>2026-08-19T18:51:19Z</time>
      </trkpt>
      <trkpt lat="46.23407" lon="11.981340000000001">
        <time>2026-08-19T18:51:19Z</time>
      </trkpt>
      <trkpt lat="46.23407" lon="11.981330000000002">
        <time>2026-08-19T18:51:20Z</time>
      </trkpt>
      <trkpt lat="46.23406000000001" lon="11.98132">
        <time>2026-08-19T18:51:21Z</time>
      </trkpt>
      <trkpt lat="46.23406000000001" lon="11.98132">
        <time>2026-08-19T18:51:21Z</time>
      </trkpt>
      <trkpt lat="46.23405" lon="11.98132">
        <time>2026-08-19T18:51:21Z</time>
      </trkpt>
      <trkpt lat="46.23405" lon="11.98132">
        <time>2026-08-19T18:51:21Z</time>
      </trkpt>
      <trkpt lat="46.23404" lon="11.98131">
        <time>2026-08-19T18:51:22Z</time>
      </trkpt>
      <trkpt lat="46.23404" lon="11.98131">
        <time>2026-08-19T18:51:22Z</time>
      </trkpt>
      <trkpt lat="46.234030000000004" lon="11.98131">
        <time>2026-08-19T18:51:23Z</time>
      </trkpt>
      <trkpt lat="46.234030000000004" lon="11.98132">
        <time>2026-08-19T18:51:23Z</time>
      </trkpt>
      <trkpt lat="46.234030000000004" lon="11.98132">
        <time>2026-08-19T18:51:23Z</time>
      </trkpt>
      <trkpt lat="46.234030000000004" lon="11.98132">
        <time>2026-08-19T18:51:23Z</time>
      </trkpt>
      <trkpt lat="46.234030000000004" lon="11.98132">
        <time>2026-08-19T18:51:23Z</time>
      </trkpt>
      <trkpt lat="46.23404" lon="11.98131">
        <time>2026-08-19T18:51:24Z</time>
      </trkpt>
      <trkpt lat="46.23405" lon="11.98131">
        <time>2026-08-19T18:51:25Z</time>
      </trkpt>
      <trkpt lat="46.23406000000001" lon="11.981300000000001">
        <time>2026-08-19T18:51:26Z</time>
      </trkpt>
      <trkpt lat="46.23407" lon="11.981280000000002">
        <time>2026-08-19T18:51:27Z</time>
      </trkpt>
      <trkpt lat="46.234080000000006" lon="11.98127">
        <time>2026-08-19T18:51:28Z</time>
      </trkpt>
      <trkpt lat="46.234100000000005" lon="11.98126">
        <time>2026-08-19T18:51:29Z</time>
      </trkpt>
      <trkpt lat="46.23411" lon="11.981250000000001">
        <time>2026-08-19T18:51:30Z</time>
      </trkpt>
      <trkpt lat="46.23413" lon="11.981240000000001">
        <time>2026-08-19T18:51:32Z</time>
      </trkpt>
      <trkpt lat="46.234140000000004" lon="11.981230000000002">
        <time>2026-08-19T18:51:33Z</time>
      </trkpt>
      <trkpt lat="46.23416" lon="11.98122">
        <time>2026-08-19T18:51:34Z</time>
      </trkpt>
      <trkpt lat="46.234170000000006" lon="11.98121">
        <time>2026-08-19T18:51:35Z</time>
      </trkpt>
      <trkpt lat="46.234190000000005" lon="11.981200000000001">
        <time>2026-08-19T18:51:37Z</time>
      </trkpt>
      <trkpt lat="46.2342" lon="11.981190000000002">
        <time>2026-08-19T18:51:37Z</time>
      </trkpt>
      <trkpt lat="46.23422" lon="11.98118">
        <time>2026-08-19T18:51:39Z</time>
      </trkpt>
      <trkpt lat="46.234230000000004" lon="11.98117">
        <time>2026-08-19T18:51:40Z</time>
      </trkpt>
      <trkpt lat="46.23424000000001" lon="11.981160000000001">
        <time>2026-08-19T18:51:41Z</time>
      </trkpt>
      <trkpt lat="46.23425" lon="11.981150000000001">
        <time>2026-08-19T18:51:41Z</time>
      </trkpt>
      <trkpt lat="46.234260000000006" lon="11.98113">
        <time>2026-08-19T18:51:43Z</time>
      </trkpt>
      <trkpt lat="46.23427" lon="11.98112">
        <time>2026-08-19T18:51:44Z</time>
      </trkpt>
      <trkpt lat="46.234280000000005" lon="11.981100000000001">
        <time>2026-08-19T18:51:45Z</time>
      </trkpt>
      <trkpt lat="46.234300000000005" lon="11.981090000000002">
        <time>2026-08-19T18:51:46Z</time>
      </trkpt>
      <trkpt lat="46.23431" lon="11.98108">
        <time>2026-08-19T18:51:47Z</time>
      </trkpt>
      <trkpt lat="46.234320000000004" lon="11.981060000000001">
        <time>2026-08-19T18:51:48Z</time>
      </trkpt>
      <trkpt lat="46.23433000000001" lon="11.98104">
        <time>2026-08-19T18:51:50Z</time>
      </trkpt>
      <trkpt lat="46.234350000000006" lon="11.981010000000001">
        <time>2026-08-19T18:51:52Z</time>
      </trkpt>
      <trkpt lat="46.234350000000006" lon="11.981010000000001">
        <time>2026-08-19T18:51:52Z</time>
      </trkpt>
      <trkpt lat="46.234370000000006" lon="11.98098">
        <time>2026-08-19T18:51:54Z</time>
      </trkpt>
      <trkpt lat="46.23438" lon="11.980960000000001">
        <time>2026-08-19T18:51:55Z</time>
      </trkpt>
      <trkpt lat="46.23438" lon="11.980960000000001">
        <time>2026-08-19T18:51:55Z</time>
      </trkpt>
      <trkpt lat="46.234390000000005" lon="11.980950000000002">
        <time>2026-08-19T18:51:56Z</time>
      </trkpt>
      <trkpt lat="46.2344" lon="11.98093">
        <time>2026-08-19T18:51:57Z</time>
      </trkpt>
      <trkpt lat="46.234410000000004" lon="11.980910000000002">
        <time>2026-08-19T18:51:58Z</time>
      </trkpt>
      <trkpt lat="46.23442000000001" lon="11.9809">
        <time>2026-08-19T18:51:59Z</time>
      </trkpt>
      <trkpt lat="46.23445" lon="11.980870000000001">
        <time>2026-08-19T18:52:02Z</time>
      </trkpt>
      <trkpt lat="46.23445" lon="11.980870000000001">
        <time>2026-08-19T18:52:02Z</time>
      </trkpt>
      <trkpt lat="46.234460000000006" lon="11.980860000000002">
        <time>2026-08-19T18:52:02Z</time>
      </trkpt>
      <trkpt lat="46.23447" lon="11.98084">
        <time>2026-08-19T18:52:04Z</time>
      </trkpt>
      <trkpt lat="46.234480000000005" lon="11.980830000000001">
        <time>2026-08-19T18:52:04Z</time>
      </trkpt>
      <trkpt lat="46.23449" lon="11.980820000000001">
        <time>2026-08-19T18:52:05Z</time>
      </trkpt>
      <trkpt lat="46.23451000000001" lon="11.9808">
        <time>2026-08-19T18:52:07Z</time>
      </trkpt>
      <trkpt lat="46.23452" lon="11.98079">
        <time>2026-08-19T18:52:08Z</time>
      </trkpt>
      <trkpt lat="46.23454" lon="11.980770000000001">
        <time>2026-08-19T18:52:10Z</time>
      </trkpt>
      <trkpt lat="46.234550000000006" lon="11.980760000000002">
        <time>2026-08-19T18:52:10Z</time>
      </trkpt>
      <trkpt lat="46.23456" lon="11.98074">
        <time>2026-08-19T18:52:12Z</time>
      </trkpt>
      <trkpt lat="46.234570000000005" lon="11.980730000000001">
        <time>2026-08-19T18:52:13Z</time>
      </trkpt>
      <trkpt lat="46.2346" lon="11.9807">
        <time>2026-08-19T18:52:15Z</time>
      </trkpt>
      <trkpt lat="46.2346" lon="11.9807">
        <time>2026-08-19T18:52:15Z</time>
      </trkpt>
      <trkpt lat="46.23461" lon="11.980680000000001">
        <time>2026-08-19T18:52:16Z</time>
      </trkpt>
      <trkpt lat="46.234640000000006" lon="11.98066">
        <time>2026-08-19T18:52:19Z</time>
      </trkpt>
      <trkpt lat="46.234640000000006" lon="11.98066">
        <time>2026-08-19T18:52:19Z</time>
      </trkpt>
      <trkpt lat="46.23465" lon="11.980640000000001">
        <time>2026-08-19T18:52:20Z</time>
      </trkpt>
      <trkpt lat="46.234660000000005" lon="11.980630000000001">
        <time>2026-08-19T18:52:21Z</time>
      </trkpt>
      <trkpt lat="46.234680000000004" lon="11.980620000000002">
        <time>2026-08-19T18:52:22Z</time>
      </trkpt>
      <trkpt lat="46.23469" lon="11.9806">
        <time>2026-08-19T18:52:23Z</time>
      </trkpt>
      <trkpt lat="46.23471000000001" lon="11.980590000000001">
        <time>2026-08-19T18:52:25Z</time>
      </trkpt>
      <trkpt lat="46.23472" lon="11.980580000000002">
        <time>2026-08-19T18:52:26Z</time>
      </trkpt>
      <trkpt lat="46.23474" lon="11.98056">
        <time>2026-08-19T18:52:27Z</time>
      </trkpt>
      <trkpt lat="46.23476" lon="11.980540000000001">
        <time>2026-08-19T18:52:29Z</time>
      </trkpt>
      <trkpt lat="46.23476" lon="11.980540000000001">
        <time>2026-08-19T18:52:29Z</time>
      </trkpt>
      <trkpt lat="46.234770000000005" lon="11.980530000000002">
        <time>2026-08-19T18:52:30Z</time>
      </trkpt>
      <trkpt lat="46.23478" lon="11.98052">
        <time>2026-08-19T18:52:31Z</time>
      </trkpt>
      <trkpt lat="46.234790000000004" lon="11.980500000000001">
        <time>2026-08-19T18:52:32Z</time>
      </trkpt>
      <trkpt lat="46.23480000000001" lon="11.980490000000001">
        <time>2026-08-19T18:52:33Z</time>
      </trkpt>
      <trkpt lat="46.23481" lon="11.98047">
        <time>2026-08-19T18:52:34Z</time>
      </trkpt>
      <trkpt lat="46.234820000000006" lon="11.980450000000001">
        <time>2026-08-19T18:52:35Z</time>
      </trkpt>
      <trkpt lat="46.23483" lon="11.98043">
        <time>2026-08-19T18:52:37Z</time>
      </trkpt>
      <trkpt lat="46.234840000000005" lon="11.980410000000001">
        <time>2026-08-19T18:52:38Z</time>
      </trkpt>
      <trkpt lat="46.234840000000005" lon="11.98038">
        <time>2026-08-19T18:52:39Z</time>
      </trkpt>
      <trkpt lat="46.23485" lon="11.980360000000001">
        <time>2026-08-19T18:52:40Z</time>
      </trkpt>
      <trkpt lat="46.23485" lon="11.980340000000002">
        <time>2026-08-19T18:52:41Z</time>
      </trkpt>
      <trkpt lat="46.234860000000005" lon="11.98032">
        <time>2026-08-19T18:52:43Z</time>
      </trkpt>
      <trkpt lat="46.234860000000005" lon="11.980300000000002">
        <time>2026-08-19T18:52:44Z</time>
      </trkpt>
      <trkpt lat="46.234860000000005" lon="11.98028">
        <time>2026-08-19T18:52:45Z</time>
      </trkpt>
      <trkpt lat="46.23487" lon="11.980260000000001">
        <time>2026-08-19T18:52:46Z</time>
      </trkpt>
      <trkpt lat="46.23487" lon="11.98023">
        <time>2026-08-19T18:52:47Z</time>
      </trkpt>
      <trkpt lat="46.23487" lon="11.980210000000001">
        <time>2026-08-19T18:52:48Z</time>
      </trkpt>
      <trkpt lat="46.23487" lon="11.98019">
        <time>2026-08-19T18:52:49Z</time>
      </trkpt>
      <trkpt lat="46.23487" lon="11.98014">
        <time>2026-08-19T18:52:52Z</time>
      </trkpt>
      <trkpt lat="46.23487" lon="11.980120000000001">
        <time>2026-08-19T18:52:53Z</time>
      </trkpt>
      <trkpt lat="46.23487" lon="11.980120000000001">
        <time>2026-08-19T18:52:53Z</time>
      </trkpt>
      <trkpt lat="46.234860000000005" lon="11.98009">
        <time>2026-08-19T18:52:54Z</time>
      </trkpt>
      <trkpt lat="46.234860000000005" lon="11.980070000000001">
        <time>2026-08-19T18:52:55Z</time>
      </trkpt>
      <trkpt lat="46.234860000000005" lon="11.98004">
        <time>2026-08-19T18:52:57Z</time>
      </trkpt>
      <trkpt lat="46.234860000000005" lon="11.980020000000001">
        <time>2026-08-19T18:52:58Z</time>
      </trkpt>
      <trkpt lat="46.23485" lon="11.97999">
        <time>2026-08-19T18:52:59Z</time>
      </trkpt>
      <trkpt lat="46.23485" lon="11.979970000000002">
        <time>2026-08-19T18:53:00Z</time>
      </trkpt>
      <trkpt lat="46.234840000000005" lon="11.979940000000001">
        <time>2026-08-19T18:53:02Z</time>
      </trkpt>
      <trkpt lat="46.23483" lon="11.9799">
        <time>2026-08-19T18:53:04Z</time>
      </trkpt>
      <trkpt lat="46.23483" lon="11.9799">
        <time>2026-08-19T18:53:04Z</time>
      </trkpt>
      <trkpt lat="46.23483" lon="11.979880000000001">
        <time>2026-08-19T18:53:05Z</time>
      </trkpt>
      <trkpt lat="46.234820000000006" lon="11.97986">
        <time>2026-08-19T18:53:06Z</time>
      </trkpt>
      <trkpt lat="46.234820000000006" lon="11.979840000000001">
        <time>2026-08-19T18:53:07Z</time>
      </trkpt>
      <trkpt lat="46.23481" lon="11.979800000000001">
        <time>2026-08-19T18:53:09Z</time>
      </trkpt>
      <trkpt lat="46.23481" lon="11.979780000000002">
        <time>2026-08-19T18:53:10Z</time>
      </trkpt>
      <trkpt lat="46.23481" lon="11.979780000000002">
        <time>2026-08-19T18:53:10Z</time>
      </trkpt>
      <trkpt lat="46.23481" lon="11.97977">
        <time>2026-08-19T18:53:11Z</time>
      </trkpt>
      <trkpt lat="46.23481" lon="11.97976">
        <time>2026-08-19T18:53:11Z</time>
      </trkpt>
      <trkpt lat="46.23481" lon="11.979740000000001">
        <time>2026-08-19T18:53:12Z</time>
      </trkpt>
      <trkpt lat="46.23481" lon="11.979730000000002">
        <time>2026-08-19T18:53:13Z</time>
      </trkpt>
      <trkpt lat="46.23481" lon="11.979690000000002">
        <time>2026-08-19T18:53:15Z</time>
      </trkpt>
      <trkpt lat="46.23481" lon="11.979690000000002">
        <time>2026-08-19T18:53:15Z</time>
      </trkpt>
      <trkpt lat="46.23481" lon="11.97967">
        <time>2026-08-19T18:53:16Z</time>
      </trkpt>
      <trkpt lat="46.234820000000006" lon="11.979640000000002">
        <time>2026-08-19T18:53:17Z</time>
      </trkpt>
      <trkpt lat="46.234820000000006" lon="11.97962">
        <time>2026-08-19T18:53:18Z</time>
      </trkpt>
      <trkpt lat="46.234820000000006" lon="11.97958">
        <time>2026-08-19T18:53:20Z</time>
      </trkpt>
      <trkpt lat="46.23483" lon="11.979560000000001">
        <time>2026-08-19T18:53:21Z</time>
      </trkpt>
      <trkpt lat="46.23483" lon="11.979560000000001">
        <time>2026-08-19T18:53:21Z</time>
      </trkpt>
      <trkpt lat="46.23483" lon="11.97953">
        <time>2026-08-19T18:53:23Z</time>
      </trkpt>
      <trkpt lat="46.23483" lon="11.979510000000001">
        <time>2026-08-19T18:53:24Z</time>
      </trkpt>
      <trkpt lat="46.23483" lon="11.97948">
        <time>2026-08-19T18:53:25Z</time>
      </trkpt>
      <trkpt lat="46.234840000000005" lon="11.979460000000001">
        <time>2026-08-19T18:53:27Z</time>
      </trkpt>
      <trkpt lat="46.234840000000005" lon="11.97944">
        <time>2026-08-19T18:53:28Z</time>
      </trkpt>
      <trkpt lat="46.234840000000005" lon="11.979410000000001">
        <time>2026-08-19T18:53:29Z</time>
      </trkpt>
      <trkpt lat="46.234840000000005" lon="11.979370000000001">
        <time>2026-08-19T18:53:31Z</time>
      </trkpt>
      <trkpt lat="46.234840000000005" lon="11.979370000000001">
        <time>2026-08-19T18:53:31Z</time>
      </trkpt>
      <trkpt lat="46.234840000000005" lon="11.97934">
        <time>2026-08-19T18:53:32Z</time>
      </trkpt>
      <trkpt lat="46.234840000000005" lon="11.9793">
        <time>2026-08-19T18:53:34Z</time>
      </trkpt>
      <trkpt lat="46.23483" lon="11.979270000000001">
        <time>2026-08-19T18:53:36Z</time>
      </trkpt>
      <trkpt lat="46.23483" lon="11.979270000000001">
        <time>2026-08-19T18:53:36Z</time>
      </trkpt>
      <trkpt lat="46.23483" lon="11.97925">
        <time>2026-08-19T18:53:37Z</time>
      </trkpt>
      <trkpt lat="46.234820000000006" lon="11.97921">
        <time>2026-08-19T18:53:39Z</time>
      </trkpt>
      <trkpt lat="46.234820000000006" lon="11.97921">
        <time>2026-08-19T18:53:39Z</time>
      </trkpt>
      <trkpt lat="46.23481" lon="11.979170000000002">
        <time>2026-08-19T18:53:41Z</time>
      </trkpt>
      <trkpt lat="46.23481" lon="11.979170000000002">
        <time>2026-08-19T18:53:41Z</time>
      </trkpt>
      <trkpt lat="46.234790000000004" lon="11.979130000000001">
        <time>2026-08-19T18:53:44Z</time>
      </trkpt>
      <trkpt lat="46.234790000000004" lon="11.979130000000001">
        <time>2026-08-19T18:53:44Z</time>
      </trkpt>
      <trkpt lat="46.23478" lon="11.97911">
        <time>2026-08-19T18:53:45Z</time>
      </trkpt>
      <trkpt lat="46.23478" lon="11.979090000000001">
        <time>2026-08-19T18:53:46Z</time>
      </trkpt>
      <trkpt lat="46.234770000000005" lon="11.97907">
        <time>2026-08-19T18:53:47Z</time>
      </trkpt>
      <trkpt lat="46.234770000000005" lon="11.97905">
        <time>2026-08-19T18:53:48Z</time>
      </trkpt>
      <trkpt lat="46.23476" lon="11.97902">
        <time>2026-08-19T18:53:50Z</time>
      </trkpt>
      <trkpt lat="46.234750000000005" lon="11.979000000000001">
        <time>2026-08-19T18:53:51Z</time>
      </trkpt>
      <trkpt lat="46.23474" lon="11.978980000000002">
        <time>2026-08-19T18:53:52Z</time>
      </trkpt>
      <trkpt lat="46.234730000000006" lon="11.97896">
        <time>2026-08-19T18:53:53Z</time>
      </trkpt>
      <trkpt lat="46.234730000000006" lon="11.978940000000001">
        <time>2026-08-19T18:53:54Z</time>
      </trkpt>
      <trkpt lat="46.23471000000001" lon="11.978890000000002">
        <time>2026-08-19T18:53:57Z</time>
      </trkpt>
      <trkpt lat="46.23471000000001" lon="11.978890000000002">
        <time>2026-08-19T18:53:57Z</time>
      </trkpt>
      <trkpt lat="46.234700000000004" lon="11.97887">
        <time>2026-08-19T18:53:58Z</time>
      </trkpt>
      <trkpt lat="46.234700000000004" lon="11.978850000000001">
        <time>2026-08-19T18:53:59Z</time>
      </trkpt>
      <trkpt lat="46.234680000000004" lon="11.978800000000001">
        <time>2026-08-19T18:54:02Z</time>
      </trkpt>
      <trkpt lat="46.234680000000004" lon="11.978800000000001">
        <time>2026-08-19T18:54:02Z</time>
      </trkpt>
      <trkpt lat="46.23467" lon="11.978760000000001">
        <time>2026-08-19T18:54:04Z</time>
      </trkpt>
      <trkpt lat="46.23467" lon="11.978760000000001">
        <time>2026-08-19T18:54:04Z</time>
      </trkpt>
      <trkpt lat="46.234660000000005" lon="11.97874">
        <time>2026-08-19T18:54:05Z</time>
      </trkpt>
      <trkpt lat="46.234660000000005" lon="11.978720000000001">
        <time>2026-08-19T18:54:06Z</time>
      </trkpt>
      <trkpt lat="46.23465" lon="11.978700000000002">
        <time>2026-08-19T18:54:07Z</time>
      </trkpt>
      <trkpt lat="46.234640000000006" lon="11.978660000000001">
        <time>2026-08-19T18:54:10Z</time>
      </trkpt>
      <trkpt lat="46.23463" lon="11.97864">
        <time>2026-08-19T18:54:11Z</time>
      </trkpt>
      <trkpt lat="46.23463" lon="11.97864">
        <time>2026-08-19T18:54:11Z</time>
      </trkpt>
      <trkpt lat="46.23462000000001" lon="11.978620000000001">
        <time>2026-08-19T18:54:12Z</time>
      </trkpt>
      <trkpt lat="46.2346" lon="11.978580000000001">
        <time>2026-08-19T18:54:14Z</time>
      </trkpt>
      <trkpt lat="46.2346" lon="11.978580000000001">
        <time>2026-08-19T18:54:14Z</time>
      </trkpt>
      <trkpt lat="46.23458" lon="11.97855">
        <time>2026-08-19T18:54:16Z</time>
      </trkpt>
      <trkpt lat="46.234570000000005" lon="11.978530000000001">
        <time>2026-08-19T18:54:18Z</time>
      </trkpt>
      <trkpt lat="46.234570000000005" lon="11.978530000000001">
        <time>2026-08-19T18:54:18Z</time>
      </trkpt>
      <trkpt lat="46.23456" lon="11.978520000000001">
        <time>2026-08-19T18:54:18Z</time>
      </trkpt>
      <trkpt lat="46.234550000000006" lon="11.9785">
        <time>2026-08-19T18:54:20Z</time>
      </trkpt>
      <trkpt lat="46.23454" lon="11.97849">
        <time>2026-08-19T18:54:21Z</time>
      </trkpt>
      <trkpt lat="46.23452" lon="11.978480000000001">
        <time>2026-08-19T18:54:22Z</time>
      </trkpt>
      <trkpt lat="46.23451000000001" lon="11.97846">
        <time>2026-08-19T18:54:23Z</time>
      </trkpt>
      <trkpt lat="46.234500000000004" lon="11.97845">
        <time>2026-08-19T18:54:24Z</time>
      </trkpt>
      <trkpt lat="46.23449" lon="11.97844">
        <time>2026-08-19T18:54:25Z</time>
      </trkpt>
      <trkpt lat="46.23447" lon="11.978420000000002">
        <time>2026-08-19T18:54:27Z</time>
      </trkpt>
      <trkpt lat="46.23447" lon="11.9784">
        <time>2026-08-19T18:54:28Z</time>
      </trkpt>
      <trkpt lat="46.234460000000006" lon="11.978390000000001">
        <time>2026-08-19T18:54:28Z</time>
      </trkpt>
      <trkpt lat="46.234440000000006" lon="11.97835">
        <time>2026-08-19T18:54:31Z</time>
      </trkpt>
      <trkpt lat="46.23442000000001" lon="11.978330000000001">
        <time>2026-08-19T18:54:33Z</time>
      </trkpt>
      <trkpt lat="46.23442000000001" lon="11.978330000000001">
        <time>2026-08-19T18:54:33Z</time>
      </trkpt>
      <trkpt lat="46.234410000000004" lon="11.978290000000001">
        <time>2026-08-19T18:54:35Z</time>
      </trkpt>
      <trkpt lat="46.234410000000004" lon="11.978290000000001">
        <time>2026-08-19T18:54:35Z</time>
      </trkpt>
      <trkpt lat="46.234410000000004" lon="11.97827">
        <time>2026-08-19T18:54:36Z</time>
      </trkpt>
      <trkpt lat="46.2344" lon="11.978240000000001">
        <time>2026-08-19T18:54:37Z</time>
      </trkpt>
      <trkpt lat="46.2344" lon="11.978190000000001">
        <time>2026-08-19T18:54:40Z</time>
      </trkpt>
      <trkpt lat="46.2344" lon="11.978190000000001">
        <time>2026-08-19T18:54:40Z</time>
      </trkpt>
      <trkpt lat="46.2344" lon="11.97817">
        <time>2026-08-19T18:54:41Z</time>
      </trkpt>
      <trkpt lat="46.234410000000004" lon="11.978140000000002">
        <time>2026-08-19T18:54:42Z</time>
      </trkpt>
      <trkpt lat="46.234410000000004" lon="11.97812">
        <time>2026-08-19T18:54:43Z</time>
      </trkpt>
      <trkpt lat="46.23443" lon="11.97807">
        <time>2026-08-19T18:54:46Z</time>
      </trkpt>
      <trkpt lat="46.23443" lon="11.97807">
        <time>2026-08-19T18:54:46Z</time>
      </trkpt>
      <trkpt lat="46.234440000000006" lon="11.978040000000002">
        <time>2026-08-19T18:54:48Z</time>
      </trkpt>
      <trkpt lat="46.234440000000006" lon="11.97802">
        <time>2026-08-19T18:54:49Z</time>
      </trkpt>
      <trkpt lat="46.23445" lon="11.978000000000002">
        <time>2026-08-19T18:54:50Z</time>
      </trkpt>
      <trkpt lat="46.234460000000006" lon="11.97798">
        <time>2026-08-19T18:54:51Z</time>
      </trkpt>
      <trkpt lat="46.234460000000006" lon="11.977960000000001">
        <time>2026-08-19T18:54:52Z</time>
      </trkpt>
      <trkpt lat="46.23447" lon="11.97794">
        <time>2026-08-19T18:54:53Z</time>
      </trkpt>
      <trkpt lat="46.23449" lon="11.977920000000001">
        <time>2026-08-19T18:54:55Z</time>
      </trkpt>
      <trkpt lat="46.23449" lon="11.977900000000002">
        <time>2026-08-19T18:54:56Z</time>
      </trkpt>
      <trkpt lat="46.234500000000004" lon="11.97788">
        <time>2026-08-19T18:54:57Z</time>
      </trkpt>
      <trkpt lat="46.23452" lon="11.97785">
        <time>2026-08-19T18:54:59Z</time>
      </trkpt>
      <trkpt lat="46.23452" lon="11.97785">
        <time>2026-08-19T18:54:59Z</time>
      </trkpt>
      <trkpt lat="46.234550000000006" lon="11.977820000000001">
        <time>2026-08-19T18:55:02Z</time>
      </trkpt>
      <trkpt lat="46.23456" lon="11.9778">
        <time>2026-08-19T18:55:03Z</time>
      </trkpt>
      <trkpt lat="46.234570000000005" lon="11.977780000000001">
        <time>2026-08-19T18:55:04Z</time>
      </trkpt>
      <trkpt lat="46.23458" lon="11.977760000000002">
        <time>2026-08-19T18:55:06Z</time>
      </trkpt>
      <trkpt lat="46.23458" lon="11.977760000000002">
        <time>2026-08-19T18:55:06Z</time>
      </trkpt>
      <trkpt lat="46.234590000000004" lon="11.977720000000001">
        <time>2026-08-19T18:55:08Z</time>
      </trkpt>
      <trkpt lat="46.234590000000004" lon="11.977720000000001">
        <time>2026-08-19T18:55:08Z</time>
      </trkpt>
      <trkpt lat="46.2346" lon="11.9777">
        <time>2026-08-19T18:55:09Z</time>
      </trkpt>
      <trkpt lat="46.23461" lon="11.977680000000001">
        <time>2026-08-19T18:55:10Z</time>
      </trkpt>
      <trkpt lat="46.23462000000001" lon="11.977640000000001">
        <time>2026-08-19T18:55:12Z</time>
      </trkpt>
      <trkpt lat="46.23463" lon="11.977620000000002">
        <time>2026-08-19T18:55:13Z</time>
      </trkpt>
      <trkpt lat="46.23463" lon="11.977620000000002">
        <time>2026-08-19T18:55:13Z</time>
      </trkpt>
      <trkpt lat="46.234640000000006" lon="11.97761">
        <time>2026-08-19T18:55:14Z</time>
      </trkpt>
      <trkpt lat="46.23465" lon="11.977590000000001">
        <time>2026-08-19T18:55:15Z</time>
      </trkpt>
      <trkpt lat="46.234660000000005" lon="11.977570000000002">
        <time>2026-08-19T18:55:17Z</time>
      </trkpt>
      <trkpt lat="46.234660000000005" lon="11.97755">
        <time>2026-08-19T18:55:18Z</time>
      </trkpt>
      <trkpt lat="46.23467" lon="11.977530000000002">
        <time>2026-08-19T18:55:19Z</time>
      </trkpt>
      <trkpt lat="46.234680000000004" lon="11.977500000000001">
        <time>2026-08-19T18:55:20Z</time>
      </trkpt>
      <trkpt lat="46.23469" lon="11.977480000000002">
        <time>2026-08-19T18:55:22Z</time>
      </trkpt>
      <trkpt lat="46.234700000000004" lon="11.977450000000001">
        <time>2026-08-19T18:55:23Z</time>
      </trkpt>
      <trkpt lat="46.234700000000004" lon="11.977430000000002">
        <time>2026-08-19T18:55:24Z</time>
      </trkpt>
      <trkpt lat="46.23471000000001" lon="11.97742">
        <time>2026-08-19T18:55:25Z</time>
      </trkpt>
      <trkpt lat="46.23472" lon="11.977400000000001">
        <time>2026-08-19T18:55:26Z</time>
      </trkpt>
      <trkpt lat="46.234730000000006" lon="11.97738">
        <time>2026-08-19T18:55:27Z</time>
      </trkpt>
      <trkpt lat="46.23474" lon="11.977360000000001">
        <time>2026-08-19T18:55:29Z</time>
      </trkpt>
      <trkpt lat="46.234750000000005" lon="11.977340000000002">
        <time>2026-08-19T18:55:30Z</time>
      </trkpt>
      <trkpt lat="46.23476" lon="11.97733">
        <time>2026-08-19T18:55:31Z</time>
      </trkpt>
      <trkpt lat="46.23478" lon="11.977310000000001">
        <time>2026-08-19T18:55:32Z</time>
      </trkpt>
      <trkpt lat="46.234790000000004" lon="11.977300000000001">
        <time>2026-08-19T18:55:33Z</time>
      </trkpt>
      <trkpt lat="46.23480000000001" lon="11.97728">
        <time>2026-08-19T18:55:35Z</time>
      </trkpt>
      <trkpt lat="46.23481" lon="11.97727">
        <time>2026-08-19T18:55:35Z</time>
      </trkpt>
      <trkpt lat="46.234820000000006" lon="11.977260000000001">
        <time>2026-08-19T18:55:36Z</time>
      </trkpt>
      <trkpt lat="46.234840000000005" lon="11.977250000000002">
        <time>2026-08-19T18:55:38Z</time>
      </trkpt>
      <trkpt lat="46.234860000000005" lon="11.97724">
        <time>2026-08-19T18:55:39Z</time>
      </trkpt>
      <trkpt lat="46.23489000000001" lon="11.97723">
        <time>2026-08-19T18:55:41Z</time>
      </trkpt>
      <trkpt lat="46.2349" lon="11.97722">
        <time>2026-08-19T18:55:42Z</time>
      </trkpt>
      <trkpt lat="46.2349" lon="11.97722">
        <time>2026-08-19T18:55:42Z</time>
      </trkpt>
      <trkpt lat="46.234910000000006" lon="11.97722">
        <time>2026-08-19T18:55:43Z</time>
      </trkpt>
      <trkpt lat="46.23492" lon="11.97722">
        <time>2026-08-19T18:55:44Z</time>
      </trkpt>
      <trkpt lat="46.23494" lon="11.977210000000001">
        <time>2026-08-19T18:55:45Z</time>
      </trkpt>
      <trkpt lat="46.234950000000005" lon="11.977210000000001">
        <time>2026-08-19T18:55:46Z</time>
      </trkpt>
      <trkpt lat="46.234970000000004" lon="11.977210000000001">
        <time>2026-08-19T18:55:47Z</time>
      </trkpt>
      <trkpt lat="46.23498000000001" lon="11.977210000000001">
        <time>2026-08-19T18:55:48Z</time>
      </trkpt>
      <trkpt lat="46.23499" lon="11.977200000000002">
        <time>2026-08-19T18:55:49Z</time>
      </trkpt>
      <trkpt lat="46.23501" lon="11.97719">
        <time>2026-08-19T18:55:50Z</time>
      </trkpt>
      <trkpt lat="46.235020000000006" lon="11.97718">
        <time>2026-08-19T18:55:51Z</time>
      </trkpt>
      <trkpt lat="46.23505" lon="11.977150000000002">
        <time>2026-08-19T18:55:54Z</time>
      </trkpt>
      <trkpt lat="46.23505" lon="11.977150000000002">
        <time>2026-08-19T18:55:54Z</time>
      </trkpt>
      <trkpt lat="46.23507" lon="11.97714">
        <time>2026-08-19T18:55:55Z</time>
      </trkpt>
      <trkpt lat="46.23508" lon="11.977120000000001">
        <time>2026-08-19T18:55:57Z</time>
      </trkpt>
      <trkpt lat="46.2351" lon="11.977110000000001">
        <time>2026-08-19T18:55:58Z</time>
      </trkpt>
      <trkpt lat="46.235110000000006" lon="11.977100000000002">
        <time>2026-08-19T18:55:59Z</time>
      </trkpt>
      <trkpt lat="46.23512" lon="11.97708">
        <time>2026-08-19T18:56:00Z</time>
      </trkpt>
      <trkpt lat="46.235130000000005" lon="11.977060000000002">
        <time>2026-08-19T18:56:01Z</time>
      </trkpt>
      <trkpt lat="46.23514" lon="11.97704">
        <time>2026-08-19T18:56:02Z</time>
      </trkpt>
      <trkpt lat="46.235150000000004" lon="11.977030000000001">
        <time>2026-08-19T18:56:03Z</time>
      </trkpt>
      <trkpt lat="46.23516" lon="11.977020000000001">
        <time>2026-08-19T18:56:04Z</time>
      </trkpt>
      <trkpt lat="46.23518000000001" lon="11.977">
        <time>2026-08-19T18:56:06Z</time>
      </trkpt>
      <trkpt lat="46.235200000000006" lon="11.976980000000001">
        <time>2026-08-19T18:56:08Z</time>
      </trkpt>
      <trkpt lat="46.235200000000006" lon="11.976980000000001">
        <time>2026-08-19T18:56:08Z</time>
      </trkpt>
      <trkpt lat="46.23521" lon="11.976970000000001">
        <time>2026-08-19T18:56:09Z</time>
      </trkpt>
      <trkpt lat="46.235220000000005" lon="11.97695">
        <time>2026-08-19T18:56:10Z</time>
      </trkpt>
      <trkpt lat="46.235240000000005" lon="11.976920000000002">
        <time>2026-08-19T18:56:12Z</time>
      </trkpt>
      <trkpt lat="46.235240000000005" lon="11.976920000000002">
        <time>2026-08-19T18:56:12Z</time>
      </trkpt>
      <trkpt lat="46.23525" lon="11.9769">
        <time>2026-08-19T18:56:13Z</time>
      </trkpt>
      <trkpt lat="46.235260000000004" lon="11.976890000000001">
        <time>2026-08-19T18:56:14Z</time>
      </trkpt>
      <trkpt lat="46.23528" lon="11.976880000000001">
        <time>2026-08-19T18:56:15Z</time>
      </trkpt>
      <trkpt lat="46.235290000000006" lon="11.97686">
        <time>2026-08-19T18:56:17Z</time>
      </trkpt>
      <trkpt lat="46.2353" lon="11.97685">
        <time>2026-08-19T18:56:17Z</time>
      </trkpt>
      <trkpt lat="46.23532" lon="11.976840000000001">
        <time>2026-08-19T18:56:19Z</time>
      </trkpt>
      <trkpt lat="46.23534" lon="11.976830000000001">
        <time>2026-08-19T18:56:20Z</time>
      </trkpt>
      <trkpt lat="46.235350000000004" lon="11.976820000000002">
        <time>2026-08-19T18:56:21Z</time>
      </trkpt>
      <trkpt lat="46.23537" lon="11.976820000000002">
        <time>2026-08-19T18:56:23Z</time>
      </trkpt>
      <trkpt lat="46.23539" lon="11.97681">
        <time>2026-08-19T18:56:24Z</time>
      </trkpt>
      <trkpt lat="46.235400000000006" lon="11.97681">
        <time>2026-08-19T18:56:25Z</time>
      </trkpt>
      <trkpt lat="46.235420000000005" lon="11.9768">
        <time>2026-08-19T18:56:26Z</time>
      </trkpt>
      <trkpt lat="46.235440000000004" lon="11.9768">
        <time>2026-08-19T18:56:28Z</time>
      </trkpt>
      <trkpt lat="46.23546" lon="11.976790000000001">
        <time>2026-08-19T18:56:29Z</time>
      </trkpt>
      <trkpt lat="46.23547000000001" lon="11.97677">
        <time>2026-08-19T18:56:30Z</time>
      </trkpt>
      <trkpt lat="46.235490000000006" lon="11.97676">
        <time>2026-08-19T18:56:32Z</time>
      </trkpt>
      <trkpt lat="46.2355" lon="11.976750000000001">
        <time>2026-08-19T18:56:33Z</time>
      </trkpt>
      <trkpt lat="46.235510000000005" lon="11.976740000000001">
        <time>2026-08-19T18:56:34Z</time>
      </trkpt>
      <trkpt lat="46.23552" lon="11.976730000000002">
        <time>2026-08-19T18:56:35Z</time>
      </trkpt>
      <trkpt lat="46.23554" lon="11.97671">
        <time>2026-08-19T18:56:36Z</time>
      </trkpt>
      <trkpt lat="46.23554" lon="11.976700000000001">
        <time>2026-08-19T18:56:37Z</time>
      </trkpt>
      <trkpt lat="46.23555" lon="11.976690000000001">
        <time>2026-08-19T18:56:38Z</time>
      </trkpt>
      <trkpt lat="46.23556000000001" lon="11.976680000000002">
        <time>2026-08-19T18:56:38Z</time>
      </trkpt>
      <trkpt lat="46.23557" lon="11.97667">
        <time>2026-08-19T18:56:39Z</time>
      </trkpt>
      <trkpt lat="46.235580000000006" lon="11.97666">
        <time>2026-08-19T18:56:40Z</time>
      </trkpt>
      <trkpt lat="46.23561" lon="11.976640000000002">
        <time>2026-08-19T18:56:43Z</time>
      </trkpt>
      <trkpt lat="46.23561" lon="11.976640000000002">
        <time>2026-08-19T18:56:43Z</time>
      </trkpt>
      <trkpt lat="46.23563" lon="11.976640000000002">
        <time>2026-08-19T18:56:44Z</time>
      </trkpt>
      <trkpt lat="46.23566" lon="11.97663">
        <time>2026-08-19T18:56:46Z</time>
      </trkpt>
      <trkpt lat="46.23566" lon="11.97663">
        <time>2026-08-19T18:56:46Z</time>
      </trkpt>
      <trkpt lat="46.23568" lon="11.97662">
        <time>2026-08-19T18:56:48Z</time>
      </trkpt>
      <trkpt lat="46.235690000000005" lon="11.97661">
        <time>2026-08-19T18:56:48Z</time>
      </trkpt>
      <trkpt lat="46.2357" lon="11.976600000000001">
        <time>2026-08-19T18:56:49Z</time>
      </trkpt>
      <trkpt lat="46.23572" lon="11.976590000000002">
        <time>2026-08-19T18:56:51Z</time>
      </trkpt>
      <trkpt lat="46.235730000000004" lon="11.97658">
        <time>2026-08-19T18:56:52Z</time>
      </trkpt>
      <trkpt lat="46.23575" lon="11.97657">
        <time>2026-08-19T18:56:53Z</time>
      </trkpt>
      <trkpt lat="46.235760000000006" lon="11.976550000000001">
        <time>2026-08-19T18:56:54Z</time>
      </trkpt>
      <trkpt lat="46.235780000000005" lon="11.976540000000002">
        <time>2026-08-19T18:56:56Z</time>
      </trkpt>
      <trkpt lat="46.23579" lon="11.97653">
        <time>2026-08-19T18:56:57Z</time>
      </trkpt>
      <trkpt lat="46.235800000000005" lon="11.97652">
        <time>2026-08-19T18:56:58Z</time>
      </trkpt>
      <trkpt lat="46.235820000000004" lon="11.976500000000001">
        <time>2026-08-19T18:56:59Z</time>
      </trkpt>
      <trkpt lat="46.23583000000001" lon="11.976490000000002">
        <time>2026-08-19T18:57:00Z</time>
      </trkpt>
      <trkpt lat="46.23586" lon="11.976450000000002">
        <time>2026-08-19T18:57:03Z</time>
      </trkpt>
      <trkpt lat="46.23586" lon="11.976450000000002">
        <time>2026-08-19T18:57:03Z</time>
      </trkpt>
      <trkpt lat="46.235870000000006" lon="11.97644">
        <time>2026-08-19T18:57:04Z</time>
      </trkpt>
      <trkpt lat="46.23588" lon="11.97643">
        <time>2026-08-19T18:57:05Z</time>
      </trkpt>
      <trkpt lat="46.2359" lon="11.976410000000001">
        <time>2026-08-19T18:57:07Z</time>
      </trkpt>
      <trkpt lat="46.235910000000004" lon="11.976400000000002">
        <time>2026-08-19T18:57:07Z</time>
      </trkpt>
      <trkpt lat="46.23592000000001" lon="11.97639">
        <time>2026-08-19T18:57:08Z</time>
      </trkpt>
      <trkpt lat="46.23594000000001" lon="11.97638">
        <time>2026-08-19T18:57:10Z</time>
      </trkpt>
      <trkpt lat="46.23595" lon="11.976360000000001">
        <time>2026-08-19T18:57:11Z</time>
      </trkpt>
      <trkpt lat="46.23597" lon="11.976360000000001">
        <time>2026-08-19T18:57:12Z</time>
      </trkpt>
      <trkpt lat="46.235980000000005" lon="11.97634">
        <time>2026-08-19T18:57:14Z</time>
      </trkpt>
      <trkpt lat="46.236000000000004" lon="11.97633">
        <time>2026-08-19T18:57:15Z</time>
      </trkpt>
      <trkpt lat="46.23601" lon="11.976320000000001">
        <time>2026-08-19T18:57:16Z</time>
      </trkpt>
      <trkpt lat="46.23603000000001" lon="11.976310000000002">
        <time>2026-08-19T18:57:17Z</time>
      </trkpt>
      <trkpt lat="46.23604" lon="11.9763">
        <time>2026-08-19T18:57:18Z</time>
      </trkpt>
      <trkpt lat="46.236050000000006" lon="11.976280000000001">
        <time>2026-08-19T18:57:19Z</time>
      </trkpt>
      <trkpt lat="46.236070000000005" lon="11.976270000000001">
        <time>2026-08-19T18:57:21Z</time>
      </trkpt>
      <trkpt lat="46.23608" lon="11.976260000000002">
        <time>2026-08-19T18:57:22Z</time>
      </trkpt>
      <trkpt lat="46.2361" lon="11.97625">
        <time>2026-08-19T18:57:23Z</time>
      </trkpt>
      <trkpt lat="46.23612000000001" lon="11.97624">
        <time>2026-08-19T18:57:25Z</time>
      </trkpt>
      <trkpt lat="46.23613" lon="11.976230000000001">
        <time>2026-08-19T18:57:26Z</time>
      </trkpt>
      <trkpt lat="46.236140000000006" lon="11.976220000000001">
        <time>2026-08-19T18:57:27Z</time>
      </trkpt>
      <trkpt lat="46.236160000000005" lon="11.9762">
        <time>2026-08-19T18:57:28Z</time>
      </trkpt>
      <trkpt lat="46.23617" lon="11.97619">
        <time>2026-08-19T18:57:29Z</time>
      </trkpt>
      <trkpt lat="46.236180000000004" lon="11.976180000000001">
        <time>2026-08-19T18:57:30Z</time>
      </trkpt>
      <trkpt lat="46.236200000000004" lon="11.976170000000002">
        <time>2026-08-19T18:57:31Z</time>
      </trkpt>
      <trkpt lat="46.23621000000001" lon="11.97615">
        <time>2026-08-19T18:57:33Z</time>
      </trkpt>
      <trkpt lat="46.23622" lon="11.976140000000001">
        <time>2026-08-19T18:57:34Z</time>
      </trkpt>
      <trkpt lat="46.23624" lon="11.976130000000001">
        <time>2026-08-19T18:57:35Z</time>
      </trkpt>
      <trkpt lat="46.236250000000005" lon="11.976120000000002">
        <time>2026-08-19T18:57:36Z</time>
      </trkpt>
      <trkpt lat="46.236270000000005" lon="11.9761">
        <time>2026-08-19T18:57:38Z</time>
      </trkpt>
      <trkpt lat="46.23628" lon="11.976090000000001">
        <time>2026-08-19T18:57:38Z</time>
      </trkpt>
      <trkpt lat="46.23630000000001" lon="11.976070000000002">
        <time>2026-08-19T18:57:40Z</time>
      </trkpt>
      <trkpt lat="46.23631" lon="11.97606">
        <time>2026-08-19T18:57:41Z</time>
      </trkpt>
      <trkpt lat="46.236320000000006" lon="11.97605">
        <time>2026-08-19T18:57:42Z</time>
      </trkpt>
      <trkpt lat="46.236340000000006" lon="11.976040000000001">
        <time>2026-08-19T18:57:43Z</time>
      </trkpt>
      <trkpt lat="46.236360000000005" lon="11.97602">
        <time>2026-08-19T18:57:45Z</time>
      </trkpt>
      <trkpt lat="46.23637" lon="11.97601">
        <time>2026-08-19T18:57:46Z</time>
      </trkpt>
      <trkpt lat="46.236380000000004" lon="11.976">
        <time>2026-08-19T18:57:47Z</time>
      </trkpt>
      <trkpt lat="46.23639000000001" lon="11.975980000000002">
        <time>2026-08-19T18:57:48Z</time>
      </trkpt>
      <trkpt lat="46.2364" lon="11.97597">
        <time>2026-08-19T18:57:49Z</time>
      </trkpt>
      <trkpt lat="46.23642" lon="11.975950000000001">
        <time>2026-08-19T18:57:51Z</time>
      </trkpt>
      <trkpt lat="46.236430000000006" lon="11.975940000000001">
        <time>2026-08-19T18:57:51Z</time>
      </trkpt>
      <trkpt lat="46.23644" lon="11.97592">
        <time>2026-08-19T18:57:53Z</time>
      </trkpt>
      <trkpt lat="46.23644" lon="11.975900000000001">
        <time>2026-08-19T18:57:54Z</time>
      </trkpt>
      <trkpt lat="46.236450000000005" lon="11.975880000000002">
        <time>2026-08-19T18:57:55Z</time>
      </trkpt>
      <trkpt lat="46.236450000000005" lon="11.97586">
        <time>2026-08-19T18:57:56Z</time>
      </trkpt>
      <trkpt lat="46.236450000000005" lon="11.975840000000002">
        <time>2026-08-19T18:57:57Z</time>
      </trkpt>
      <trkpt lat="46.236450000000005" lon="11.97582">
        <time>2026-08-19T18:57:58Z</time>
      </trkpt>
      <trkpt lat="46.236450000000005" lon="11.975800000000001">
        <time>2026-08-19T18:57:59Z</time>
      </trkpt>
      <trkpt lat="46.236450000000005" lon="11.97577">
        <time>2026-08-19T18:58:00Z</time>
      </trkpt>
      <trkpt lat="46.236450000000005" lon="11.975750000000001">
        <time>2026-08-19T18:58:01Z</time>
      </trkpt>
      <trkpt lat="46.236450000000005" lon="11.97572">
        <time>2026-08-19T18:58:03Z</time>
      </trkpt>
      <trkpt lat="46.23644" lon="11.975700000000002">
        <time>2026-08-19T18:58:04Z</time>
      </trkpt>
      <trkpt lat="46.23644" lon="11.97568">
        <time>2026-08-19T18:58:05Z</time>
      </trkpt>
      <trkpt lat="46.23644" lon="11.975650000000002">
        <time>2026-08-19T18:58:06Z</time>
      </trkpt>
      <trkpt lat="46.23644" lon="11.97563">
        <time>2026-08-19T18:58:07Z</time>
      </trkpt>
      <trkpt lat="46.23644" lon="11.975600000000002">
        <time>2026-08-19T18:58:09Z</time>
      </trkpt>
      <trkpt lat="46.23644" lon="11.97558">
        <time>2026-08-19T18:58:10Z</time>
      </trkpt>
      <trkpt lat="46.23644" lon="11.97555">
        <time>2026-08-19T18:58:11Z</time>
      </trkpt>
      <trkpt lat="46.236430000000006" lon="11.97554">
        <time>2026-08-19T18:58:12Z</time>
      </trkpt>
      <trkpt lat="46.236430000000006" lon="11.975520000000001">
        <time>2026-08-19T18:58:13Z</time>
      </trkpt>
      <trkpt lat="46.23642" lon="11.975510000000002">
        <time>2026-08-19T18:58:14Z</time>
      </trkpt>
      <trkpt lat="46.23641000000001" lon="11.975510000000002">
        <time>2026-08-19T18:58:15Z</time>
      </trkpt>
      <trkpt lat="46.2364" lon="11.9755">
        <time>2026-08-19T18:58:16Z</time>
      </trkpt>
      <trkpt lat="46.236380000000004" lon="11.9755">
        <time>2026-08-19T18:58:17Z</time>
      </trkpt>
      <trkpt lat="46.23637" lon="11.9755">
        <time>2026-08-19T18:58:18Z</time>
      </trkpt>
      <trkpt lat="46.236360000000005" lon="11.97549">
        <time>2026-08-19T18:58:18Z</time>
      </trkpt>
      <trkpt lat="46.236360000000005" lon="11.975480000000001">
        <time>2026-08-19T18:58:19Z</time>
      </trkpt>
      <trkpt lat="46.23635" lon="11.975470000000001">
        <time>2026-08-19T18:58:20Z</time>
      </trkpt>
      <trkpt lat="46.236340000000006" lon="11.975460000000002">
        <time>2026-08-19T18:58:21Z</time>
      </trkpt>
      <trkpt lat="46.23633" lon="11.97545">
        <time>2026-08-19T18:58:22Z</time>
      </trkpt>
      <trkpt lat="46.236320000000006" lon="11.975430000000001">
        <time>2026-08-19T18:58:23Z</time>
      </trkpt>
      <trkpt lat="46.23631" lon="11.975420000000002">
        <time>2026-08-19T18:58:24Z</time>
      </trkpt>
      <trkpt lat="46.23630000000001" lon="11.97541">
        <time>2026-08-19T18:58:24Z</time>
      </trkpt>
      <trkpt lat="46.23630000000001" lon="11.9754">
        <time>2026-08-19T18:58:25Z</time>
      </trkpt>
      <trkpt lat="46.236290000000004" lon="11.975380000000001">
        <time>2026-08-19T18:58:26Z</time>
      </trkpt>
      <trkpt lat="46.23628" lon="11.975370000000002">
        <time>2026-08-19T18:58:27Z</time>
      </trkpt>
      <trkpt lat="46.23628" lon="11.97535">
        <time>2026-08-19T18:58:28Z</time>
      </trkpt>
      <trkpt lat="46.23628" lon="11.975340000000001">
        <time>2026-08-19T18:58:29Z</time>
      </trkpt>
      <trkpt lat="46.236270000000005" lon="11.975330000000001">
        <time>2026-08-19T18:58:29Z</time>
      </trkpt>
      <trkpt lat="46.236270000000005" lon="11.975320000000002">
        <time>2026-08-19T18:58:30Z</time>
      </trkpt>
      <trkpt lat="46.236270000000005" lon="11.97531">
        <time>2026-08-19T18:58:30Z</time>
      </trkpt>
      <trkpt lat="46.236270000000005" lon="11.97531">
        <time>2026-08-19T18:58:30Z</time>
      </trkpt>
      <trkpt lat="46.23626" lon="11.97531">
        <time>2026-08-19T18:58:31Z</time>
      </trkpt>
      <trkpt lat="46.236270000000005" lon="11.97531">
        <time>2026-08-19T18:58:32Z</time>
      </trkpt>
      <trkpt lat="46.236270000000005" lon="11.97531">
        <time>2026-08-19T18:58:32Z</time>
      </trkpt>
      <trkpt lat="46.236270000000005" lon="11.97531">
        <time>2026-08-19T18:58:32Z</time>
      </trkpt>
      <trkpt lat="46.236270000000005" lon="11.97531">
        <time>2026-08-19T18:58:32Z</time>
      </trkpt>
      <trkpt lat="46.236270000000005" lon="11.97531">
        <time>2026-08-19T18:58:32Z</time>
      </trkpt>
      <trkpt lat="46.236270000000005" lon="11.97531">
        <time>2026-08-19T18:58:32Z</time>
      </trkpt>
      <trkpt lat="46.236270000000005" lon="11.97531">
        <time>2026-08-19T18:58:32Z</time>
      </trkpt>
      <trkpt lat="46.236270000000005" lon="11.97531">
        <time>2026-08-19T18:58:32Z</time>
      </trkpt>
      <trkpt lat="46.236270000000005" lon="11.97531">
        <time>2026-08-19T18:58:32Z</time>
      </trkpt>
      <trkpt lat="46.236270000000005" lon="11.97531">
        <time>2026-08-19T18:58:32Z</time>
      </trkpt>
      <trkpt lat="46.236270000000005" lon="11.97531">
        <time>2026-08-19T18:58:32Z</time>
      </trkpt>
      <trkpt lat="46.236270000000005" lon="11.97531">
        <time>2026-08-19T18:58:32Z</time>
      </trkpt>
      <trkpt lat="46.236270000000005" lon="11.9753">
        <time>2026-08-19T18:58:32Z</time>
      </trkpt>
      <trkpt lat="46.236270000000005" lon="11.9753">
        <time>2026-08-19T18:58:32Z</time>
      </trkpt>
      <trkpt lat="46.236270000000005" lon="11.975290000000001">
        <time>2026-08-19T18:58:33Z</time>
      </trkpt>
      <trkpt lat="46.236270000000005" lon="11.975290000000001">
        <time>2026-08-19T18:58:33Z</time>
      </trkpt>
      <trkpt lat="46.236270000000005" lon="11.975290000000001">
        <time>2026-08-19T18:58:33Z</time>
      </trkpt>
      <trkpt lat="46.236270000000005" lon="11.975290000000001">
        <time>2026-08-19T18:58:33Z</time>
      </trkpt>
      <trkpt lat="46.236270000000005" lon="11.975290000000001">
        <time>2026-08-19T18:58:33Z</time>
      </trkpt>
      <trkpt lat="46.236270000000005" lon="11.975280000000001">
        <time>2026-08-19T18:58:33Z</time>
      </trkpt>
      <trkpt lat="46.236270000000005" lon="11.975280000000001">
        <time>2026-08-19T18:58:33Z</time>
      </trkpt>
      <trkpt lat="46.236270000000005" lon="11.975280000000001">
        <time>2026-08-19T18:58:33Z</time>
      </trkpt>
      <trkpt lat="46.236270000000005" lon="11.975280000000001">
        <time>2026-08-19T18:58:33Z</time>
      </trkpt>
      <trkpt lat="46.236270000000005" lon="11.975290000000001">
        <time>2026-08-19T18:58:34Z</time>
      </trkpt>
      <trkpt lat="46.236270000000005" lon="11.975290000000001">
        <time>2026-08-19T18:58:34Z</time>
      </trkpt>
      <trkpt lat="46.236270000000005" lon="11.9753">
        <time>2026-08-19T18:58:34Z</time>
      </trkpt>
      <trkpt lat="46.236270000000005" lon="11.975320000000002">
        <time>2026-08-19T18:58:35Z</time>
      </trkpt>
      <trkpt lat="46.236270000000005" lon="11.975330000000001">
        <time>2026-08-19T18:58:36Z</time>
      </trkpt>
      <trkpt lat="46.236270000000005" lon="11.975340000000001">
        <time>2026-08-19T18:58:36Z</time>
      </trkpt>
      <trkpt lat="46.236270000000005" lon="11.97535">
        <time>2026-08-19T18:58:37Z</time>
      </trkpt>
      <trkpt lat="46.23628" lon="11.97536">
        <time>2026-08-19T18:58:38Z</time>
      </trkpt>
      <trkpt lat="46.23628" lon="11.97536">
        <time>2026-08-19T18:58:38Z</time>
      </trkpt>
      <trkpt lat="46.23628" lon="11.975370000000002">
        <time>2026-08-19T18:58:38Z</time>
      </trkpt>
      <trkpt lat="46.23628" lon="11.975370000000002">
        <time>2026-08-19T18:58:38Z</time>
      </trkpt>
      <trkpt lat="46.23628" lon="11.975370000000002">
        <time>2026-08-19T18:58:38Z</time>
      </trkpt>
      <trkpt lat="46.23628" lon="11.975380000000001">
        <time>2026-08-19T18:58:38Z</time>
      </trkpt>
      <trkpt lat="46.23628" lon="11.975380000000001">
        <time>2026-08-19T18:58:38Z</time>
      </trkpt>
      <trkpt lat="46.236290000000004" lon="11.9754">
        <time>2026-08-19T18:58:40Z</time>
      </trkpt>
      <trkpt lat="46.236290000000004" lon="11.9754">
        <time>2026-08-19T18:58:40Z</time>
      </trkpt>
      <trkpt lat="46.236290000000004" lon="11.975420000000002">
        <time>2026-08-19T18:58:41Z</time>
      </trkpt>
      <trkpt lat="46.23630000000001" lon="11.975430000000001">
        <time>2026-08-19T18:58:42Z</time>
      </trkpt>
      <trkpt lat="46.23630000000001" lon="11.97544">
        <time>2026-08-19T18:58:42Z</time>
      </trkpt>
      <trkpt lat="46.23631" lon="11.97545">
        <time>2026-08-19T18:58:43Z</time>
      </trkpt>
      <trkpt lat="46.236320000000006" lon="11.975460000000002">
        <time>2026-08-19T18:58:44Z</time>
      </trkpt>
      <trkpt lat="46.23633" lon="11.975470000000001">
        <time>2026-08-19T18:58:45Z</time>
      </trkpt>
      <trkpt lat="46.236340000000006" lon="11.975480000000001">
        <time>2026-08-19T18:58:45Z</time>
      </trkpt>
      <trkpt lat="46.236340000000006" lon="11.97549">
        <time>2026-08-19T18:58:46Z</time>
      </trkpt>
      <trkpt lat="46.236360000000005" lon="11.9755">
        <time>2026-08-19T18:58:47Z</time>
      </trkpt>
      <trkpt lat="46.236360000000005" lon="11.9755">
        <time>2026-08-19T18:58:47Z</time>
      </trkpt>
      <trkpt lat="46.23637" lon="11.975510000000002">
        <time>2026-08-19T18:58:48Z</time>
      </trkpt>
      <trkpt lat="46.236380000000004" lon="11.975520000000001">
        <time>2026-08-19T18:58:49Z</time>
      </trkpt>
      <trkpt lat="46.23639000000001" lon="11.975520000000001">
        <time>2026-08-19T18:58:50Z</time>
      </trkpt>
      <trkpt lat="46.2364" lon="11.975530000000001">
        <time>2026-08-19T18:58:51Z</time>
      </trkpt>
      <trkpt lat="46.23641000000001" lon="11.97555">
        <time>2026-08-19T18:58:52Z</time>
      </trkpt>
      <trkpt lat="46.23642" lon="11.975560000000002">
        <time>2026-08-19T18:58:53Z</time>
      </trkpt>
      <trkpt lat="46.23642" lon="11.97558">
        <time>2026-08-19T18:58:54Z</time>
      </trkpt>
      <trkpt lat="46.236430000000006" lon="11.975600000000002">
        <time>2026-08-19T18:58:55Z</time>
      </trkpt>
      <trkpt lat="46.23644" lon="11.975620000000001">
        <time>2026-08-19T18:58:56Z</time>
      </trkpt>
      <trkpt lat="46.23644" lon="11.97564">
        <time>2026-08-19T18:58:57Z</time>
      </trkpt>
      <trkpt lat="46.23644" lon="11.975660000000001">
        <time>2026-08-19T18:58:58Z</time>
      </trkpt>
      <trkpt lat="46.23644" lon="11.97568">
        <time>2026-08-19T18:58:59Z</time>
      </trkpt>
      <trkpt lat="46.23644" lon="11.975700000000002">
        <time>2026-08-19T18:59:00Z</time>
      </trkpt>
      <trkpt lat="46.23644" lon="11.97572">
        <time>2026-08-19T18:59:01Z</time>
      </trkpt>
      <trkpt lat="46.236450000000005" lon="11.975740000000002">
        <time>2026-08-19T18:59:02Z</time>
      </trkpt>
      <trkpt lat="46.236450000000005" lon="11.975760000000001">
        <time>2026-08-19T18:59:03Z</time>
      </trkpt>
      <trkpt lat="46.236450000000005" lon="11.97578">
        <time>2026-08-19T18:59:04Z</time>
      </trkpt>
      <trkpt lat="46.236450000000005" lon="11.975800000000001">
        <time>2026-08-19T18:59:05Z</time>
      </trkpt>
      <trkpt lat="46.236450000000005" lon="11.97582">
        <time>2026-08-19T18:59:06Z</time>
      </trkpt>
      <trkpt lat="46.236450000000005" lon="11.975840000000002">
        <time>2026-08-19T18:59:07Z</time>
      </trkpt>
      <trkpt lat="46.236450000000005" lon="11.97587">
        <time>2026-08-19T18:59:09Z</time>
      </trkpt>
      <trkpt lat="46.236450000000005" lon="11.975890000000001">
        <time>2026-08-19T18:59:10Z</time>
      </trkpt>
      <trkpt lat="46.236450000000005" lon="11.97591">
        <time>2026-08-19T18:59:11Z</time>
      </trkpt>
      <trkpt lat="46.23644" lon="11.975930000000002">
        <time>2026-08-19T18:59:12Z</time>
      </trkpt>
      <trkpt lat="46.23644" lon="11.975940000000001">
        <time>2026-08-19T18:59:12Z</time>
      </trkpt>
      <trkpt lat="46.236430000000006" lon="11.97596">
        <time>2026-08-19T18:59:13Z</time>
      </trkpt>
      <trkpt lat="46.23642" lon="11.97597">
        <time>2026-08-19T18:59:14Z</time>
      </trkpt>
      <trkpt lat="46.23641000000001" lon="11.975980000000002">
        <time>2026-08-19T18:59:15Z</time>
      </trkpt>
      <trkpt lat="46.2364" lon="11.976">
        <time>2026-08-19T18:59:16Z</time>
      </trkpt>
      <trkpt lat="46.236380000000004" lon="11.97601">
        <time>2026-08-19T18:59:18Z</time>
      </trkpt>
      <trkpt lat="46.23637" lon="11.97602">
        <time>2026-08-19T18:59:19Z</time>
      </trkpt>
      <trkpt lat="46.236360000000005" lon="11.976040000000001">
        <time>2026-08-19T18:59:20Z</time>
      </trkpt>
      <trkpt lat="46.23635" lon="11.97605">
        <time>2026-08-19T18:59:21Z</time>
      </trkpt>
      <trkpt lat="46.236340000000006" lon="11.97606">
        <time>2026-08-19T18:59:22Z</time>
      </trkpt>
      <trkpt lat="46.236320000000006" lon="11.976070000000002">
        <time>2026-08-19T18:59:23Z</time>
      </trkpt>
      <trkpt lat="46.23631" lon="11.976080000000001">
        <time>2026-08-19T18:59:24Z</time>
      </trkpt>
      <trkpt lat="46.23630000000001" lon="11.9761">
        <time>2026-08-19T18:59:25Z</time>
      </trkpt>
      <trkpt lat="46.23628" lon="11.97611">
        <time>2026-08-19T18:59:27Z</time>
      </trkpt>
      <trkpt lat="46.236270000000005" lon="11.976120000000002">
        <time>2026-08-19T18:59:28Z</time>
      </trkpt>
      <trkpt lat="46.23626" lon="11.976130000000001">
        <time>2026-08-19T18:59:28Z</time>
      </trkpt>
      <trkpt lat="46.23624" lon="11.976140000000001">
        <time>2026-08-19T18:59:30Z</time>
      </trkpt>
      <trkpt lat="46.236230000000006" lon="11.97616">
        <time>2026-08-19T18:59:31Z</time>
      </trkpt>
      <trkpt lat="46.23622" lon="11.97616">
        <time>2026-08-19T18:59:32Z</time>
      </trkpt>
      <trkpt lat="46.23622" lon="11.976170000000002">
        <time>2026-08-19T18:59:32Z</time>
      </trkpt>
      <trkpt lat="46.23621000000001" lon="11.976170000000002">
        <time>2026-08-19T18:59:33Z</time>
      </trkpt>
      <trkpt lat="46.23621000000001" lon="11.976170000000002">
        <time>2026-08-19T18:59:33Z</time>
      </trkpt>
      <trkpt lat="46.23621000000001" lon="11.976170000000002">
        <time>2026-08-19T18:59:33Z</time>
      </trkpt>
      <trkpt lat="46.23621000000001" lon="11.97616">
        <time>2026-08-19T18:59:34Z</time>
      </trkpt>
      <trkpt lat="46.23621000000001" lon="11.97616">
        <time>2026-08-19T18:59:34Z</time>
      </trkpt>
      <trkpt lat="46.23621000000001" lon="11.97616">
        <time>2026-08-19T18:59:34Z</time>
      </trkpt>
      <trkpt lat="46.23621000000001" lon="11.97616">
        <time>2026-08-19T18:59:34Z</time>
      </trkpt>
      <trkpt lat="46.23621000000001" lon="11.976170000000002">
        <time>2026-08-19T18:59:34Z</time>
      </trkpt>
      <trkpt lat="46.23621000000001" lon="11.976170000000002">
        <time>2026-08-19T18:59:34Z</time>
      </trkpt>
      <trkpt lat="46.23621000000001" lon="11.976170000000002">
        <time>2026-08-19T18:59:34Z</time>
      </trkpt>
      <trkpt lat="46.23621000000001" lon="11.976170000000002">
        <time>2026-08-19T18:59:34Z</time>
      </trkpt>
      <trkpt lat="46.23621000000001" lon="11.976170000000002">
        <time>2026-08-19T18:59:34Z</time>
      </trkpt>
      <trkpt lat="46.23621000000001" lon="11.976170000000002">
        <time>2026-08-19T18:59:34Z</time>
      </trkpt>
      <trkpt lat="46.236200000000004" lon="11.976170000000002">
        <time>2026-08-19T18:59:35Z</time>
      </trkpt>
      <trkpt lat="46.236200000000004" lon="11.976180000000001">
        <time>2026-08-19T18:59:35Z</time>
      </trkpt>
      <trkpt lat="46.23619" lon="11.97619">
        <time>2026-08-19T18:59:36Z</time>
      </trkpt>
      <trkpt lat="46.236180000000004" lon="11.9762">
        <time>2026-08-19T18:59:37Z</time>
      </trkpt>
      <trkpt lat="46.23617" lon="11.976210000000002">
        <time>2026-08-19T18:59:38Z</time>
      </trkpt>
      <trkpt lat="46.236160000000005" lon="11.976230000000001">
        <time>2026-08-19T18:59:39Z</time>
      </trkpt>
      <trkpt lat="46.23615" lon="11.97624">
        <time>2026-08-19T18:59:40Z</time>
      </trkpt>
      <trkpt lat="46.23613" lon="11.97625">
        <time>2026-08-19T18:59:41Z</time>
      </trkpt>
      <trkpt lat="46.23612000000001" lon="11.976260000000002">
        <time>2026-08-19T18:59:42Z</time>
      </trkpt>
      <trkpt lat="46.236110000000004" lon="11.976270000000001">
        <time>2026-08-19T18:59:43Z</time>
      </trkpt>
      <trkpt lat="46.2361" lon="11.976280000000001">
        <time>2026-08-19T18:59:44Z</time>
      </trkpt>
      <trkpt lat="46.236090000000004" lon="11.97629">
        <time>2026-08-19T18:59:45Z</time>
      </trkpt>
      <trkpt lat="46.236070000000005" lon="11.9763">
        <time>2026-08-19T18:59:46Z</time>
      </trkpt>
      <trkpt lat="46.23606" lon="11.976310000000002">
        <time>2026-08-19T18:59:47Z</time>
      </trkpt>
      <trkpt lat="46.236050000000006" lon="11.976320000000001">
        <time>2026-08-19T18:59:48Z</time>
      </trkpt>
      <trkpt lat="46.23604" lon="11.97634">
        <time>2026-08-19T18:59:49Z</time>
      </trkpt>
      <trkpt lat="46.23603000000001" lon="11.976350000000002">
        <time>2026-08-19T18:59:50Z</time>
      </trkpt>
      <trkpt lat="46.23602" lon="11.976360000000001">
        <time>2026-08-19T18:59:51Z</time>
      </trkpt>
      <trkpt lat="46.236000000000004" lon="11.97638">
        <time>2026-08-19T18:59:53Z</time>
      </trkpt>
      <trkpt lat="46.23599" lon="11.97639">
        <time>2026-08-19T18:59:54Z</time>
      </trkpt>
      <trkpt lat="46.235980000000005" lon="11.976400000000002">
        <time>2026-08-19T18:59:54Z</time>
      </trkpt>
      <trkpt lat="46.235960000000006" lon="11.976410000000001">
        <time>2026-08-19T18:59:56Z</time>
      </trkpt>
      <trkpt lat="46.23595" lon="11.976420000000001">
        <time>2026-08-19T18:59:57Z</time>
      </trkpt>
      <trkpt lat="46.23594000000001" lon="11.97643">
        <time>2026-08-19T18:59:58Z</time>
      </trkpt>
      <trkpt lat="46.23593" lon="11.97644">
        <time>2026-08-19T18:59:58Z</time>
      </trkpt>
      <trkpt lat="46.23592000000001" lon="11.976460000000001">
        <time>2026-08-19T19:00:00Z</time>
      </trkpt>
      <trkpt lat="46.2359" lon="11.97647">
        <time>2026-08-19T19:00:01Z</time>
      </trkpt>
      <trkpt lat="46.235890000000005" lon="11.97648">
        <time>2026-08-19T19:00:02Z</time>
      </trkpt>
      <trkpt lat="46.23588" lon="11.976490000000002">
        <time>2026-08-19T19:00:03Z</time>
      </trkpt>
      <trkpt lat="46.235870000000006" lon="11.976500000000001">
        <time>2026-08-19T19:00:04Z</time>
      </trkpt>
      <trkpt lat="46.23586" lon="11.97652">
        <time>2026-08-19T19:00:05Z</time>
      </trkpt>
      <trkpt lat="46.235850000000006" lon="11.97653">
        <time>2026-08-19T19:00:06Z</time>
      </trkpt>
      <trkpt lat="46.23584" lon="11.976540000000002">
        <time>2026-08-19T19:00:07Z</time>
      </trkpt>
      <trkpt lat="46.235820000000004" lon="11.976560000000001">
        <time>2026-08-19T19:00:08Z</time>
      </trkpt>
      <trkpt lat="46.23581" lon="11.97657">
        <time>2026-08-19T19:00:09Z</time>
      </trkpt>
      <trkpt lat="46.235800000000005" lon="11.97658">
        <time>2026-08-19T19:00:10Z</time>
      </trkpt>
      <trkpt lat="46.23579" lon="11.976600000000001">
        <time>2026-08-19T19:00:11Z</time>
      </trkpt>
      <trkpt lat="46.235780000000005" lon="11.97661">
        <time>2026-08-19T19:00:12Z</time>
      </trkpt>
      <trkpt lat="46.23577" lon="11.97662">
        <time>2026-08-19T19:00:13Z</time>
      </trkpt>
      <trkpt lat="46.235760000000006" lon="11.976640000000002">
        <time>2026-08-19T19:00:14Z</time>
      </trkpt>
      <trkpt lat="46.23574000000001" lon="11.976650000000001">
        <time>2026-08-19T19:00:16Z</time>
      </trkpt>
      <trkpt lat="46.235730000000004" lon="11.97666">
        <time>2026-08-19T19:00:17Z</time>
      </trkpt>
      <trkpt lat="46.23572" lon="11.976680000000002">
        <time>2026-08-19T19:00:18Z</time>
      </trkpt>
      <trkpt lat="46.235710000000005" lon="11.976690000000001">
        <time>2026-08-19T19:00:19Z</time>
      </trkpt>
      <trkpt lat="46.2357" lon="11.976700000000001">
        <time>2026-08-19T19:00:20Z</time>
      </trkpt>
      <trkpt lat="46.23568" lon="11.97671">
        <time>2026-08-19T19:00:21Z</time>
      </trkpt>
      <trkpt lat="46.235670000000006" lon="11.97671">
        <time>2026-08-19T19:00:22Z</time>
      </trkpt>
      <trkpt lat="46.23565000000001" lon="11.97672">
        <time>2026-08-19T19:00:23Z</time>
      </trkpt>
      <trkpt lat="46.235640000000004" lon="11.976730000000002">
        <time>2026-08-19T19:00:24Z</time>
      </trkpt>
      <trkpt lat="46.23563" lon="11.976740000000001">
        <time>2026-08-19T19:00:25Z</time>
      </trkpt>
      <trkpt lat="46.235620000000004" lon="11.976750000000001">
        <time>2026-08-19T19:00:26Z</time>
      </trkpt>
      <trkpt lat="46.235600000000005" lon="11.97676">
        <time>2026-08-19T19:00:27Z</time>
      </trkpt>
      <trkpt lat="46.23559" lon="11.97677">
        <time>2026-08-19T19:00:28Z</time>
      </trkpt>
      <trkpt lat="46.235580000000006" lon="11.97677">
        <time>2026-08-19T19:00:29Z</time>
      </trkpt>
      <trkpt lat="46.23556000000001" lon="11.976780000000002">
        <time>2026-08-19T19:00:30Z</time>
      </trkpt>
      <trkpt lat="46.23555" lon="11.976780000000002">
        <time>2026-08-19T19:00:31Z</time>
      </trkpt>
      <trkpt lat="46.23554" lon="11.976790000000001">
        <time>2026-08-19T19:00:32Z</time>
      </trkpt>
      <trkpt lat="46.23552" lon="11.976790000000001">
        <time>2026-08-19T19:00:33Z</time>
      </trkpt>
      <trkpt lat="46.235510000000005" lon="11.9768">
        <time>2026-08-19T19:00:34Z</time>
      </trkpt>
      <trkpt lat="46.2355" lon="11.97681">
        <time>2026-08-19T19:00:35Z</time>
      </trkpt>
      <trkpt lat="46.23548" lon="11.976830000000001">
        <time>2026-08-19T19:00:37Z</time>
      </trkpt>
      <trkpt lat="46.23547000000001" lon="11.97685">
        <time>2026-08-19T19:00:38Z</time>
      </trkpt>
      <trkpt lat="46.23546" lon="11.97686">
        <time>2026-08-19T19:00:39Z</time>
      </trkpt>
      <trkpt lat="46.23545000000001" lon="11.976880000000001">
        <time>2026-08-19T19:00:40Z</time>
      </trkpt>
      <trkpt lat="46.235440000000004" lon="11.9769">
        <time>2026-08-19T19:00:41Z</time>
      </trkpt>
      <trkpt lat="46.23543" lon="11.976920000000002">
        <time>2026-08-19T19:00:43Z</time>
      </trkpt>
      <trkpt lat="46.235420000000005" lon="11.97694">
        <time>2026-08-19T19:00:44Z</time>
      </trkpt>
      <trkpt lat="46.23541" lon="11.97695">
        <time>2026-08-19T19:00:45Z</time>
      </trkpt>
      <trkpt lat="46.235400000000006" lon="11.976970000000001">
        <time>2026-08-19T19:00:46Z</time>
      </trkpt>
      <trkpt lat="46.23539" lon="11.97699">
        <time>2026-08-19T19:00:47Z</time>
      </trkpt>
      <trkpt lat="46.235380000000006" lon="11.977010000000002">
        <time>2026-08-19T19:00:48Z</time>
      </trkpt>
      <trkpt lat="46.23537" lon="11.977030000000001">
        <time>2026-08-19T19:00:49Z</time>
      </trkpt>
      <trkpt lat="46.23536000000001" lon="11.97704">
        <time>2026-08-19T19:00:50Z</time>
      </trkpt>
      <trkpt lat="46.235350000000004" lon="11.977060000000002">
        <time>2026-08-19T19:00:51Z</time>
      </trkpt>
      <trkpt lat="46.235330000000005" lon="11.977070000000001">
        <time>2026-08-19T19:00:53Z</time>
      </trkpt>
      <trkpt lat="46.23532" lon="11.97709">
        <time>2026-08-19T19:00:54Z</time>
      </trkpt>
      <trkpt lat="46.235310000000005" lon="11.977100000000002">
        <time>2026-08-19T19:00:55Z</time>
      </trkpt>
      <trkpt lat="46.235290000000006" lon="11.977120000000001">
        <time>2026-08-19T19:00:57Z</time>
      </trkpt>
      <trkpt lat="46.23528" lon="11.97713">
        <time>2026-08-19T19:00:58Z</time>
      </trkpt>
      <trkpt lat="46.235260000000004" lon="11.97714">
        <time>2026-08-19T19:00:59Z</time>
      </trkpt>
      <trkpt lat="46.235240000000005" lon="11.977160000000001">
        <time>2026-08-19T19:01:01Z</time>
      </trkpt>
      <trkpt lat="46.23523" lon="11.97718">
        <time>2026-08-19T19:01:02Z</time>
      </trkpt>
      <trkpt lat="46.235220000000005" lon="11.97719">
        <time>2026-08-19T19:01:03Z</time>
      </trkpt>
      <trkpt lat="46.235200000000006" lon="11.977200000000002">
        <time>2026-08-19T19:01:04Z</time>
      </trkpt>
      <trkpt lat="46.23519" lon="11.977210000000001">
        <time>2026-08-19T19:01:05Z</time>
      </trkpt>
      <trkpt lat="46.235170000000004" lon="11.97722">
        <time>2026-08-19T19:01:07Z</time>
      </trkpt>
      <trkpt lat="46.23516" lon="11.97723">
        <time>2026-08-19T19:01:08Z</time>
      </trkpt>
      <trkpt lat="46.23514" lon="11.97724">
        <time>2026-08-19T19:01:09Z</time>
      </trkpt>
      <trkpt lat="46.235130000000005" lon="11.97724">
        <time>2026-08-19T19:01:10Z</time>
      </trkpt>
      <trkpt lat="46.235110000000006" lon="11.977250000000002">
        <time>2026-08-19T19:01:11Z</time>
      </trkpt>
      <trkpt lat="46.2351" lon="11.977260000000001">
        <time>2026-08-19T19:01:12Z</time>
      </trkpt>
      <trkpt lat="46.23508" lon="11.977260000000001">
        <time>2026-08-19T19:01:14Z</time>
      </trkpt>
      <trkpt lat="46.23507" lon="11.97727">
        <time>2026-08-19T19:01:14Z</time>
      </trkpt>
      <trkpt lat="46.23505" lon="11.97728">
        <time>2026-08-19T19:01:16Z</time>
      </trkpt>
      <trkpt lat="46.235040000000005" lon="11.977290000000002">
        <time>2026-08-19T19:01:17Z</time>
      </trkpt>
      <trkpt lat="46.235020000000006" lon="11.977300000000001">
        <time>2026-08-19T19:01:18Z</time>
      </trkpt>
      <trkpt lat="46.23500000000001" lon="11.977310000000001">
        <time>2026-08-19T19:01:20Z</time>
      </trkpt>
      <trkpt lat="46.23498000000001" lon="11.977310000000001">
        <time>2026-08-19T19:01:21Z</time>
      </trkpt>
      <trkpt lat="46.234970000000004" lon="11.97732">
        <time>2026-08-19T19:01:22Z</time>
      </trkpt>
      <trkpt lat="46.234950000000005" lon="11.97733">
        <time>2026-08-19T19:01:24Z</time>
      </trkpt>
      <trkpt lat="46.23494" lon="11.977340000000002">
        <time>2026-08-19T19:01:24Z</time>
      </trkpt>
      <trkpt lat="46.23492" lon="11.977350000000001">
        <time>2026-08-19T19:01:26Z</time>
      </trkpt>
      <trkpt lat="46.2349" lon="11.977360000000001">
        <time>2026-08-19T19:01:27Z</time>
      </trkpt>
      <trkpt lat="46.23489000000001" lon="11.97737">
        <time>2026-08-19T19:01:28Z</time>
      </trkpt>
      <trkpt lat="46.234880000000004" lon="11.97738">
        <time>2026-08-19T19:01:29Z</time>
      </trkpt>
      <trkpt lat="46.234860000000005" lon="11.977390000000002">
        <time>2026-08-19T19:01:31Z</time>
      </trkpt>
      <trkpt lat="46.23485" lon="11.977400000000001">
        <time>2026-08-19T19:01:31Z</time>
      </trkpt>
      <trkpt lat="46.234840000000005" lon="11.97742">
        <time>2026-08-19T19:01:33Z</time>
      </trkpt>
      <trkpt lat="46.23483" lon="11.977430000000002">
        <time>2026-08-19T19:01:34Z</time>
      </trkpt>
      <trkpt lat="46.234820000000006" lon="11.977450000000001">
        <time>2026-08-19T19:01:35Z</time>
      </trkpt>
      <trkpt lat="46.23481" lon="11.97747">
        <time>2026-08-19T19:01:36Z</time>
      </trkpt>
      <trkpt lat="46.23480000000001" lon="11.977480000000002">
        <time>2026-08-19T19:01:37Z</time>
      </trkpt>
      <trkpt lat="46.23480000000001" lon="11.977490000000001">
        <time>2026-08-19T19:01:37Z</time>
      </trkpt>
      <trkpt lat="46.234790000000004" lon="11.97751">
        <time>2026-08-19T19:01:39Z</time>
      </trkpt>
      <trkpt lat="46.23478" lon="11.97752">
        <time>2026-08-19T19:01:39Z</time>
      </trkpt>
      <trkpt lat="46.234770000000005" lon="11.977530000000002">
        <time>2026-08-19T19:01:40Z</time>
      </trkpt>
      <trkpt lat="46.23476" lon="11.97755">
        <time>2026-08-19T19:01:41Z</time>
      </trkpt>
      <trkpt lat="46.23476" lon="11.97756">
        <time>2026-08-19T19:01:42Z</time>
      </trkpt>
      <trkpt lat="46.234750000000005" lon="11.977580000000001">
        <time>2026-08-19T19:01:43Z</time>
      </trkpt>
      <trkpt lat="46.234750000000005" lon="11.977590000000001">
        <time>2026-08-19T19:01:44Z</time>
      </trkpt>
      <trkpt lat="46.23474" lon="11.97761">
        <time>2026-08-19T19:01:45Z</time>
      </trkpt>
      <trkpt lat="46.23474" lon="11.977620000000002">
        <time>2026-08-19T19:01:45Z</time>
      </trkpt>
      <trkpt lat="46.23474" lon="11.977640000000001">
        <time>2026-08-19T19:01:46Z</time>
      </trkpt>
      <trkpt lat="46.234730000000006" lon="11.97766">
        <time>2026-08-19T19:01:48Z</time>
      </trkpt>
      <trkpt lat="46.234730000000006" lon="11.977670000000002">
        <time>2026-08-19T19:01:48Z</time>
      </trkpt>
      <trkpt lat="46.234730000000006" lon="11.97769">
        <time>2026-08-19T19:01:49Z</time>
      </trkpt>
      <trkpt lat="46.23472" lon="11.9777">
        <time>2026-08-19T19:01:50Z</time>
      </trkpt>
      <trkpt lat="46.23471000000001" lon="11.977720000000001">
        <time>2026-08-19T19:01:51Z</time>
      </trkpt>
      <trkpt lat="46.23471000000001" lon="11.97774">
        <time>2026-08-19T19:01:52Z</time>
      </trkpt>
      <trkpt lat="46.234700000000004" lon="11.97775">
        <time>2026-08-19T19:01:53Z</time>
      </trkpt>
      <trkpt lat="46.234680000000004" lon="11.977770000000001">
        <time>2026-08-19T19:01:55Z</time>
      </trkpt>
      <trkpt lat="46.23467" lon="11.977780000000001">
        <time>2026-08-19T19:01:55Z</time>
      </trkpt>
      <trkpt lat="46.234660000000005" lon="11.9778">
        <time>2026-08-19T19:01:57Z</time>
      </trkpt>
      <trkpt lat="46.23465" lon="11.977820000000001">
        <time>2026-08-19T19:01:58Z</time>
      </trkpt>
      <trkpt lat="46.234640000000006" lon="11.97784">
        <time>2026-08-19T19:01:59Z</time>
      </trkpt>
      <trkpt lat="46.23462000000001" lon="11.97785">
        <time>2026-08-19T19:02:01Z</time>
      </trkpt>
      <trkpt lat="46.23461" lon="11.977870000000001">
        <time>2026-08-19T19:02:02Z</time>
      </trkpt>
      <trkpt lat="46.2346" lon="11.97788">
        <time>2026-08-19T19:02:03Z</time>
      </trkpt>
      <trkpt lat="46.234590000000004" lon="11.977900000000002">
        <time>2026-08-19T19:02:04Z</time>
      </trkpt>
      <trkpt lat="46.234570000000005" lon="11.977910000000001">
        <time>2026-08-19T19:02:05Z</time>
      </trkpt>
      <trkpt lat="46.23456" lon="11.97793">
        <time>2026-08-19T19:02:07Z</time>
      </trkpt>
      <trkpt lat="46.234550000000006" lon="11.977950000000002">
        <time>2026-08-19T19:02:08Z</time>
      </trkpt>
      <trkpt lat="46.23454" lon="11.977960000000001">
        <time>2026-08-19T19:02:09Z</time>
      </trkpt>
      <trkpt lat="46.23452" lon="11.97798">
        <time>2026-08-19T19:02:10Z</time>
      </trkpt>
      <trkpt lat="46.23451000000001" lon="11.978000000000002">
        <time>2026-08-19T19:02:12Z</time>
      </trkpt>
      <trkpt lat="46.234500000000004" lon="11.97802">
        <time>2026-08-19T19:02:13Z</time>
      </trkpt>
      <trkpt lat="46.23449" lon="11.978040000000002">
        <time>2026-08-19T19:02:14Z</time>
      </trkpt>
      <trkpt lat="46.23449" lon="11.978060000000001">
        <time>2026-08-19T19:02:15Z</time>
      </trkpt>
      <trkpt lat="46.234480000000005" lon="11.97808">
        <time>2026-08-19T19:02:16Z</time>
      </trkpt>
      <trkpt lat="46.23447" lon="11.978100000000001">
        <time>2026-08-19T19:02:17Z</time>
      </trkpt>
      <trkpt lat="46.23447" lon="11.97812">
        <time>2026-08-19T19:02:18Z</time>
      </trkpt>
      <trkpt lat="46.234460000000006" lon="11.978140000000002">
        <time>2026-08-19T19:02:20Z</time>
      </trkpt>
      <trkpt lat="46.234460000000006" lon="11.97816">
        <time>2026-08-19T19:02:21Z</time>
      </trkpt>
      <trkpt lat="46.234460000000006" lon="11.978180000000002">
        <time>2026-08-19T19:02:21Z</time>
      </trkpt>
      <trkpt lat="46.234460000000006" lon="11.978200000000001">
        <time>2026-08-19T19:02:22Z</time>
      </trkpt>
      <trkpt lat="46.23445" lon="11.97822">
        <time>2026-08-19T19:02:24Z</time>
      </trkpt>
      <trkpt lat="46.23445" lon="11.978240000000001">
        <time>2026-08-19T19:02:25Z</time>
      </trkpt>
      <trkpt lat="46.234460000000006" lon="11.97826">
        <time>2026-08-19T19:02:26Z</time>
      </trkpt>
      <trkpt lat="46.234460000000006" lon="11.978280000000002">
        <time>2026-08-19T19:02:27Z</time>
      </trkpt>
      <trkpt lat="46.23447" lon="11.978290000000001">
        <time>2026-08-19T19:02:28Z</time>
      </trkpt>
      <trkpt lat="46.23447" lon="11.97831">
        <time>2026-08-19T19:02:29Z</time>
      </trkpt>
      <trkpt lat="46.23449" lon="11.978320000000002">
        <time>2026-08-19T19:02:30Z</time>
      </trkpt>
      <trkpt lat="46.23449" lon="11.978340000000001">
        <time>2026-08-19T19:02:31Z</time>
      </trkpt>
      <trkpt lat="46.234500000000004" lon="11.97835">
        <time>2026-08-19T19:02:32Z</time>
      </trkpt>
      <trkpt lat="46.23451000000001" lon="11.978370000000002">
        <time>2026-08-19T19:02:33Z</time>
      </trkpt>
      <trkpt lat="46.23452" lon="11.978380000000001">
        <time>2026-08-19T19:02:34Z</time>
      </trkpt>
      <trkpt lat="46.23454" lon="11.978390000000001">
        <time>2026-08-19T19:02:36Z</time>
      </trkpt>
      <trkpt lat="46.23454" lon="11.9784">
        <time>2026-08-19T19:02:36Z</time>
      </trkpt>
      <trkpt lat="46.234550000000006" lon="11.978420000000002">
        <time>2026-08-19T19:02:37Z</time>
      </trkpt>
      <trkpt lat="46.23456" lon="11.978430000000001">
        <time>2026-08-19T19:02:38Z</time>
      </trkpt>
      <trkpt lat="46.234570000000005" lon="11.97844">
        <time>2026-08-19T19:02:39Z</time>
      </trkpt>
      <trkpt lat="46.23458" lon="11.97846">
        <time>2026-08-19T19:02:40Z</time>
      </trkpt>
      <trkpt lat="46.234590000000004" lon="11.978480000000001">
        <time>2026-08-19T19:02:41Z</time>
      </trkpt>
      <trkpt lat="46.23461" lon="11.978510000000002">
        <time>2026-08-19T19:02:43Z</time>
      </trkpt>
      <trkpt lat="46.23461" lon="11.978510000000002">
        <time>2026-08-19T19:02:43Z</time>
      </trkpt>
      <trkpt lat="46.23462000000001" lon="11.978520000000001">
        <time>2026-08-19T19:02:44Z</time>
      </trkpt>
      <trkpt lat="46.23463" lon="11.978560000000002">
        <time>2026-08-19T19:02:46Z</time>
      </trkpt>
      <trkpt lat="46.234640000000006" lon="11.978580000000001">
        <time>2026-08-19T19:02:48Z</time>
      </trkpt>
      <trkpt lat="46.234640000000006" lon="11.978580000000001">
        <time>2026-08-19T19:02:48Z</time>
      </trkpt>
      <trkpt lat="46.23465" lon="11.97859">
        <time>2026-08-19T19:02:48Z</time>
      </trkpt>
      <trkpt lat="46.23465" lon="11.978610000000002">
        <time>2026-08-19T19:02:49Z</time>
      </trkpt>
      <trkpt lat="46.234660000000005" lon="11.97863">
        <time>2026-08-19T19:02:51Z</time>
      </trkpt>
      <trkpt lat="46.234660000000005" lon="11.978650000000002">
        <time>2026-08-19T19:02:52Z</time>
      </trkpt>
      <trkpt lat="46.23467" lon="11.978670000000001">
        <time>2026-08-19T19:02:53Z</time>
      </trkpt>
      <trkpt lat="46.23467" lon="11.97869">
        <time>2026-08-19T19:02:54Z</time>
      </trkpt>
      <trkpt lat="46.234680000000004" lon="11.978710000000001">
        <time>2026-08-19T19:02:55Z</time>
      </trkpt>
      <trkpt lat="46.234680000000004" lon="11.978720000000001">
        <time>2026-08-19T19:02:55Z</time>
      </trkpt>
      <trkpt lat="46.23469" lon="11.97874">
        <time>2026-08-19T19:02:57Z</time>
      </trkpt>
      <trkpt lat="46.234700000000004" lon="11.978760000000001">
        <time>2026-08-19T19:02:58Z</time>
      </trkpt>
      <trkpt lat="46.234700000000004" lon="11.97878">
        <time>2026-08-19T19:02:59Z</time>
      </trkpt>
      <trkpt lat="46.23471000000001" lon="11.978800000000001">
        <time>2026-08-19T19:03:00Z</time>
      </trkpt>
      <trkpt lat="46.23471000000001" lon="11.97882">
        <time>2026-08-19T19:03:01Z</time>
      </trkpt>
      <trkpt lat="46.23472" lon="11.978840000000002">
        <time>2026-08-19T19:03:02Z</time>
      </trkpt>
      <trkpt lat="46.234730000000006" lon="11.978860000000001">
        <time>2026-08-19T19:03:03Z</time>
      </trkpt>
      <trkpt lat="46.234730000000006" lon="11.97887">
        <time>2026-08-19T19:03:04Z</time>
      </trkpt>
      <trkpt lat="46.23474" lon="11.978890000000002">
        <time>2026-08-19T19:03:05Z</time>
      </trkpt>
      <trkpt lat="46.234750000000005" lon="11.97891">
        <time>2026-08-19T19:03:06Z</time>
      </trkpt>
      <trkpt lat="46.23476" lon="11.978930000000002">
        <time>2026-08-19T19:03:08Z</time>
      </trkpt>
      <trkpt lat="46.23476" lon="11.978950000000001">
        <time>2026-08-19T19:03:09Z</time>
      </trkpt>
      <trkpt lat="46.234770000000005" lon="11.97897">
        <time>2026-08-19T19:03:10Z</time>
      </trkpt>
      <trkpt lat="46.23478" lon="11.978990000000001">
        <time>2026-08-19T19:03:11Z</time>
      </trkpt>
      <trkpt lat="46.23478" lon="11.97901">
        <time>2026-08-19T19:03:12Z</time>
      </trkpt>
      <trkpt lat="46.234790000000004" lon="11.979030000000002">
        <time>2026-08-19T19:03:13Z</time>
      </trkpt>
      <trkpt lat="46.23480000000001" lon="11.97905">
        <time>2026-08-19T19:03:14Z</time>
      </trkpt>
      <trkpt lat="46.23480000000001" lon="11.97907">
        <time>2026-08-19T19:03:15Z</time>
      </trkpt>
      <trkpt lat="46.23481" lon="11.979090000000001">
        <time>2026-08-19T19:03:17Z</time>
      </trkpt>
      <trkpt lat="46.23481" lon="11.97911">
        <time>2026-08-19T19:03:18Z</time>
      </trkpt>
      <trkpt lat="46.234820000000006" lon="11.979130000000001">
        <time>2026-08-19T19:03:19Z</time>
      </trkpt>
      <trkpt lat="46.23483" lon="11.979140000000001">
        <time>2026-08-19T19:03:20Z</time>
      </trkpt>
      <trkpt lat="46.234840000000005" lon="11.97916">
        <time>2026-08-19T19:03:21Z</time>
      </trkpt>
      <trkpt lat="46.234840000000005" lon="11.979180000000001">
        <time>2026-08-19T19:03:22Z</time>
      </trkpt>
      <trkpt lat="46.23485" lon="11.9792">
        <time>2026-08-19T19:03:23Z</time>
      </trkpt>
      <trkpt lat="46.234860000000005" lon="11.979230000000001">
        <time>2026-08-19T19:03:25Z</time>
      </trkpt>
      <trkpt lat="46.234860000000005" lon="11.97925">
        <time>2026-08-19T19:03:26Z</time>
      </trkpt>
      <trkpt lat="46.234860000000005" lon="11.979270000000001">
        <time>2026-08-19T19:03:27Z</time>
      </trkpt>
      <trkpt lat="46.23487" lon="11.97929">
        <time>2026-08-19T19:03:28Z</time>
      </trkpt>
      <trkpt lat="46.23487" lon="11.979310000000002">
        <time>2026-08-19T19:03:29Z</time>
      </trkpt>
      <trkpt lat="46.23487" lon="11.979330000000001">
        <time>2026-08-19T19:03:30Z</time>
      </trkpt>
      <trkpt lat="46.234880000000004" lon="11.97935">
        <time>2026-08-19T19:03:31Z</time>
      </trkpt>
      <trkpt lat="46.234880000000004" lon="11.97938">
        <time>2026-08-19T19:03:32Z</time>
      </trkpt>
      <trkpt lat="46.234880000000004" lon="11.979400000000002">
        <time>2026-08-19T19:03:33Z</time>
      </trkpt>
      <trkpt lat="46.234880000000004" lon="11.979420000000001">
        <time>2026-08-19T19:03:34Z</time>
      </trkpt>
      <trkpt lat="46.234880000000004" lon="11.97944">
        <time>2026-08-19T19:03:35Z</time>
      </trkpt>
      <trkpt lat="46.234880000000004" lon="11.979460000000001">
        <time>2026-08-19T19:03:36Z</time>
      </trkpt>
      <trkpt lat="46.234880000000004" lon="11.97948">
        <time>2026-08-19T19:03:37Z</time>
      </trkpt>
      <trkpt lat="46.234880000000004" lon="11.979500000000002">
        <time>2026-08-19T19:03:38Z</time>
      </trkpt>
      <trkpt lat="46.234880000000004" lon="11.97952">
        <time>2026-08-19T19:03:39Z</time>
      </trkpt>
      <trkpt lat="46.23487" lon="11.979540000000002">
        <time>2026-08-19T19:03:40Z</time>
      </trkpt>
      <trkpt lat="46.23487" lon="11.979560000000001">
        <time>2026-08-19T19:03:41Z</time>
      </trkpt>
      <trkpt lat="46.234860000000005" lon="11.97958">
        <time>2026-08-19T19:03:43Z</time>
      </trkpt>
      <trkpt lat="46.234860000000005" lon="11.979600000000001">
        <time>2026-08-19T19:03:44Z</time>
      </trkpt>
      <trkpt lat="46.23485" lon="11.97962">
        <time>2026-08-19T19:03:45Z</time>
      </trkpt>
      <trkpt lat="46.23485" lon="11.979640000000002">
        <time>2026-08-19T19:03:46Z</time>
      </trkpt>
      <trkpt lat="46.23485" lon="11.97966">
        <time>2026-08-19T19:03:47Z</time>
      </trkpt>
      <trkpt lat="46.234840000000005" lon="11.97968">
        <time>2026-08-19T19:03:48Z</time>
      </trkpt>
      <trkpt lat="46.234840000000005" lon="11.979700000000001">
        <time>2026-08-19T19:03:49Z</time>
      </trkpt>
      <trkpt lat="46.234840000000005" lon="11.97972">
        <time>2026-08-19T19:03:50Z</time>
      </trkpt>
      <trkpt lat="46.234840000000005" lon="11.979740000000001">
        <time>2026-08-19T19:03:51Z</time>
      </trkpt>
      <trkpt lat="46.234840000000005" lon="11.97977">
        <time>2026-08-19T19:03:52Z</time>
      </trkpt>
      <trkpt lat="46.234840000000005" lon="11.979790000000001">
        <time>2026-08-19T19:03:53Z</time>
      </trkpt>
      <trkpt lat="46.234840000000005" lon="11.97981">
        <time>2026-08-19T19:03:54Z</time>
      </trkpt>
      <trkpt lat="46.23485" lon="11.979830000000002">
        <time>2026-08-19T19:03:56Z</time>
      </trkpt>
      <trkpt lat="46.234860000000005" lon="11.97985">
        <time>2026-08-19T19:03:57Z</time>
      </trkpt>
      <trkpt lat="46.234860000000005" lon="11.979870000000002">
        <time>2026-08-19T19:03:58Z</time>
      </trkpt>
      <trkpt lat="46.23487" lon="11.979890000000001">
        <time>2026-08-19T19:03:59Z</time>
      </trkpt>
      <trkpt lat="46.234880000000004" lon="11.97991">
        <time>2026-08-19T19:04:00Z</time>
      </trkpt>
      <trkpt lat="46.234880000000004" lon="11.979930000000001">
        <time>2026-08-19T19:04:01Z</time>
      </trkpt>
      <trkpt lat="46.23489000000001" lon="11.97995">
        <time>2026-08-19T19:04:02Z</time>
      </trkpt>
      <trkpt lat="46.23489000000001" lon="11.979970000000002">
        <time>2026-08-19T19:04:03Z</time>
      </trkpt>
      <trkpt lat="46.2349" lon="11.97999">
        <time>2026-08-19T19:04:05Z</time>
      </trkpt>
      <trkpt lat="46.2349" lon="11.980010000000002">
        <time>2026-08-19T19:04:06Z</time>
      </trkpt>
      <trkpt lat="46.2349" lon="11.980030000000001">
        <time>2026-08-19T19:04:06Z</time>
      </trkpt>
      <trkpt lat="46.234910000000006" lon="11.98005">
        <time>2026-08-19T19:04:08Z</time>
      </trkpt>
      <trkpt lat="46.234910000000006" lon="11.980070000000001">
        <time>2026-08-19T19:04:09Z</time>
      </trkpt>
      <trkpt lat="46.234910000000006" lon="11.98009">
        <time>2026-08-19T19:04:10Z</time>
      </trkpt>
      <trkpt lat="46.23492" lon="11.980110000000002">
        <time>2026-08-19T19:04:11Z</time>
      </trkpt>
      <trkpt lat="46.23492" lon="11.980120000000001">
        <time>2026-08-19T19:04:11Z</time>
      </trkpt>
      <trkpt lat="46.23492" lon="11.98014">
        <time>2026-08-19T19:04:12Z</time>
      </trkpt>
      <trkpt lat="46.23492" lon="11.980160000000001">
        <time>2026-08-19T19:04:13Z</time>
      </trkpt>
      <trkpt lat="46.234910000000006" lon="11.98018">
        <time>2026-08-19T19:04:15Z</time>
      </trkpt>
      <trkpt lat="46.234910000000006" lon="11.980200000000002">
        <time>2026-08-19T19:04:15Z</time>
      </trkpt>
      <trkpt lat="46.234910000000006" lon="11.980220000000001">
        <time>2026-08-19T19:04:16Z</time>
      </trkpt>
      <trkpt lat="46.2349" lon="11.98024">
        <time>2026-08-19T19:04:18Z</time>
      </trkpt>
      <trkpt lat="46.2349" lon="11.980260000000001">
        <time>2026-08-19T19:04:19Z</time>
      </trkpt>
      <trkpt lat="46.2349" lon="11.98028">
        <time>2026-08-19T19:04:20Z</time>
      </trkpt>
      <trkpt lat="46.2349" lon="11.980300000000002">
        <time>2026-08-19T19:04:21Z</time>
      </trkpt>
      <trkpt lat="46.23489000000001" lon="11.98032">
        <time>2026-08-19T19:04:22Z</time>
      </trkpt>
      <trkpt lat="46.23489000000001" lon="11.980340000000002">
        <time>2026-08-19T19:04:23Z</time>
      </trkpt>
      <trkpt lat="46.234880000000004" lon="11.980360000000001">
        <time>2026-08-19T19:04:24Z</time>
      </trkpt>
      <trkpt lat="46.234880000000004" lon="11.98038">
        <time>2026-08-19T19:04:25Z</time>
      </trkpt>
      <trkpt lat="46.23487" lon="11.980400000000001">
        <time>2026-08-19T19:04:26Z</time>
      </trkpt>
      <trkpt lat="46.234860000000005" lon="11.98042">
        <time>2026-08-19T19:04:27Z</time>
      </trkpt>
      <trkpt lat="46.23485" lon="11.980440000000002">
        <time>2026-08-19T19:04:29Z</time>
      </trkpt>
      <trkpt lat="46.234840000000005" lon="11.98046">
        <time>2026-08-19T19:04:30Z</time>
      </trkpt>
      <trkpt lat="46.23483" lon="11.98047">
        <time>2026-08-19T19:04:31Z</time>
      </trkpt>
      <trkpt lat="46.234820000000006" lon="11.980490000000001">
        <time>2026-08-19T19:04:32Z</time>
      </trkpt>
      <trkpt lat="46.234820000000006" lon="11.980500000000001">
        <time>2026-08-19T19:04:32Z</time>
      </trkpt>
      <trkpt lat="46.23481" lon="11.98052">
        <time>2026-08-19T19:04:34Z</time>
      </trkpt>
      <trkpt lat="46.23480000000001" lon="11.980530000000002">
        <time>2026-08-19T19:04:34Z</time>
      </trkpt>
      <trkpt lat="46.23478" lon="11.980540000000001">
        <time>2026-08-19T19:04:36Z</time>
      </trkpt>
      <trkpt lat="46.234770000000005" lon="11.980550000000001">
        <time>2026-08-19T19:04:37Z</time>
      </trkpt>
      <trkpt lat="46.234750000000005" lon="11.98057">
        <time>2026-08-19T19:04:38Z</time>
      </trkpt>
      <trkpt lat="46.23474" lon="11.980580000000002">
        <time>2026-08-19T19:04:39Z</time>
      </trkpt>
      <trkpt lat="46.234730000000006" lon="11.9806">
        <time>2026-08-19T19:04:41Z</time>
      </trkpt>
      <trkpt lat="46.23472" lon="11.980620000000002">
        <time>2026-08-19T19:04:42Z</time>
      </trkpt>
      <trkpt lat="46.234700000000004" lon="11.980630000000001">
        <time>2026-08-19T19:04:43Z</time>
      </trkpt>
      <trkpt lat="46.23469" lon="11.98065">
        <time>2026-08-19T19:04:44Z</time>
      </trkpt>
      <trkpt lat="46.234680000000004" lon="11.98066">
        <time>2026-08-19T19:04:45Z</time>
      </trkpt>
      <trkpt lat="46.234660000000005" lon="11.980680000000001">
        <time>2026-08-19T19:04:47Z</time>
      </trkpt>
      <trkpt lat="46.23465" lon="11.980690000000001">
        <time>2026-08-19T19:04:48Z</time>
      </trkpt>
      <trkpt lat="46.234640000000006" lon="11.9807">
        <time>2026-08-19T19:04:49Z</time>
      </trkpt>
      <trkpt lat="46.23463" lon="11.98071">
        <time>2026-08-19T19:04:50Z</time>
      </trkpt>
      <trkpt lat="46.23462000000001" lon="11.980730000000001">
        <time>2026-08-19T19:04:51Z</time>
      </trkpt>
      <trkpt lat="46.2346" lon="11.98074">
        <time>2026-08-19T19:04:52Z</time>
      </trkpt>
      <trkpt lat="46.234590000000004" lon="11.980760000000002">
        <time>2026-08-19T19:04:54Z</time>
      </trkpt>
      <trkpt lat="46.23458" lon="11.980770000000001">
        <time>2026-08-19T19:04:54Z</time>
      </trkpt>
      <trkpt lat="46.234570000000005" lon="11.980780000000001">
        <time>2026-08-19T19:04:55Z</time>
      </trkpt>
      <trkpt lat="46.234550000000006" lon="11.98079">
        <time>2026-08-19T19:04:57Z</time>
      </trkpt>
      <trkpt lat="46.23454" lon="11.9808">
        <time>2026-08-19T19:04:58Z</time>
      </trkpt>
      <trkpt lat="46.23452" lon="11.980820000000001">
        <time>2026-08-19T19:04:59Z</time>
      </trkpt>
      <trkpt lat="46.23451000000001" lon="11.980830000000001">
        <time>2026-08-19T19:05:00Z</time>
      </trkpt>
      <trkpt lat="46.234500000000004" lon="11.98084">
        <time>2026-08-19T19:05:01Z</time>
      </trkpt>
      <trkpt lat="46.234480000000005" lon="11.98085">
        <time>2026-08-19T19:05:03Z</time>
      </trkpt>
      <trkpt lat="46.23447" lon="11.980870000000001">
        <time>2026-08-19T19:05:04Z</time>
      </trkpt>
      <trkpt lat="46.234460000000006" lon="11.98088">
        <time>2026-08-19T19:05:05Z</time>
      </trkpt>
      <trkpt lat="46.23445" lon="11.98089">
        <time>2026-08-19T19:05:05Z</time>
      </trkpt>
      <trkpt lat="46.234440000000006" lon="11.980910000000002">
        <time>2026-08-19T19:05:07Z</time>
      </trkpt>
      <trkpt lat="46.23442000000001" lon="11.980920000000001">
        <time>2026-08-19T19:05:08Z</time>
      </trkpt>
      <trkpt lat="46.23442000000001" lon="11.98094">
        <time>2026-08-19T19:05:09Z</time>
      </trkpt>
      <trkpt lat="46.234410000000004" lon="11.980950000000002">
        <time>2026-08-19T19:05:10Z</time>
      </trkpt>
      <trkpt lat="46.2344" lon="11.980960000000001">
        <time>2026-08-19T19:05:11Z</time>
      </trkpt>
      <trkpt lat="46.234390000000005" lon="11.98098">
        <time>2026-08-19T19:05:12Z</time>
      </trkpt>
      <trkpt lat="46.23438" lon="11.98099">
        <time>2026-08-19T19:05:13Z</time>
      </trkpt>
      <trkpt lat="46.234370000000006" lon="11.981000000000002">
        <time>2026-08-19T19:05:14Z</time>
      </trkpt>
      <trkpt lat="46.23436" lon="11.981020000000001">
        <time>2026-08-19T19:05:15Z</time>
      </trkpt>
      <trkpt lat="46.234350000000006" lon="11.98103">
        <time>2026-08-19T19:05:16Z</time>
      </trkpt>
      <trkpt lat="46.23434" lon="11.981050000000002">
        <time>2026-08-19T19:05:17Z</time>
      </trkpt>
      <trkpt lat="46.234320000000004" lon="11.981060000000001">
        <time>2026-08-19T19:05:19Z</time>
      </trkpt>
      <trkpt lat="46.23431" lon="11.98108">
        <time>2026-08-19T19:05:20Z</time>
      </trkpt>
      <trkpt lat="46.234300000000005" lon="11.981090000000002">
        <time>2026-08-19T19:05:21Z</time>
      </trkpt>
      <trkpt lat="46.23429" lon="11.981100000000001">
        <time>2026-08-19T19:05:21Z</time>
      </trkpt>
      <trkpt lat="46.234280000000005" lon="11.981110000000001">
        <time>2026-08-19T19:05:22Z</time>
      </trkpt>
      <trkpt lat="46.234260000000006" lon="11.98113">
        <time>2026-08-19T19:05:24Z</time>
      </trkpt>
      <trkpt lat="46.23424000000001" lon="11.981140000000002">
        <time>2026-08-19T19:05:26Z</time>
      </trkpt>
      <trkpt lat="46.234230000000004" lon="11.981150000000001">
        <time>2026-08-19T19:05:26Z</time>
      </trkpt>
      <trkpt lat="46.23422" lon="11.981160000000001">
        <time>2026-08-19T19:05:27Z</time>
      </trkpt>
      <trkpt lat="46.234210000000004" lon="11.98117">
        <time>2026-08-19T19:05:28Z</time>
      </trkpt>
      <trkpt lat="46.234190000000005" lon="11.98118">
        <time>2026-08-19T19:05:30Z</time>
      </trkpt>
      <trkpt lat="46.23418" lon="11.981190000000002">
        <time>2026-08-19T19:05:31Z</time>
      </trkpt>
      <trkpt lat="46.23416" lon="11.98121">
        <time>2026-08-19T19:05:32Z</time>
      </trkpt>
      <trkpt lat="46.23415000000001" lon="11.98122">
        <time>2026-08-19T19:05:33Z</time>
      </trkpt>
      <trkpt lat="46.234140000000004" lon="11.981230000000002">
        <time>2026-08-19T19:05:34Z</time>
      </trkpt>
      <trkpt lat="46.23413" lon="11.981240000000001">
        <time>2026-08-19T19:05:35Z</time>
      </trkpt>
      <trkpt lat="46.234120000000004" lon="11.98126">
        <time>2026-08-19T19:05:36Z</time>
      </trkpt>
      <trkpt lat="46.234100000000005" lon="11.98127">
        <time>2026-08-19T19:05:38Z</time>
      </trkpt>
      <trkpt lat="46.23409" lon="11.981290000000001">
        <time>2026-08-19T19:05:39Z</time>
      </trkpt>
      <trkpt lat="46.234080000000006" lon="11.981300000000001">
        <time>2026-08-19T19:05:40Z</time>
      </trkpt>
      <trkpt lat="46.234080000000006" lon="11.98132">
        <time>2026-08-19T19:05:41Z</time>
      </trkpt>
      <trkpt lat="46.23407" lon="11.981340000000001">
        <time>2026-08-19T19:05:42Z</time>
      </trkpt>
      <trkpt lat="46.23407" lon="11.98136">
        <time>2026-08-19T19:05:43Z</time>
      </trkpt>
      <trkpt lat="46.23407" lon="11.981380000000001">
        <time>2026-08-19T19:05:44Z</time>
      </trkpt>
      <trkpt lat="46.23407" lon="11.98141">
        <time>2026-08-19T19:05:45Z</time>
      </trkpt>
      <trkpt lat="46.23407" lon="11.981430000000001">
        <time>2026-08-19T19:05:46Z</time>
      </trkpt>
      <trkpt lat="46.23407" lon="11.98145">
        <time>2026-08-19T19:05:47Z</time>
      </trkpt>
      <trkpt lat="46.23407" lon="11.981470000000002">
        <time>2026-08-19T19:05:48Z</time>
      </trkpt>
      <trkpt lat="46.23407" lon="11.98149">
        <time>2026-08-19T19:05:49Z</time>
      </trkpt>
      <trkpt lat="46.234080000000006" lon="11.98151">
        <time>2026-08-19T19:05:50Z</time>
      </trkpt>
      <trkpt lat="46.234080000000006" lon="11.981530000000001">
        <time>2026-08-19T19:05:51Z</time>
      </trkpt>
      <trkpt lat="46.23409" lon="11.98155">
        <time>2026-08-19T19:05:52Z</time>
      </trkpt>
      <trkpt lat="46.234100000000005" lon="11.981570000000001">
        <time>2026-08-19T19:05:54Z</time>
      </trkpt>
      <trkpt lat="46.234100000000005" lon="11.98159">
        <time>2026-08-19T19:05:55Z</time>
      </trkpt>
      <trkpt lat="46.23411" lon="11.981610000000002">
        <time>2026-08-19T19:05:56Z</time>
      </trkpt>
      <trkpt lat="46.234120000000004" lon="11.981630000000001">
        <time>2026-08-19T19:05:57Z</time>
      </trkpt>
      <trkpt lat="46.23413" lon="11.98165">
        <time>2026-08-19T19:05:58Z</time>
      </trkpt>
      <trkpt lat="46.234140000000004" lon="11.981660000000002">
        <time>2026-08-19T19:05:59Z</time>
      </trkpt>
      <trkpt lat="46.23415000000001" lon="11.98168">
        <time>2026-08-19T19:06:00Z</time>
      </trkpt>
      <trkpt lat="46.23416" lon="11.98169">
        <time>2026-08-19T19:06:01Z</time>
      </trkpt>
      <trkpt lat="46.234170000000006" lon="11.981710000000001">
        <time>2026-08-19T19:06:02Z</time>
      </trkpt>
      <trkpt lat="46.23418" lon="11.981720000000001">
        <time>2026-08-19T19:06:03Z</time>
      </trkpt>
      <trkpt lat="46.234190000000005" lon="11.98174">
        <time>2026-08-19T19:06:04Z</time>
      </trkpt>
      <trkpt lat="46.2342" lon="11.981750000000002">
        <time>2026-08-19T19:06:05Z</time>
      </trkpt>
      <trkpt lat="46.234210000000004" lon="11.981770000000001">
        <time>2026-08-19T19:06:07Z</time>
      </trkpt>
      <trkpt lat="46.23422" lon="11.98178">
        <time>2026-08-19T19:06:07Z</time>
      </trkpt>
      <trkpt lat="46.234230000000004" lon="11.981800000000002">
        <time>2026-08-19T19:06:09Z</time>
      </trkpt>
      <trkpt lat="46.23424000000001" lon="11.98182">
        <time>2026-08-19T19:06:10Z</time>
      </trkpt>
      <trkpt lat="46.23425" lon="11.98183">
        <time>2026-08-19T19:06:11Z</time>
      </trkpt>
      <trkpt lat="46.234260000000006" lon="11.981850000000001">
        <time>2026-08-19T19:06:12Z</time>
      </trkpt>
      <trkpt lat="46.234260000000006" lon="11.98187">
        <time>2026-08-19T19:06:13Z</time>
      </trkpt>
      <trkpt lat="46.234280000000005" lon="11.981890000000002">
        <time>2026-08-19T19:06:15Z</time>
      </trkpt>
      <trkpt lat="46.234280000000005" lon="11.981910000000001">
        <time>2026-08-19T19:06:16Z</time>
      </trkpt>
      <trkpt lat="46.23429" lon="11.98192">
        <time>2026-08-19T19:06:16Z</time>
      </trkpt>
      <trkpt lat="46.234300000000005" lon="11.981940000000002">
        <time>2026-08-19T19:06:18Z</time>
      </trkpt>
      <trkpt lat="46.23431" lon="11.98196">
        <time>2026-08-19T19:06:19Z</time>
      </trkpt>
      <trkpt lat="46.234320000000004" lon="11.981980000000002">
        <time>2026-08-19T19:06:20Z</time>
      </trkpt>
      <trkpt lat="46.234320000000004" lon="11.982000000000001">
        <time>2026-08-19T19:06:21Z</time>
      </trkpt>
      <trkpt lat="46.23433000000001" lon="11.98202">
        <time>2026-08-19T19:06:22Z</time>
      </trkpt>
      <trkpt lat="46.23434" lon="11.982040000000001">
        <time>2026-08-19T19:06:23Z</time>
      </trkpt>
      <trkpt lat="46.23434" lon="11.98207">
        <time>2026-08-19T19:06:25Z</time>
      </trkpt>
      <trkpt lat="46.234350000000006" lon="11.982090000000001">
        <time>2026-08-19T19:06:26Z</time>
      </trkpt>
      <trkpt lat="46.234350000000006" lon="11.98211">
        <time>2026-08-19T19:06:27Z</time>
      </trkpt>
      <trkpt lat="46.23436" lon="11.982130000000002">
        <time>2026-08-19T19:06:28Z</time>
      </trkpt>
      <trkpt lat="46.23436" lon="11.98215">
        <time>2026-08-19T19:06:29Z</time>
      </trkpt>
      <trkpt lat="46.23436" lon="11.982170000000002">
        <time>2026-08-19T19:06:30Z</time>
      </trkpt>
      <trkpt lat="46.23436" lon="11.9822">
        <time>2026-08-19T19:06:32Z</time>
      </trkpt>
      <trkpt lat="46.234370000000006" lon="11.982220000000002">
        <time>2026-08-19T19:06:33Z</time>
      </trkpt>
      <trkpt lat="46.234370000000006" lon="11.982240000000001">
        <time>2026-08-19T19:06:34Z</time>
      </trkpt>
      <trkpt lat="46.23436" lon="11.98226">
        <time>2026-08-19T19:06:35Z</time>
      </trkpt>
      <trkpt lat="46.23436" lon="11.982280000000001">
        <time>2026-08-19T19:06:36Z</time>
      </trkpt>
      <trkpt lat="46.23436" lon="11.9823">
        <time>2026-08-19T19:06:37Z</time>
      </trkpt>
      <trkpt lat="46.234350000000006" lon="11.982320000000001">
        <time>2026-08-19T19:06:38Z</time>
      </trkpt>
      <trkpt lat="46.23434" lon="11.98234">
        <time>2026-08-19T19:06:39Z</time>
      </trkpt>
      <trkpt lat="46.234320000000004" lon="11.982360000000002">
        <time>2026-08-19T19:06:41Z</time>
      </trkpt>
      <trkpt lat="46.23431" lon="11.982380000000001">
        <time>2026-08-19T19:06:42Z</time>
      </trkpt>
      <trkpt lat="46.234300000000005" lon="11.98239">
        <time>2026-08-19T19:06:43Z</time>
      </trkpt>
      <trkpt lat="46.23429" lon="11.9824">
        <time>2026-08-19T19:06:44Z</time>
      </trkpt>
      <trkpt lat="46.234280000000005" lon="11.982420000000001">
        <time>2026-08-19T19:06:45Z</time>
      </trkpt>
      <trkpt lat="46.234260000000006" lon="11.98243">
        <time>2026-08-19T19:06:47Z</time>
      </trkpt>
      <trkpt lat="46.23425" lon="11.98244">
        <time>2026-08-19T19:06:48Z</time>
      </trkpt>
      <trkpt lat="46.23424000000001" lon="11.982450000000002">
        <time>2026-08-19T19:06:49Z</time>
      </trkpt>
      <trkpt lat="46.234230000000004" lon="11.982460000000001">
        <time>2026-08-19T19:06:49Z</time>
      </trkpt>
      <trkpt lat="46.23422" lon="11.982470000000001">
        <time>2026-08-19T19:06:50Z</time>
      </trkpt>
      <trkpt lat="46.234210000000004" lon="11.98248">
        <time>2026-08-19T19:06:51Z</time>
      </trkpt>
      <trkpt lat="46.2342" lon="11.98249">
        <time>2026-08-19T19:06:52Z</time>
      </trkpt>
      <trkpt lat="46.2342" lon="11.982500000000002">
        <time>2026-08-19T19:06:52Z</time>
      </trkpt>
      <trkpt lat="46.234190000000005" lon="11.982510000000001">
        <time>2026-08-19T19:06:53Z</time>
      </trkpt>
      <trkpt lat="46.23418" lon="11.982510000000001">
        <time>2026-08-19T19:06:54Z</time>
      </trkpt>
      <trkpt lat="46.23418" lon="11.982520000000001">
        <time>2026-08-19T19:06:55Z</time>
      </trkpt>
      <trkpt lat="46.23418" lon="11.982520000000001">
        <time>2026-08-19T19:06:55Z</time>
      </trkpt>
      <trkpt lat="46.23418" lon="11.982520000000001">
        <time>2026-08-19T19:06:55Z</time>
      </trkpt>
      <trkpt lat="46.23418" lon="11.982520000000001">
        <time>2026-08-19T19:06:55Z</time>
      </trkpt>
      <trkpt lat="46.23418" lon="11.98253">
        <time>2026-08-19T19:06:55Z</time>
      </trkpt>
      <trkpt lat="46.23418" lon="11.98253">
        <time>2026-08-19T19:06:55Z</time>
      </trkpt>
      <trkpt lat="46.23418" lon="11.98253">
        <time>2026-08-19T19:06:55Z</time>
      </trkpt>
      <trkpt lat="46.23418" lon="11.98253">
        <time>2026-08-19T19:06:55Z</time>
      </trkpt>
      <trkpt lat="46.23418" lon="11.98253">
        <time>2026-08-19T19:06:55Z</time>
      </trkpt>
      <trkpt lat="46.23418" lon="11.98253">
        <time>2026-08-19T19:06:55Z</time>
      </trkpt>
      <trkpt lat="46.23418" lon="11.98253">
        <time>2026-08-19T19:06:55Z</time>
      </trkpt>
      <trkpt lat="46.23418" lon="11.98253">
        <time>2026-08-19T19:06:55Z</time>
      </trkpt>
      <trkpt lat="46.23418" lon="11.98253">
        <time>2026-08-19T19:06:55Z</time>
      </trkpt>
      <trkpt lat="46.23418" lon="11.98253">
        <time>2026-08-19T19:06:55Z</time>
      </trkpt>
      <trkpt lat="46.234170000000006" lon="11.98254">
        <time>2026-08-19T19:06:56Z</time>
      </trkpt>
      <trkpt lat="46.234170000000006" lon="11.98254">
        <time>2026-08-19T19:06:56Z</time>
      </trkpt>
      <trkpt lat="46.23416" lon="11.982550000000002">
        <time>2026-08-19T19:06:57Z</time>
      </trkpt>
      <trkpt lat="46.23415000000001" lon="11.982560000000001">
        <time>2026-08-19T19:06:58Z</time>
      </trkpt>
      <trkpt lat="46.23415000000001" lon="11.98257">
        <time>2026-08-19T19:06:58Z</time>
      </trkpt>
      <trkpt lat="46.234140000000004" lon="11.98258">
        <time>2026-08-19T19:06:59Z</time>
      </trkpt>
      <trkpt lat="46.23413" lon="11.982590000000002">
        <time>2026-08-19T19:07:00Z</time>
      </trkpt>
      <trkpt lat="46.234120000000004" lon="11.982600000000001">
        <time>2026-08-19T19:07:01Z</time>
      </trkpt>
      <trkpt lat="46.23411" lon="11.982610000000001">
        <time>2026-08-19T19:07:02Z</time>
      </trkpt>
      <trkpt lat="46.234100000000005" lon="11.98262">
        <time>2026-08-19T19:07:02Z</time>
      </trkpt>
      <trkpt lat="46.234080000000006" lon="11.98263">
        <time>2026-08-19T19:07:04Z</time>
      </trkpt>
      <trkpt lat="46.23407" lon="11.982640000000002">
        <time>2026-08-19T19:07:05Z</time>
      </trkpt>
      <trkpt lat="46.23406000000001" lon="11.982650000000001">
        <time>2026-08-19T19:07:06Z</time>
      </trkpt>
      <trkpt lat="46.23405" lon="11.982660000000001">
        <time>2026-08-19T19:07:06Z</time>
      </trkpt>
      <trkpt lat="46.23404" lon="11.98267">
        <time>2026-08-19T19:07:07Z</time>
      </trkpt>
      <trkpt lat="46.23402" lon="11.98268">
        <time>2026-08-19T19:07:09Z</time>
      </trkpt>
      <trkpt lat="46.234010000000005" lon="11.982700000000001">
        <time>2026-08-19T19:07:10Z</time>
      </trkpt>
      <trkpt lat="46.234" lon="11.98271">
        <time>2026-08-19T19:07:11Z</time>
      </trkpt>
      <trkpt lat="46.23398" lon="11.98272">
        <time>2026-08-19T19:07:12Z</time>
      </trkpt>
      <trkpt lat="46.23397000000001" lon="11.98273">
        <time>2026-08-19T19:07:13Z</time>
      </trkpt>
      <trkpt lat="46.23396" lon="11.982740000000002">
        <time>2026-08-19T19:07:14Z</time>
      </trkpt>
      <trkpt lat="46.233940000000004" lon="11.982740000000002">
        <time>2026-08-19T19:07:16Z</time>
      </trkpt>
      <trkpt lat="46.23393" lon="11.982750000000001">
        <time>2026-08-19T19:07:16Z</time>
      </trkpt>
      <trkpt lat="46.233920000000005" lon="11.98276">
        <time>2026-08-19T19:07:17Z</time>
      </trkpt>
      <trkpt lat="46.23391" lon="11.98277">
        <time>2026-08-19T19:07:18Z</time>
      </trkpt>
      <trkpt lat="46.23389" lon="11.982780000000002">
        <time>2026-08-19T19:07:20Z</time>
      </trkpt>
      <trkpt lat="46.233880000000006" lon="11.982790000000001">
        <time>2026-08-19T19:07:20Z</time>
      </trkpt>
      <trkpt lat="46.23387" lon="11.982800000000001">
        <time>2026-08-19T19:07:21Z</time>
      </trkpt>
      <trkpt lat="46.233850000000004" lon="11.982800000000001">
        <time>2026-08-19T19:07:23Z</time>
      </trkpt>
      <trkpt lat="46.23384" lon="11.98281">
        <time>2026-08-19T19:07:24Z</time>
      </trkpt>
      <trkpt lat="46.233830000000005" lon="11.98282">
        <time>2026-08-19T19:07:24Z</time>
      </trkpt>
      <trkpt lat="46.233810000000005" lon="11.98282">
        <time>2026-08-19T19:07:26Z</time>
      </trkpt>
      <trkpt lat="46.2338" lon="11.982830000000002">
        <time>2026-08-19T19:07:27Z</time>
      </trkpt>
      <trkpt lat="46.23378" lon="11.982840000000001">
        <time>2026-08-19T19:07:28Z</time>
      </trkpt>
      <trkpt lat="46.23377000000001" lon="11.982840000000001">
        <time>2026-08-19T19:07:29Z</time>
      </trkpt>
      <trkpt lat="46.233760000000004" lon="11.982850000000001">
        <time>2026-08-19T19:07:30Z</time>
      </trkpt>
      <trkpt lat="46.233740000000004" lon="11.982850000000001">
        <time>2026-08-19T19:07:31Z</time>
      </trkpt>
      <trkpt lat="46.23373" lon="11.98286">
        <time>2026-08-19T19:07:32Z</time>
      </trkpt>
      <trkpt lat="46.233720000000005" lon="11.98286">
        <time>2026-08-19T19:07:33Z</time>
      </trkpt>
      <trkpt lat="46.233700000000006" lon="11.98287">
        <time>2026-08-19T19:07:34Z</time>
      </trkpt>
      <trkpt lat="46.23369" lon="11.982880000000002">
        <time>2026-08-19T19:07:35Z</time>
      </trkpt>
      <trkpt lat="46.23368000000001" lon="11.982890000000001">
        <time>2026-08-19T19:07:36Z</time>
      </trkpt>
      <trkpt lat="46.23366" lon="11.9829">
        <time>2026-08-19T19:07:37Z</time>
      </trkpt>
      <trkpt lat="46.233650000000004" lon="11.98291">
        <time>2026-08-19T19:07:38Z</time>
      </trkpt>
      <trkpt lat="46.23364" lon="11.982930000000001">
        <time>2026-08-19T19:07:40Z</time>
      </trkpt>
      <trkpt lat="46.233630000000005" lon="11.982940000000001">
        <time>2026-08-19T19:07:40Z</time>
      </trkpt>
      <trkpt lat="46.23362" lon="11.98296">
        <time>2026-08-19T19:07:42Z</time>
      </trkpt>
      <trkpt lat="46.233610000000006" lon="11.982970000000002">
        <time>2026-08-19T19:07:42Z</time>
      </trkpt>
      <trkpt lat="46.2336" lon="11.982990000000001">
        <time>2026-08-19T19:07:44Z</time>
      </trkpt>
      <trkpt lat="46.23359000000001" lon="11.983">
        <time>2026-08-19T19:07:45Z</time>
      </trkpt>
      <trkpt lat="46.23358" lon="11.983020000000002">
        <time>2026-08-19T19:07:46Z</time>
      </trkpt>
      <trkpt lat="46.23357" lon="11.983030000000001">
        <time>2026-08-19T19:07:47Z</time>
      </trkpt>
      <trkpt lat="46.233560000000004" lon="11.98305">
        <time>2026-08-19T19:07:48Z</time>
      </trkpt>
      <trkpt lat="46.233560000000004" lon="11.983060000000002">
        <time>2026-08-19T19:07:48Z</time>
      </trkpt>
      <trkpt lat="46.23355" lon="11.983080000000001">
        <time>2026-08-19T19:07:50Z</time>
      </trkpt>
      <trkpt lat="46.233540000000005" lon="11.9831">
        <time>2026-08-19T19:07:51Z</time>
      </trkpt>
      <trkpt lat="46.233540000000005" lon="11.983120000000001">
        <time>2026-08-19T19:07:52Z</time>
      </trkpt>
      <trkpt lat="46.23353" lon="11.98314">
        <time>2026-08-19T19:07:53Z</time>
      </trkpt>
      <trkpt lat="46.233520000000006" lon="11.98315">
        <time>2026-08-19T19:07:54Z</time>
      </trkpt>
      <trkpt lat="46.233520000000006" lon="11.983170000000001">
        <time>2026-08-19T19:07:55Z</time>
      </trkpt>
      <trkpt lat="46.23351" lon="11.98319">
        <time>2026-08-19T19:07:56Z</time>
      </trkpt>
      <trkpt lat="46.23351" lon="11.983210000000001">
        <time>2026-08-19T19:07:57Z</time>
      </trkpt>
      <trkpt lat="46.23350000000001" lon="11.98323">
        <time>2026-08-19T19:07:58Z</time>
      </trkpt>
      <trkpt lat="46.23349" lon="11.98324">
        <time>2026-08-19T19:07:59Z</time>
      </trkpt>
      <trkpt lat="46.23348000000001" lon="11.983260000000001">
        <time>2026-08-19T19:08:00Z</time>
      </trkpt>
      <trkpt lat="46.233470000000004" lon="11.983270000000001">
        <time>2026-08-19T19:08:01Z</time>
      </trkpt>
      <trkpt lat="46.23346" lon="11.98328">
        <time>2026-08-19T19:08:02Z</time>
      </trkpt>
      <trkpt lat="46.233450000000005" lon="11.98329">
        <time>2026-08-19T19:08:03Z</time>
      </trkpt>
      <trkpt lat="46.233430000000006" lon="11.983310000000001">
        <time>2026-08-19T19:08:04Z</time>
      </trkpt>
      <trkpt lat="46.23342" lon="11.983310000000001">
        <time>2026-08-19T19:08:05Z</time>
      </trkpt>
      <trkpt lat="46.233410000000006" lon="11.98332">
        <time>2026-08-19T19:08:06Z</time>
      </trkpt>
      <trkpt lat="46.2334" lon="11.98332">
        <time>2026-08-19T19:08:07Z</time>
      </trkpt>
      <trkpt lat="46.233380000000004" lon="11.98332">
        <time>2026-08-19T19:08:08Z</time>
      </trkpt>
      <trkpt lat="46.233360000000005" lon="11.98333">
        <time>2026-08-19T19:08:10Z</time>
      </trkpt>
      <trkpt lat="46.23335" lon="11.98333">
        <time>2026-08-19T19:08:10Z</time>
      </trkpt>
      <trkpt lat="46.23333" lon="11.98334">
        <time>2026-08-19T19:08:12Z</time>
      </trkpt>
      <trkpt lat="46.233320000000006" lon="11.98334">
        <time>2026-08-19T19:08:13Z</time>
      </trkpt>
      <trkpt lat="46.23331" lon="11.983350000000002">
        <time>2026-08-19T19:08:13Z</time>
      </trkpt>
      <trkpt lat="46.23330000000001" lon="11.983360000000001">
        <time>2026-08-19T19:08:14Z</time>
      </trkpt>
      <trkpt lat="46.23328" lon="11.983360000000001">
        <time>2026-08-19T19:08:16Z</time>
      </trkpt>
      <trkpt lat="46.233270000000005" lon="11.98338">
        <time>2026-08-19T19:08:17Z</time>
      </trkpt>
      <trkpt lat="46.23326" lon="11.983390000000002">
        <time>2026-08-19T19:08:18Z</time>
      </trkpt>
      <trkpt lat="46.233250000000005" lon="11.983400000000001">
        <time>2026-08-19T19:08:19Z</time>
      </trkpt>
      <trkpt lat="46.233230000000006" lon="11.98342">
        <time>2026-08-19T19:08:20Z</time>
      </trkpt>
      <trkpt lat="46.23322" lon="11.98343">
        <time>2026-08-19T19:08:21Z</time>
      </trkpt>
      <trkpt lat="46.23321000000001" lon="11.983440000000002">
        <time>2026-08-19T19:08:22Z</time>
      </trkpt>
      <trkpt lat="46.233200000000004" lon="11.983460000000001">
        <time>2026-08-19T19:08:23Z</time>
      </trkpt>
      <trkpt lat="46.23319" lon="11.98347">
        <time>2026-08-19T19:08:24Z</time>
      </trkpt>
      <trkpt lat="46.233180000000004" lon="11.983490000000002">
        <time>2026-08-19T19:08:25Z</time>
      </trkpt>
      <trkpt lat="46.23317" lon="11.98351">
        <time>2026-08-19T19:08:27Z</time>
      </trkpt>
      <trkpt lat="46.233160000000005" lon="11.98352">
        <time>2026-08-19T19:08:27Z</time>
      </trkpt>
      <trkpt lat="46.23315" lon="11.983540000000001">
        <time>2026-08-19T19:08:29Z</time>
      </trkpt>
      <trkpt lat="46.233140000000006" lon="11.983550000000001">
        <time>2026-08-19T19:08:29Z</time>
      </trkpt>
      <trkpt lat="46.23313" lon="11.98357">
        <time>2026-08-19T19:08:31Z</time>
      </trkpt>
      <trkpt lat="46.23312000000001" lon="11.983580000000002">
        <time>2026-08-19T19:08:32Z</time>
      </trkpt>
      <trkpt lat="46.23311" lon="11.983600000000001">
        <time>2026-08-19T19:08:33Z</time>
      </trkpt>
      <trkpt lat="46.2331" lon="11.98361">
        <time>2026-08-19T19:08:34Z</time>
      </trkpt>
      <trkpt lat="46.233090000000004" lon="11.983630000000002">
        <time>2026-08-19T19:08:35Z</time>
      </trkpt>
      <trkpt lat="46.23308" lon="11.983640000000001">
        <time>2026-08-19T19:08:36Z</time>
      </trkpt>
      <trkpt lat="46.233070000000005" lon="11.98366">
        <time>2026-08-19T19:08:37Z</time>
      </trkpt>
      <trkpt lat="46.233070000000005" lon="11.983680000000001">
        <time>2026-08-19T19:08:38Z</time>
      </trkpt>
      <trkpt lat="46.23306" lon="11.9837">
        <time>2026-08-19T19:08:39Z</time>
      </trkpt>
      <trkpt lat="46.23306" lon="11.98371">
        <time>2026-08-19T19:08:40Z</time>
      </trkpt>
      <trkpt lat="46.233050000000006" lon="11.983730000000001">
        <time>2026-08-19T19:08:41Z</time>
      </trkpt>
      <trkpt lat="46.23304" lon="11.98375">
        <time>2026-08-19T19:08:42Z</time>
      </trkpt>
      <trkpt lat="46.23304" lon="11.983770000000002">
        <time>2026-08-19T19:08:43Z</time>
      </trkpt>
      <trkpt lat="46.23303000000001" lon="11.98379">
        <time>2026-08-19T19:08:44Z</time>
      </trkpt>
      <trkpt lat="46.23302" lon="11.983810000000002">
        <time>2026-08-19T19:08:45Z</time>
      </trkpt>
      <trkpt lat="46.23302" lon="11.983830000000001">
        <time>2026-08-19T19:08:46Z</time>
      </trkpt>
      <trkpt lat="46.23301000000001" lon="11.98385">
        <time>2026-08-19T19:08:48Z</time>
      </trkpt>
      <trkpt lat="46.23301000000001" lon="11.983870000000001">
        <time>2026-08-19T19:08:49Z</time>
      </trkpt>
      <trkpt lat="46.23301000000001" lon="11.98389">
        <time>2026-08-19T19:08:50Z</time>
      </trkpt>
      <trkpt lat="46.23301000000001" lon="11.983920000000001">
        <time>2026-08-19T19:08:51Z</time>
      </trkpt>
      <trkpt lat="46.233000000000004" lon="11.98394">
        <time>2026-08-19T19:08:52Z</time>
      </trkpt>
      <trkpt lat="46.233000000000004" lon="11.983960000000002">
        <time>2026-08-19T19:08:53Z</time>
      </trkpt>
      <trkpt lat="46.233000000000004" lon="11.98398">
        <time>2026-08-19T19:08:54Z</time>
      </trkpt>
      <trkpt lat="46.233000000000004" lon="11.984000000000002">
        <time>2026-08-19T19:08:55Z</time>
      </trkpt>
      <trkpt lat="46.233000000000004" lon="11.984020000000001">
        <time>2026-08-19T19:08:56Z</time>
      </trkpt>
      <trkpt lat="46.23301000000001" lon="11.98404">
        <time>2026-08-19T19:08:57Z</time>
      </trkpt>
      <trkpt lat="46.23301000000001" lon="11.984070000000001">
        <time>2026-08-19T19:08:59Z</time>
      </trkpt>
      <trkpt lat="46.23301000000001" lon="11.98409">
        <time>2026-08-19T19:09:00Z</time>
      </trkpt>
      <trkpt lat="46.23301000000001" lon="11.984110000000001">
        <time>2026-08-19T19:09:01Z</time>
      </trkpt>
      <trkpt lat="46.23301000000001" lon="11.98413">
        <time>2026-08-19T19:09:02Z</time>
      </trkpt>
      <trkpt lat="46.23301000000001" lon="11.984150000000001">
        <time>2026-08-19T19:09:03Z</time>
      </trkpt>
      <trkpt lat="46.23301000000001" lon="11.98417">
        <time>2026-08-19T19:09:04Z</time>
      </trkpt>
      <trkpt lat="46.23302" lon="11.984190000000002">
        <time>2026-08-19T19:09:05Z</time>
      </trkpt>
      <trkpt lat="46.23302" lon="11.984210000000001">
        <time>2026-08-19T19:09:06Z</time>
      </trkpt>
      <trkpt lat="46.23302" lon="11.98423">
        <time>2026-08-19T19:09:07Z</time>
      </trkpt>
      <trkpt lat="46.23302" lon="11.98426">
        <time>2026-08-19T19:09:08Z</time>
      </trkpt>
      <trkpt lat="46.23303000000001" lon="11.984280000000002">
        <time>2026-08-19T19:09:10Z</time>
      </trkpt>
      <trkpt lat="46.23303000000001" lon="11.984300000000001">
        <time>2026-08-19T19:09:10Z</time>
      </trkpt>
      <trkpt lat="46.23303000000001" lon="11.98432">
        <time>2026-08-19T19:09:11Z</time>
      </trkpt>
      <trkpt lat="46.23303000000001" lon="11.984340000000001">
        <time>2026-08-19T19:09:12Z</time>
      </trkpt>
      <trkpt lat="46.23303000000001" lon="11.98436">
        <time>2026-08-19T19:09:13Z</time>
      </trkpt>
      <trkpt lat="46.23303000000001" lon="11.984380000000002">
        <time>2026-08-19T19:09:14Z</time>
      </trkpt>
      <trkpt lat="46.23303000000001" lon="11.984390000000001">
        <time>2026-08-19T19:09:15Z</time>
      </trkpt>
      <trkpt lat="46.23302" lon="11.98441">
        <time>2026-08-19T19:09:16Z</time>
      </trkpt>
      <trkpt lat="46.23302" lon="11.984430000000001">
        <time>2026-08-19T19:09:17Z</time>
      </trkpt>
      <trkpt lat="46.23301000000001" lon="11.98445">
        <time>2026-08-19T19:09:18Z</time>
      </trkpt>
      <trkpt lat="46.233000000000004" lon="11.98446">
        <time>2026-08-19T19:09:19Z</time>
      </trkpt>
      <trkpt lat="46.23299" lon="11.984480000000001">
        <time>2026-08-19T19:09:20Z</time>
      </trkpt>
      <trkpt lat="46.232980000000005" lon="11.9845">
        <time>2026-08-19T19:09:22Z</time>
      </trkpt>
      <trkpt lat="46.23297" lon="11.98451">
        <time>2026-08-19T19:09:22Z</time>
      </trkpt>
      <trkpt lat="46.232960000000006" lon="11.984530000000001">
        <time>2026-08-19T19:09:24Z</time>
      </trkpt>
      <trkpt lat="46.23295" lon="11.98454">
        <time>2026-08-19T19:09:24Z</time>
      </trkpt>
      <trkpt lat="46.232940000000006" lon="11.98456">
        <time>2026-08-19T19:09:26Z</time>
      </trkpt>
      <trkpt lat="46.23292000000001" lon="11.984570000000001">
        <time>2026-08-19T19:09:27Z</time>
      </trkpt>
      <trkpt lat="46.232910000000004" lon="11.98459">
        <time>2026-08-19T19:09:28Z</time>
      </trkpt>
      <trkpt lat="46.2329" lon="11.9846">
        <time>2026-08-19T19:09:29Z</time>
      </trkpt>
      <trkpt lat="46.232890000000005" lon="11.984620000000001">
        <time>2026-08-19T19:09:30Z</time>
      </trkpt>
      <trkpt lat="46.23288" lon="11.984630000000001">
        <time>2026-08-19T19:09:31Z</time>
      </trkpt>
      <trkpt lat="46.232870000000005" lon="11.98465">
        <time>2026-08-19T19:09:33Z</time>
      </trkpt>
      <trkpt lat="46.23286" lon="11.984670000000001">
        <time>2026-08-19T19:09:34Z</time>
      </trkpt>
      <trkpt lat="46.232850000000006" lon="11.98469">
        <time>2026-08-19T19:09:35Z</time>
      </trkpt>
      <trkpt lat="46.23284" lon="11.984710000000002">
        <time>2026-08-19T19:09:36Z</time>
      </trkpt>
      <trkpt lat="46.23284" lon="11.98473">
        <time>2026-08-19T19:09:37Z</time>
      </trkpt>
      <trkpt lat="46.23283000000001" lon="11.984760000000001">
        <time>2026-08-19T19:09:39Z</time>
      </trkpt>
      <trkpt lat="46.23283000000001" lon="11.98478">
        <time>2026-08-19T19:09:40Z</time>
      </trkpt>
      <trkpt lat="46.23283000000001" lon="11.984800000000002">
        <time>2026-08-19T19:09:41Z</time>
      </trkpt>
      <trkpt lat="46.23283000000001" lon="11.984820000000001">
        <time>2026-08-19T19:09:42Z</time>
      </trkpt>
      <trkpt lat="46.23284" lon="11.98484">
        <time>2026-08-19T19:09:43Z</time>
      </trkpt>
      <trkpt lat="46.23284" lon="11.984860000000001">
        <time>2026-08-19T19:09:44Z</time>
      </trkpt>
      <trkpt lat="46.23284" lon="11.98488">
        <time>2026-08-19T19:09:45Z</time>
      </trkpt>
      <trkpt lat="46.232850000000006" lon="11.984900000000001">
        <time>2026-08-19T19:09:46Z</time>
      </trkpt>
      <trkpt lat="46.232850000000006" lon="11.98492">
        <time>2026-08-19T19:09:47Z</time>
      </trkpt>
      <trkpt lat="46.23286" lon="11.984940000000002">
        <time>2026-08-19T19:09:48Z</time>
      </trkpt>
      <trkpt lat="46.23286" lon="11.984960000000001">
        <time>2026-08-19T19:09:49Z</time>
      </trkpt>
      <trkpt lat="46.23286" lon="11.98498">
        <time>2026-08-19T19:09:50Z</time>
      </trkpt>
      <trkpt lat="46.232870000000005" lon="11.985000000000001">
        <time>2026-08-19T19:09:51Z</time>
      </trkpt>
      <trkpt lat="46.23288" lon="11.98502">
        <time>2026-08-19T19:09:53Z</time>
      </trkpt>
      <trkpt lat="46.23288" lon="11.985040000000001">
        <time>2026-08-19T19:09:54Z</time>
      </trkpt>
      <trkpt lat="46.232890000000005" lon="11.98506">
        <time>2026-08-19T19:09:55Z</time>
      </trkpt>
      <trkpt lat="46.2329" lon="11.98507">
        <time>2026-08-19T19:09:56Z</time>
      </trkpt>
      <trkpt lat="46.232910000000004" lon="11.985090000000001">
        <time>2026-08-19T19:09:57Z</time>
      </trkpt>
      <trkpt lat="46.23292000000001" lon="11.98511">
        <time>2026-08-19T19:09:58Z</time>
      </trkpt>
      <trkpt lat="46.23292000000001" lon="11.985130000000002">
        <time>2026-08-19T19:09:59Z</time>
      </trkpt>
      <trkpt lat="46.23293" lon="11.98515">
        <time>2026-08-19T19:10:00Z</time>
      </trkpt>
      <trkpt lat="46.232940000000006" lon="11.98517">
        <time>2026-08-19T19:10:01Z</time>
      </trkpt>
      <trkpt lat="46.232940000000006" lon="11.985190000000001">
        <time>2026-08-19T19:10:02Z</time>
      </trkpt>
      <trkpt lat="46.23295" lon="11.98521">
        <time>2026-08-19T19:10:04Z</time>
      </trkpt>
      <trkpt lat="46.23295" lon="11.985230000000001">
        <time>2026-08-19T19:10:05Z</time>
      </trkpt>
      <trkpt lat="46.232960000000006" lon="11.98525">
        <time>2026-08-19T19:10:06Z</time>
      </trkpt>
      <trkpt lat="46.232960000000006" lon="11.985270000000002">
        <time>2026-08-19T19:10:07Z</time>
      </trkpt>
      <trkpt lat="46.23297" lon="11.98529">
        <time>2026-08-19T19:10:08Z</time>
      </trkpt>
      <trkpt lat="46.23297" lon="11.98531">
        <time>2026-08-19T19:10:09Z</time>
      </trkpt>
      <trkpt lat="46.232980000000005" lon="11.985330000000001">
        <time>2026-08-19T19:10:10Z</time>
      </trkpt>
      <trkpt lat="46.232980000000005" lon="11.98535">
        <time>2026-08-19T19:10:11Z</time>
      </trkpt>
      <trkpt lat="46.23299" lon="11.985370000000001">
        <time>2026-08-19T19:10:12Z</time>
      </trkpt>
      <trkpt lat="46.23299" lon="11.98539">
        <time>2026-08-19T19:10:13Z</time>
      </trkpt>
      <trkpt lat="46.233000000000004" lon="11.985410000000002">
        <time>2026-08-19T19:10:15Z</time>
      </trkpt>
      <trkpt lat="46.23301000000001" lon="11.985430000000001">
        <time>2026-08-19T19:10:16Z</time>
      </trkpt>
      <trkpt lat="46.23302" lon="11.98545">
        <time>2026-08-19T19:10:17Z</time>
      </trkpt>
      <trkpt lat="46.23303000000001" lon="11.985460000000002">
        <time>2026-08-19T19:10:18Z</time>
      </trkpt>
      <trkpt lat="46.23304" lon="11.98548">
        <time>2026-08-19T19:10:19Z</time>
      </trkpt>
      <trkpt lat="46.23304" lon="11.985500000000002">
        <time>2026-08-19T19:10:20Z</time>
      </trkpt>
      <trkpt lat="46.233050000000006" lon="11.985520000000001">
        <time>2026-08-19T19:10:21Z</time>
      </trkpt>
      <trkpt lat="46.23306" lon="11.985550000000002">
        <time>2026-08-19T19:10:23Z</time>
      </trkpt>
      <trkpt lat="46.23306" lon="11.985560000000001">
        <time>2026-08-19T19:10:23Z</time>
      </trkpt>
      <trkpt lat="46.233070000000005" lon="11.98559">
        <time>2026-08-19T19:10:25Z</time>
      </trkpt>
      <trkpt lat="46.233070000000005" lon="11.985610000000001">
        <time>2026-08-19T19:10:26Z</time>
      </trkpt>
      <trkpt lat="46.23308" lon="11.98563">
        <time>2026-08-19T19:10:27Z</time>
      </trkpt>
      <trkpt lat="46.233090000000004" lon="11.985650000000001">
        <time>2026-08-19T19:10:28Z</time>
      </trkpt>
      <trkpt lat="46.233090000000004" lon="11.98567">
        <time>2026-08-19T19:10:29Z</time>
      </trkpt>
      <trkpt lat="46.2331" lon="11.98568">
        <time>2026-08-19T19:10:30Z</time>
      </trkpt>
      <trkpt lat="46.2331" lon="11.985700000000001">
        <time>2026-08-19T19:10:31Z</time>
      </trkpt>
      <trkpt lat="46.23311" lon="11.98572">
        <time>2026-08-19T19:10:32Z</time>
      </trkpt>
      <trkpt lat="46.23312000000001" lon="11.985740000000002">
        <time>2026-08-19T19:10:34Z</time>
      </trkpt>
      <trkpt lat="46.23313" lon="11.98576">
        <time>2026-08-19T19:10:35Z</time>
      </trkpt>
      <trkpt lat="46.233140000000006" lon="11.98578">
        <time>2026-08-19T19:10:36Z</time>
      </trkpt>
      <trkpt lat="46.233140000000006" lon="11.985790000000001">
        <time>2026-08-19T19:10:36Z</time>
      </trkpt>
      <trkpt lat="46.23315" lon="11.98581">
        <time>2026-08-19T19:10:38Z</time>
      </trkpt>
      <trkpt lat="46.233160000000005" lon="11.985830000000002">
        <time>2026-08-19T19:10:39Z</time>
      </trkpt>
      <trkpt lat="46.23317" lon="11.985840000000001">
        <time>2026-08-19T19:10:40Z</time>
      </trkpt>
      <trkpt lat="46.233180000000004" lon="11.98586">
        <time>2026-08-19T19:10:41Z</time>
      </trkpt>
      <trkpt lat="46.23319" lon="11.985880000000002">
        <time>2026-08-19T19:10:42Z</time>
      </trkpt>
      <trkpt lat="46.233200000000004" lon="11.985890000000001">
        <time>2026-08-19T19:10:43Z</time>
      </trkpt>
      <trkpt lat="46.23321000000001" lon="11.98591">
        <time>2026-08-19T19:10:44Z</time>
      </trkpt>
      <trkpt lat="46.23322" lon="11.985930000000002">
        <time>2026-08-19T19:10:45Z</time>
      </trkpt>
      <trkpt lat="46.233230000000006" lon="11.98595">
        <time>2026-08-19T19:10:47Z</time>
      </trkpt>
      <trkpt lat="46.233230000000006" lon="11.98596">
        <time>2026-08-19T19:10:47Z</time>
      </trkpt>
      <trkpt lat="46.23324" lon="11.985980000000001">
        <time>2026-08-19T19:10:48Z</time>
      </trkpt>
      <trkpt lat="46.233250000000005" lon="11.986">
        <time>2026-08-19T19:10:50Z</time>
      </trkpt>
      <trkpt lat="46.23326" lon="11.986020000000002">
        <time>2026-08-19T19:10:51Z</time>
      </trkpt>
      <trkpt lat="46.23326" lon="11.986040000000001">
        <time>2026-08-19T19:10:52Z</time>
      </trkpt>
      <trkpt lat="46.233270000000005" lon="11.986070000000002">
        <time>2026-08-19T19:10:53Z</time>
      </trkpt>
      <trkpt lat="46.233270000000005" lon="11.98609">
        <time>2026-08-19T19:10:54Z</time>
      </trkpt>
      <trkpt lat="46.23328" lon="11.986110000000002">
        <time>2026-08-19T19:10:56Z</time>
      </trkpt>
      <trkpt lat="46.23328" lon="11.986130000000001">
        <time>2026-08-19T19:10:57Z</time>
      </trkpt>
      <trkpt lat="46.23328" lon="11.98615">
        <time>2026-08-19T19:10:58Z</time>
      </trkpt>
      <trkpt lat="46.23328" lon="11.986180000000001">
        <time>2026-08-19T19:10:59Z</time>
      </trkpt>
      <trkpt lat="46.23328" lon="11.9862">
        <time>2026-08-19T19:11:00Z</time>
      </trkpt>
      <trkpt lat="46.23328" lon="11.986220000000001">
        <time>2026-08-19T19:11:01Z</time>
      </trkpt>
      <trkpt lat="46.23328" lon="11.98624">
        <time>2026-08-19T19:11:02Z</time>
      </trkpt>
      <trkpt lat="46.23328" lon="11.986260000000001">
        <time>2026-08-19T19:11:03Z</time>
      </trkpt>
      <trkpt lat="46.233270000000005" lon="11.98628">
        <time>2026-08-19T19:11:04Z</time>
      </trkpt>
      <trkpt lat="46.233270000000005" lon="11.986300000000002">
        <time>2026-08-19T19:11:05Z</time>
      </trkpt>
      <trkpt lat="46.233270000000005" lon="11.986320000000001">
        <time>2026-08-19T19:11:06Z</time>
      </trkpt>
      <trkpt lat="46.23326" lon="11.98634">
        <time>2026-08-19T19:11:07Z</time>
      </trkpt>
      <trkpt lat="46.23326" lon="11.986360000000001">
        <time>2026-08-19T19:11:08Z</time>
      </trkpt>
      <trkpt lat="46.23326" lon="11.98638">
        <time>2026-08-19T19:11:09Z</time>
      </trkpt>
      <trkpt lat="46.233250000000005" lon="11.986400000000001">
        <time>2026-08-19T19:11:10Z</time>
      </trkpt>
      <trkpt lat="46.233250000000005" lon="11.98642">
        <time>2026-08-19T19:11:11Z</time>
      </trkpt>
      <trkpt lat="46.23324" lon="11.986440000000002">
        <time>2026-08-19T19:11:13Z</time>
      </trkpt>
      <trkpt lat="46.233230000000006" lon="11.986460000000001">
        <time>2026-08-19T19:11:14Z</time>
      </trkpt>
      <trkpt lat="46.233230000000006" lon="11.98648">
        <time>2026-08-19T19:11:15Z</time>
      </trkpt>
      <trkpt lat="46.23322" lon="11.986500000000001">
        <time>2026-08-19T19:11:16Z</time>
      </trkpt>
      <trkpt lat="46.23322" lon="11.98652">
        <time>2026-08-19T19:11:17Z</time>
      </trkpt>
      <trkpt lat="46.23321000000001" lon="11.986540000000002">
        <time>2026-08-19T19:11:18Z</time>
      </trkpt>
      <trkpt lat="46.233200000000004" lon="11.98656">
        <time>2026-08-19T19:11:19Z</time>
      </trkpt>
      <trkpt lat="46.233200000000004" lon="11.986580000000002">
        <time>2026-08-19T19:11:20Z</time>
      </trkpt>
      <trkpt lat="46.23319" lon="11.986600000000001">
        <time>2026-08-19T19:11:22Z</time>
      </trkpt>
      <trkpt lat="46.233180000000004" lon="11.98662">
        <time>2026-08-19T19:11:23Z</time>
      </trkpt>
      <trkpt lat="46.233180000000004" lon="11.986640000000001">
        <time>2026-08-19T19:11:24Z</time>
      </trkpt>
      <trkpt lat="46.23317" lon="11.98666">
        <time>2026-08-19T19:11:25Z</time>
      </trkpt>
      <trkpt lat="46.23317" lon="11.986680000000002">
        <time>2026-08-19T19:11:26Z</time>
      </trkpt>
      <trkpt lat="46.233160000000005" lon="11.9867">
        <time>2026-08-19T19:11:27Z</time>
      </trkpt>
      <trkpt lat="46.23315" lon="11.986720000000002">
        <time>2026-08-19T19:11:28Z</time>
      </trkpt>
      <trkpt lat="46.23315" lon="11.986740000000001">
        <time>2026-08-19T19:11:29Z</time>
      </trkpt>
      <trkpt lat="46.233140000000006" lon="11.98676">
        <time>2026-08-19T19:11:31Z</time>
      </trkpt>
      <trkpt lat="46.233140000000006" lon="11.986780000000001">
        <time>2026-08-19T19:11:32Z</time>
      </trkpt>
      <trkpt lat="46.233140000000006" lon="11.9868">
        <time>2026-08-19T19:11:33Z</time>
      </trkpt>
      <trkpt lat="46.23313" lon="11.986820000000002">
        <time>2026-08-19T19:11:34Z</time>
      </trkpt>
      <trkpt lat="46.23313" lon="11.98684">
        <time>2026-08-19T19:11:35Z</time>
      </trkpt>
      <trkpt lat="46.23313" lon="11.986860000000002">
        <time>2026-08-19T19:11:36Z</time>
      </trkpt>
      <trkpt lat="46.23312000000001" lon="11.986880000000001">
        <time>2026-08-19T19:11:37Z</time>
      </trkpt>
      <trkpt lat="46.23312000000001" lon="11.9869">
        <time>2026-08-19T19:11:38Z</time>
      </trkpt>
      <trkpt lat="46.23312000000001" lon="11.986920000000001">
        <time>2026-08-19T19:11:39Z</time>
      </trkpt>
      <trkpt lat="46.23312000000001" lon="11.98695">
        <time>2026-08-19T19:11:40Z</time>
      </trkpt>
      <trkpt lat="46.23312000000001" lon="11.986970000000001">
        <time>2026-08-19T19:11:41Z</time>
      </trkpt>
      <trkpt lat="46.23312000000001" lon="11.98699">
        <time>2026-08-19T19:11:42Z</time>
      </trkpt>
      <trkpt lat="46.23312000000001" lon="11.987020000000001">
        <time>2026-08-19T19:11:44Z</time>
      </trkpt>
      <trkpt lat="46.23312000000001" lon="11.98704">
        <time>2026-08-19T19:11:45Z</time>
      </trkpt>
      <trkpt lat="46.23312000000001" lon="11.987060000000001">
        <time>2026-08-19T19:11:46Z</time>
      </trkpt>
      <trkpt lat="46.23312000000001" lon="11.98708">
        <time>2026-08-19T19:11:47Z</time>
      </trkpt>
      <trkpt lat="46.23311" lon="11.987100000000002">
        <time>2026-08-19T19:11:48Z</time>
      </trkpt>
      <trkpt lat="46.23312000000001" lon="11.987110000000001">
        <time>2026-08-19T19:11:49Z</time>
      </trkpt>
      <trkpt lat="46.23312000000001" lon="11.98713">
        <time>2026-08-19T19:11:50Z</time>
      </trkpt>
      <trkpt lat="46.23312000000001" lon="11.987150000000002">
        <time>2026-08-19T19:11:51Z</time>
      </trkpt>
      <trkpt lat="46.23312000000001" lon="11.98717">
        <time>2026-08-19T19:11:52Z</time>
      </trkpt>
      <trkpt lat="46.23312000000001" lon="11.987190000000002">
        <time>2026-08-19T19:11:53Z</time>
      </trkpt>
      <trkpt lat="46.23312000000001" lon="11.987210000000001">
        <time>2026-08-19T19:11:54Z</time>
      </trkpt>
      <trkpt lat="46.23313" lon="11.98723">
        <time>2026-08-19T19:11:55Z</time>
      </trkpt>
      <trkpt lat="46.23313" lon="11.987250000000001">
        <time>2026-08-19T19:11:56Z</time>
      </trkpt>
      <trkpt lat="46.233140000000006" lon="11.98727">
        <time>2026-08-19T19:11:57Z</time>
      </trkpt>
      <trkpt lat="46.233140000000006" lon="11.98728">
        <time>2026-08-19T19:11:57Z</time>
      </trkpt>
      <trkpt lat="46.23315" lon="11.987300000000001">
        <time>2026-08-19T19:11:59Z</time>
      </trkpt>
      <trkpt lat="46.23315" lon="11.98732">
        <time>2026-08-19T19:12:00Z</time>
      </trkpt>
      <trkpt lat="46.23315" lon="11.987340000000001">
        <time>2026-08-19T19:12:01Z</time>
      </trkpt>
      <trkpt lat="46.23315" lon="11.98736">
        <time>2026-08-19T19:12:02Z</time>
      </trkpt>
      <trkpt lat="46.233160000000005" lon="11.987380000000002">
        <time>2026-08-19T19:12:03Z</time>
      </trkpt>
      <trkpt lat="46.233160000000005" lon="11.987400000000001">
        <time>2026-08-19T19:12:04Z</time>
      </trkpt>
      <trkpt lat="46.233160000000005" lon="11.98742">
        <time>2026-08-19T19:12:05Z</time>
      </trkpt>
      <trkpt lat="46.233160000000005" lon="11.987440000000001">
        <time>2026-08-19T19:12:06Z</time>
      </trkpt>
      <trkpt lat="46.23317" lon="11.98746">
        <time>2026-08-19T19:12:07Z</time>
      </trkpt>
      <trkpt lat="46.23317" lon="11.987480000000001">
        <time>2026-08-19T19:12:08Z</time>
      </trkpt>
      <trkpt lat="46.23317" lon="11.9875">
        <time>2026-08-19T19:12:09Z</time>
      </trkpt>
      <trkpt lat="46.23317" lon="11.987530000000001">
        <time>2026-08-19T19:12:10Z</time>
      </trkpt>
      <trkpt lat="46.23317" lon="11.98755">
        <time>2026-08-19T19:12:11Z</time>
      </trkpt>
      <trkpt lat="46.23317" lon="11.987570000000002">
        <time>2026-08-19T19:12:12Z</time>
      </trkpt>
      <trkpt lat="46.233160000000005" lon="11.98759">
        <time>2026-08-19T19:12:14Z</time>
      </trkpt>
      <trkpt lat="46.233160000000005" lon="11.98761">
        <time>2026-08-19T19:12:15Z</time>
      </trkpt>
      <trkpt lat="46.233160000000005" lon="11.987630000000001">
        <time>2026-08-19T19:12:16Z</time>
      </trkpt>
      <trkpt lat="46.23315" lon="11.98765">
        <time>2026-08-19T19:12:17Z</time>
      </trkpt>
      <trkpt lat="46.23315" lon="11.987670000000001">
        <time>2026-08-19T19:12:18Z</time>
      </trkpt>
      <trkpt lat="46.23315" lon="11.98769">
        <time>2026-08-19T19:12:19Z</time>
      </trkpt>
      <trkpt lat="46.23315" lon="11.987710000000002">
        <time>2026-08-19T19:12:20Z</time>
      </trkpt>
      <trkpt lat="46.23315" lon="11.98773">
        <time>2026-08-19T19:12:21Z</time>
      </trkpt>
      <trkpt lat="46.233140000000006" lon="11.98775">
        <time>2026-08-19T19:12:22Z</time>
      </trkpt>
      <trkpt lat="46.233140000000006" lon="11.987770000000001">
        <time>2026-08-19T19:12:23Z</time>
      </trkpt>
      <trkpt lat="46.23313" lon="11.98779">
        <time>2026-08-19T19:12:24Z</time>
      </trkpt>
      <trkpt lat="46.23313" lon="11.987810000000001">
        <time>2026-08-19T19:12:25Z</time>
      </trkpt>
      <trkpt lat="46.23312000000001" lon="11.98783">
        <time>2026-08-19T19:12:26Z</time>
      </trkpt>
      <trkpt lat="46.23312000000001" lon="11.987850000000002">
        <time>2026-08-19T19:12:27Z</time>
      </trkpt>
      <trkpt lat="46.23311" lon="11.987860000000001">
        <time>2026-08-19T19:12:28Z</time>
      </trkpt>
      <trkpt lat="46.23311" lon="11.98788">
        <time>2026-08-19T19:12:29Z</time>
      </trkpt>
      <trkpt lat="46.2331" lon="11.987900000000002">
        <time>2026-08-19T19:12:30Z</time>
      </trkpt>
      <trkpt lat="46.2331" lon="11.98792">
        <time>2026-08-19T19:12:31Z</time>
      </trkpt>
      <trkpt lat="46.2331" lon="11.987940000000002">
        <time>2026-08-19T19:12:32Z</time>
      </trkpt>
      <trkpt lat="46.233090000000004" lon="11.987960000000001">
        <time>2026-08-19T19:12:33Z</time>
      </trkpt>
      <trkpt lat="46.233090000000004" lon="11.98798">
        <time>2026-08-19T19:12:34Z</time>
      </trkpt>
      <trkpt lat="46.233090000000004" lon="11.988010000000001">
        <time>2026-08-19T19:12:36Z</time>
      </trkpt>
      <trkpt lat="46.23308" lon="11.98803">
        <time>2026-08-19T19:12:37Z</time>
      </trkpt>
      <trkpt lat="46.23308" lon="11.988050000000001">
        <time>2026-08-19T19:12:38Z</time>
      </trkpt>
      <trkpt lat="46.23308" lon="11.98807">
        <time>2026-08-19T19:12:39Z</time>
      </trkpt>
      <trkpt lat="46.233070000000005" lon="11.988090000000001">
        <time>2026-08-19T19:12:40Z</time>
      </trkpt>
      <trkpt lat="46.233070000000005" lon="11.98812">
        <time>2026-08-19T19:12:42Z</time>
      </trkpt>
      <trkpt lat="46.233070000000005" lon="11.988140000000001">
        <time>2026-08-19T19:12:43Z</time>
      </trkpt>
      <trkpt lat="46.233070000000005" lon="11.98816">
        <time>2026-08-19T19:12:44Z</time>
      </trkpt>
      <trkpt lat="46.233070000000005" lon="11.988180000000002">
        <time>2026-08-19T19:12:45Z</time>
      </trkpt>
      <trkpt lat="46.23306" lon="11.9882">
        <time>2026-08-19T19:12:46Z</time>
      </trkpt>
      <trkpt lat="46.23306" lon="11.988230000000001">
        <time>2026-08-19T19:12:47Z</time>
      </trkpt>
      <trkpt lat="46.23306" lon="11.98825">
        <time>2026-08-19T19:12:48Z</time>
      </trkpt>
      <trkpt lat="46.23306" lon="11.988270000000002">
        <time>2026-08-19T19:12:49Z</time>
      </trkpt>
      <trkpt lat="46.233050000000006" lon="11.988290000000001">
        <time>2026-08-19T19:12:50Z</time>
      </trkpt>
      <trkpt lat="46.233050000000006" lon="11.98831">
        <time>2026-08-19T19:12:51Z</time>
      </trkpt>
      <trkpt lat="46.233050000000006" lon="11.98834">
        <time>2026-08-19T19:12:53Z</time>
      </trkpt>
      <trkpt lat="46.23304" lon="11.98836">
        <time>2026-08-19T19:12:54Z</time>
      </trkpt>
      <trkpt lat="46.23304" lon="11.988380000000001">
        <time>2026-08-19T19:12:55Z</time>
      </trkpt>
      <trkpt lat="46.23304" lon="11.9884">
        <time>2026-08-19T19:12:56Z</time>
      </trkpt>
      <trkpt lat="46.233050000000006" lon="11.988420000000001">
        <time>2026-08-19T19:12:57Z</time>
      </trkpt>
      <trkpt lat="46.233050000000006" lon="11.98844">
        <time>2026-08-19T19:12:58Z</time>
      </trkpt>
      <trkpt lat="46.233050000000006" lon="11.988460000000002">
        <time>2026-08-19T19:12:59Z</time>
      </trkpt>
      <trkpt lat="46.233050000000006" lon="11.988480000000001">
        <time>2026-08-19T19:13:00Z</time>
      </trkpt>
      <trkpt lat="46.233050000000006" lon="11.9885">
        <time>2026-08-19T19:13:01Z</time>
      </trkpt>
      <trkpt lat="46.233050000000006" lon="11.988520000000001">
        <time>2026-08-19T19:13:02Z</time>
      </trkpt>
      <trkpt lat="46.233050000000006" lon="11.98854">
        <time>2026-08-19T19:13:03Z</time>
      </trkpt>
      <trkpt lat="46.233050000000006" lon="11.988560000000001">
        <time>2026-08-19T19:13:04Z</time>
      </trkpt>
      <trkpt lat="46.23306" lon="11.98859">
        <time>2026-08-19T19:13:06Z</time>
      </trkpt>
      <trkpt lat="46.23306" lon="11.988610000000001">
        <time>2026-08-19T19:13:07Z</time>
      </trkpt>
      <trkpt lat="46.23306" lon="11.98863">
        <time>2026-08-19T19:13:08Z</time>
      </trkpt>
      <trkpt lat="46.23306" lon="11.988650000000002">
        <time>2026-08-19T19:13:09Z</time>
      </trkpt>
      <trkpt lat="46.23306" lon="11.98868">
        <time>2026-08-19T19:13:10Z</time>
      </trkpt>
      <trkpt lat="46.23306" lon="11.988700000000001">
        <time>2026-08-19T19:13:11Z</time>
      </trkpt>
      <trkpt lat="46.23306" lon="11.98872">
        <time>2026-08-19T19:13:12Z</time>
      </trkpt>
      <trkpt lat="46.23306" lon="11.988740000000002">
        <time>2026-08-19T19:13:13Z</time>
      </trkpt>
      <trkpt lat="46.23306" lon="11.988760000000001">
        <time>2026-08-19T19:13:14Z</time>
      </trkpt>
      <trkpt lat="46.23306" lon="11.98878">
        <time>2026-08-19T19:13:15Z</time>
      </trkpt>
      <trkpt lat="46.23306" lon="11.988800000000001">
        <time>2026-08-19T19:13:16Z</time>
      </trkpt>
      <trkpt lat="46.23306" lon="11.98882">
        <time>2026-08-19T19:13:17Z</time>
      </trkpt>
      <trkpt lat="46.23306" lon="11.988840000000001">
        <time>2026-08-19T19:13:18Z</time>
      </trkpt>
      <trkpt lat="46.233050000000006" lon="11.98886">
        <time>2026-08-19T19:13:19Z</time>
      </trkpt>
      <trkpt lat="46.233050000000006" lon="11.988880000000002">
        <time>2026-08-19T19:13:20Z</time>
      </trkpt>
      <trkpt lat="46.233050000000006" lon="11.988900000000001">
        <time>2026-08-19T19:13:21Z</time>
      </trkpt>
      <trkpt lat="46.233050000000006" lon="11.98892">
        <time>2026-08-19T19:13:22Z</time>
      </trkpt>
      <trkpt lat="46.233050000000006" lon="11.988940000000001">
        <time>2026-08-19T19:13:23Z</time>
      </trkpt>
      <trkpt lat="46.23304" lon="11.98896">
        <time>2026-08-19T19:13:24Z</time>
      </trkpt>
      <trkpt lat="46.23304" lon="11.988980000000002">
        <time>2026-08-19T19:13:25Z</time>
      </trkpt>
      <trkpt lat="46.23304" lon="11.98901">
        <time>2026-08-19T19:13:27Z</time>
      </trkpt>
      <trkpt lat="46.23304" lon="11.989030000000001">
        <time>2026-08-19T19:13:28Z</time>
      </trkpt>
      <trkpt lat="46.23304" lon="11.98905">
        <time>2026-08-19T19:13:29Z</time>
      </trkpt>
      <trkpt lat="46.23303000000001" lon="11.989070000000002">
        <time>2026-08-19T19:13:30Z</time>
      </trkpt>
      <trkpt lat="46.23303000000001" lon="11.989090000000001">
        <time>2026-08-19T19:13:31Z</time>
      </trkpt>
      <trkpt lat="46.23302" lon="11.989120000000002">
        <time>2026-08-19T19:13:33Z</time>
      </trkpt>
      <trkpt lat="46.23302" lon="11.98914">
        <time>2026-08-19T19:13:33Z</time>
      </trkpt>
      <trkpt lat="46.23301000000001" lon="11.989160000000002">
        <time>2026-08-19T19:13:35Z</time>
      </trkpt>
      <trkpt lat="46.23301000000001" lon="11.989180000000001">
        <time>2026-08-19T19:13:36Z</time>
      </trkpt>
      <trkpt lat="46.233000000000004" lon="11.9892">
        <time>2026-08-19T19:13:37Z</time>
      </trkpt>
      <trkpt lat="46.233000000000004" lon="11.989220000000001">
        <time>2026-08-19T19:13:38Z</time>
      </trkpt>
      <trkpt lat="46.233000000000004" lon="11.98924">
        <time>2026-08-19T19:13:39Z</time>
      </trkpt>
      <trkpt lat="46.23299" lon="11.989260000000002">
        <time>2026-08-19T19:13:40Z</time>
      </trkpt>
      <trkpt lat="46.23299" lon="11.98929">
        <time>2026-08-19T19:13:42Z</time>
      </trkpt>
      <trkpt lat="46.23299" lon="11.989310000000001">
        <time>2026-08-19T19:13:42Z</time>
      </trkpt>
      <trkpt lat="46.233000000000004" lon="11.98934">
        <time>2026-08-19T19:13:44Z</time>
      </trkpt>
      <trkpt lat="46.233000000000004" lon="11.989360000000001">
        <time>2026-08-19T19:13:45Z</time>
      </trkpt>
      <trkpt lat="46.233000000000004" lon="11.98938">
        <time>2026-08-19T19:13:46Z</time>
      </trkpt>
      <trkpt lat="46.23299" lon="11.989400000000002">
        <time>2026-08-19T19:13:47Z</time>
      </trkpt>
      <trkpt lat="46.23299" lon="11.98943">
        <time>2026-08-19T19:13:49Z</time>
      </trkpt>
      <trkpt lat="46.233000000000004" lon="11.989450000000001">
        <time>2026-08-19T19:13:50Z</time>
      </trkpt>
      <trkpt lat="46.233000000000004" lon="11.98947">
        <time>2026-08-19T19:13:51Z</time>
      </trkpt>
      <trkpt lat="46.233000000000004" lon="11.989490000000002">
        <time>2026-08-19T19:13:52Z</time>
      </trkpt>
      <trkpt lat="46.233000000000004" lon="11.989500000000001">
        <time>2026-08-19T19:13:52Z</time>
      </trkpt>
      <trkpt lat="46.23301000000001" lon="11.98952">
        <time>2026-08-19T19:13:54Z</time>
      </trkpt>
      <trkpt lat="46.23301000000001" lon="11.989540000000002">
        <time>2026-08-19T19:13:55Z</time>
      </trkpt>
      <trkpt lat="46.23302" lon="11.98956">
        <time>2026-08-19T19:13:56Z</time>
      </trkpt>
      <trkpt lat="46.23302" lon="11.98958">
        <time>2026-08-19T19:13:57Z</time>
      </trkpt>
      <trkpt lat="46.23302" lon="11.989600000000001">
        <time>2026-08-19T19:13:58Z</time>
      </trkpt>
      <trkpt lat="46.23303000000001" lon="11.98962">
        <time>2026-08-19T19:13:59Z</time>
      </trkpt>
      <trkpt lat="46.23304" lon="11.989640000000001">
        <time>2026-08-19T19:14:00Z</time>
      </trkpt>
      <trkpt lat="46.23304" lon="11.98966">
        <time>2026-08-19T19:14:01Z</time>
      </trkpt>
      <trkpt lat="46.23304" lon="11.989690000000001">
        <time>2026-08-19T19:14:03Z</time>
      </trkpt>
      <trkpt lat="46.233050000000006" lon="11.98971">
        <time>2026-08-19T19:14:04Z</time>
      </trkpt>
      <trkpt lat="46.233050000000006" lon="11.989730000000002">
        <time>2026-08-19T19:14:05Z</time>
      </trkpt>
      <trkpt lat="46.23306" lon="11.98975">
        <time>2026-08-19T19:14:06Z</time>
      </trkpt>
      <trkpt lat="46.23306" lon="11.989770000000002">
        <time>2026-08-19T19:14:07Z</time>
      </trkpt>
      <trkpt lat="46.23306" lon="11.9898">
        <time>2026-08-19T19:14:08Z</time>
      </trkpt>
      <trkpt lat="46.23306" lon="11.989820000000002">
        <time>2026-08-19T19:14:09Z</time>
      </trkpt>
      <trkpt lat="46.23306" lon="11.989840000000001">
        <time>2026-08-19T19:14:10Z</time>
      </trkpt>
      <trkpt lat="46.23306" lon="11.98986">
        <time>2026-08-19T19:14:11Z</time>
      </trkpt>
      <trkpt lat="46.23306" lon="11.989880000000001">
        <time>2026-08-19T19:14:12Z</time>
      </trkpt>
      <trkpt lat="46.23306" lon="11.9899">
        <time>2026-08-19T19:14:13Z</time>
      </trkpt>
      <trkpt lat="46.233050000000006" lon="11.989920000000001">
        <time>2026-08-19T19:14:15Z</time>
      </trkpt>
      <trkpt lat="46.23304" lon="11.98994">
        <time>2026-08-19T19:14:16Z</time>
      </trkpt>
      <trkpt lat="46.23304" lon="11.989960000000002">
        <time>2026-08-19T19:14:17Z</time>
      </trkpt>
      <trkpt lat="46.23303000000001" lon="11.989980000000001">
        <time>2026-08-19T19:14:18Z</time>
      </trkpt>
      <trkpt lat="46.23302" lon="11.99">
        <time>2026-08-19T19:14:19Z</time>
      </trkpt>
      <trkpt lat="46.23301000000001" lon="11.990020000000001">
        <time>2026-08-19T19:14:20Z</time>
      </trkpt>
      <trkpt lat="46.233000000000004" lon="11.99003">
        <time>2026-08-19T19:14:21Z</time>
      </trkpt>
      <trkpt lat="46.23299" lon="11.99005">
        <time>2026-08-19T19:14:22Z</time>
      </trkpt>
      <trkpt lat="46.232980000000005" lon="11.990060000000001">
        <time>2026-08-19T19:14:23Z</time>
      </trkpt>
      <trkpt lat="46.232960000000006" lon="11.99008">
        <time>2026-08-19T19:14:25Z</time>
      </trkpt>
      <trkpt lat="46.23295" lon="11.99009">
        <time>2026-08-19T19:14:26Z</time>
      </trkpt>
      <trkpt lat="46.232940000000006" lon="11.990110000000001">
        <time>2026-08-19T19:14:27Z</time>
      </trkpt>
      <trkpt lat="46.23293" lon="11.990120000000001">
        <time>2026-08-19T19:14:28Z</time>
      </trkpt>
      <trkpt lat="46.232910000000004" lon="11.99014">
        <time>2026-08-19T19:14:30Z</time>
      </trkpt>
      <trkpt lat="46.2329" lon="11.990150000000002">
        <time>2026-08-19T19:14:31Z</time>
      </trkpt>
      <trkpt lat="46.232890000000005" lon="11.99017">
        <time>2026-08-19T19:14:32Z</time>
      </trkpt>
      <trkpt lat="46.23288" lon="11.99018">
        <time>2026-08-19T19:14:33Z</time>
      </trkpt>
      <trkpt lat="46.232870000000005" lon="11.990200000000002">
        <time>2026-08-19T19:14:34Z</time>
      </trkpt>
      <trkpt lat="46.23286" lon="11.990210000000001">
        <time>2026-08-19T19:14:35Z</time>
      </trkpt>
      <trkpt lat="46.23284" lon="11.99023">
        <time>2026-08-19T19:14:36Z</time>
      </trkpt>
      <trkpt lat="46.23283000000001" lon="11.990240000000002">
        <time>2026-08-19T19:14:37Z</time>
      </trkpt>
      <trkpt lat="46.232820000000004" lon="11.990250000000001">
        <time>2026-08-19T19:14:38Z</time>
      </trkpt>
      <trkpt lat="46.232800000000005" lon="11.990260000000001">
        <time>2026-08-19T19:14:40Z</time>
      </trkpt>
      <trkpt lat="46.23279" lon="11.99027">
        <time>2026-08-19T19:14:40Z</time>
      </trkpt>
      <trkpt lat="46.232780000000005" lon="11.990290000000002">
        <time>2026-08-19T19:14:42Z</time>
      </trkpt>
      <trkpt lat="46.232780000000005" lon="11.990310000000001">
        <time>2026-08-19T19:14:43Z</time>
      </trkpt>
      <trkpt lat="46.232780000000005" lon="11.99033">
        <time>2026-08-19T19:14:44Z</time>
      </trkpt>
      <trkpt lat="46.232780000000005" lon="11.990350000000001">
        <time>2026-08-19T19:14:45Z</time>
      </trkpt>
      <trkpt lat="46.232780000000005" lon="11.99037">
        <time>2026-08-19T19:14:46Z</time>
      </trkpt>
      <trkpt lat="46.232780000000005" lon="11.990390000000001">
        <time>2026-08-19T19:14:47Z</time>
      </trkpt>
      <trkpt lat="46.232780000000005" lon="11.99041">
        <time>2026-08-19T19:14:48Z</time>
      </trkpt>
      <trkpt lat="46.23279" lon="11.990430000000002">
        <time>2026-08-19T19:14:49Z</time>
      </trkpt>
      <trkpt lat="46.23279" lon="11.99046">
        <time>2026-08-19T19:14:50Z</time>
      </trkpt>
      <trkpt lat="46.23279" lon="11.990480000000002">
        <time>2026-08-19T19:14:51Z</time>
      </trkpt>
      <trkpt lat="46.232800000000005" lon="11.9905">
        <time>2026-08-19T19:14:52Z</time>
      </trkpt>
      <trkpt lat="46.232800000000005" lon="11.990520000000002">
        <time>2026-08-19T19:14:53Z</time>
      </trkpt>
      <trkpt lat="46.232800000000005" lon="11.990540000000001">
        <time>2026-08-19T19:14:54Z</time>
      </trkpt>
      <trkpt lat="46.232800000000005" lon="11.99056">
        <time>2026-08-19T19:14:55Z</time>
      </trkpt>
      <trkpt lat="46.232800000000005" lon="11.990580000000001">
        <time>2026-08-19T19:14:56Z</time>
      </trkpt>
      <trkpt lat="46.23281" lon="11.9906">
        <time>2026-08-19T19:14:57Z</time>
      </trkpt>
      <trkpt lat="46.23281" lon="11.990620000000002">
        <time>2026-08-19T19:14:58Z</time>
      </trkpt>
      <trkpt lat="46.232820000000004" lon="11.99064">
        <time>2026-08-19T19:15:00Z</time>
      </trkpt>
      <trkpt lat="46.232820000000004" lon="11.990670000000001">
        <time>2026-08-19T19:15:01Z</time>
      </trkpt>
      <trkpt lat="46.23283000000001" lon="11.99069">
        <time>2026-08-19T19:15:02Z</time>
      </trkpt>
      <trkpt lat="46.23283000000001" lon="11.990710000000002">
        <time>2026-08-19T19:15:03Z</time>
      </trkpt>
      <trkpt lat="46.23284" lon="11.990730000000001">
        <time>2026-08-19T19:15:05Z</time>
      </trkpt>
      <trkpt lat="46.23284" lon="11.99075">
        <time>2026-08-19T19:15:06Z</time>
      </trkpt>
      <trkpt lat="46.232850000000006" lon="11.990770000000001">
        <time>2026-08-19T19:15:07Z</time>
      </trkpt>
      <trkpt lat="46.232850000000006" lon="11.99079">
        <time>2026-08-19T19:15:08Z</time>
      </trkpt>
      <trkpt lat="46.23286" lon="11.990810000000002">
        <time>2026-08-19T19:15:09Z</time>
      </trkpt>
      <trkpt lat="46.23286" lon="11.99083">
        <time>2026-08-19T19:15:10Z</time>
      </trkpt>
      <trkpt lat="46.232870000000005" lon="11.990850000000002">
        <time>2026-08-19T19:15:11Z</time>
      </trkpt>
      <trkpt lat="46.23288" lon="11.990870000000001">
        <time>2026-08-19T19:15:12Z</time>
      </trkpt>
      <trkpt lat="46.23288" lon="11.99088">
        <time>2026-08-19T19:15:13Z</time>
      </trkpt>
      <trkpt lat="46.232890000000005" lon="11.990900000000002">
        <time>2026-08-19T19:15:14Z</time>
      </trkpt>
      <trkpt lat="46.2329" lon="11.990920000000001">
        <time>2026-08-19T19:15:15Z</time>
      </trkpt>
      <trkpt lat="46.2329" lon="11.99094">
        <time>2026-08-19T19:15:16Z</time>
      </trkpt>
      <trkpt lat="46.232910000000004" lon="11.990960000000001">
        <time>2026-08-19T19:15:17Z</time>
      </trkpt>
      <trkpt lat="46.232910000000004" lon="11.99098">
        <time>2026-08-19T19:15:18Z</time>
      </trkpt>
      <trkpt lat="46.23292000000001" lon="11.991000000000001">
        <time>2026-08-19T19:15:20Z</time>
      </trkpt>
      <trkpt lat="46.23292000000001" lon="11.99102">
        <time>2026-08-19T19:15:21Z</time>
      </trkpt>
      <trkpt lat="46.23293" lon="11.991040000000002">
        <time>2026-08-19T19:15:22Z</time>
      </trkpt>
      <trkpt lat="46.23293" lon="11.991060000000001">
        <time>2026-08-19T19:15:23Z</time>
      </trkpt>
      <trkpt lat="46.232940000000006" lon="11.99108">
        <time>2026-08-19T19:15:24Z</time>
      </trkpt>
      <trkpt lat="46.232940000000006" lon="11.991100000000001">
        <time>2026-08-19T19:15:25Z</time>
      </trkpt>
      <trkpt lat="46.232940000000006" lon="11.991130000000002">
        <time>2026-08-19T19:15:26Z</time>
      </trkpt>
      <trkpt lat="46.23295" lon="11.991150000000001">
        <time>2026-08-19T19:15:28Z</time>
      </trkpt>
      <trkpt lat="46.23295" lon="11.99117">
        <time>2026-08-19T19:15:29Z</time>
      </trkpt>
      <trkpt lat="46.232960000000006" lon="11.991190000000001">
        <time>2026-08-19T19:15:30Z</time>
      </trkpt>
      <trkpt lat="46.232960000000006" lon="11.99121">
        <time>2026-08-19T19:15:31Z</time>
      </trkpt>
      <trkpt lat="46.232960000000006" lon="11.991230000000002">
        <time>2026-08-19T19:15:32Z</time>
      </trkpt>
      <trkpt lat="46.23297" lon="11.99125">
        <time>2026-08-19T19:15:33Z</time>
      </trkpt>
      <trkpt lat="46.23297" lon="11.99127">
        <time>2026-08-19T19:15:34Z</time>
      </trkpt>
      <trkpt lat="46.232980000000005" lon="11.991290000000001">
        <time>2026-08-19T19:15:35Z</time>
      </trkpt>
      <trkpt lat="46.232980000000005" lon="11.99131">
        <time>2026-08-19T19:15:36Z</time>
      </trkpt>
      <trkpt lat="46.23299" lon="11.991330000000001">
        <time>2026-08-19T19:15:37Z</time>
      </trkpt>
      <trkpt lat="46.23299" lon="11.991340000000001">
        <time>2026-08-19T19:15:38Z</time>
      </trkpt>
      <trkpt lat="46.233000000000004" lon="11.99136">
        <time>2026-08-19T19:15:39Z</time>
      </trkpt>
      <trkpt lat="46.23301000000001" lon="11.991380000000001">
        <time>2026-08-19T19:15:40Z</time>
      </trkpt>
      <trkpt lat="46.23301000000001" lon="11.9914">
        <time>2026-08-19T19:15:41Z</time>
      </trkpt>
      <trkpt lat="46.23302" lon="11.991420000000002">
        <time>2026-08-19T19:15:42Z</time>
      </trkpt>
      <trkpt lat="46.23302" lon="11.991430000000001">
        <time>2026-08-19T19:15:43Z</time>
      </trkpt>
      <trkpt lat="46.23304" lon="11.99145">
        <time>2026-08-19T19:15:45Z</time>
      </trkpt>
      <trkpt lat="46.23304" lon="11.991470000000001">
        <time>2026-08-19T19:15:46Z</time>
      </trkpt>
      <trkpt lat="46.233050000000006" lon="11.991480000000001">
        <time>2026-08-19T19:15:46Z</time>
      </trkpt>
      <trkpt lat="46.23306" lon="11.9915">
        <time>2026-08-19T19:15:48Z</time>
      </trkpt>
      <trkpt lat="46.233070000000005" lon="11.991520000000001">
        <time>2026-08-19T19:15:49Z</time>
      </trkpt>
      <trkpt lat="46.233090000000004" lon="11.991530000000001">
        <time>2026-08-19T19:15:50Z</time>
      </trkpt>
      <trkpt lat="46.233090000000004" lon="11.99155">
        <time>2026-08-19T19:15:51Z</time>
      </trkpt>
      <trkpt lat="46.2331" lon="11.991560000000002">
        <time>2026-08-19T19:15:52Z</time>
      </trkpt>
      <trkpt lat="46.23311" lon="11.99158">
        <time>2026-08-19T19:15:53Z</time>
      </trkpt>
      <trkpt lat="46.23312000000001" lon="11.991600000000002">
        <time>2026-08-19T19:15:55Z</time>
      </trkpt>
      <trkpt lat="46.23313" lon="11.991610000000001">
        <time>2026-08-19T19:15:55Z</time>
      </trkpt>
      <trkpt lat="46.233140000000006" lon="11.99163">
        <time>2026-08-19T19:15:57Z</time>
      </trkpt>
      <trkpt lat="46.233140000000006" lon="11.991650000000002">
        <time>2026-08-19T19:15:58Z</time>
      </trkpt>
      <trkpt lat="46.23315" lon="11.991670000000001">
        <time>2026-08-19T19:15:59Z</time>
      </trkpt>
      <trkpt lat="46.23315" lon="11.99169">
        <time>2026-08-19T19:16:00Z</time>
      </trkpt>
      <trkpt lat="46.23315" lon="11.991710000000001">
        <time>2026-08-19T19:16:01Z</time>
      </trkpt>
      <trkpt lat="46.233160000000005" lon="11.99173">
        <time>2026-08-19T19:16:02Z</time>
      </trkpt>
      <trkpt lat="46.233160000000005" lon="11.991750000000001">
        <time>2026-08-19T19:16:03Z</time>
      </trkpt>
      <trkpt lat="46.233160000000005" lon="11.99177">
        <time>2026-08-19T19:16:04Z</time>
      </trkpt>
      <trkpt lat="46.233160000000005" lon="11.991800000000001">
        <time>2026-08-19T19:16:05Z</time>
      </trkpt>
      <trkpt lat="46.23317" lon="11.99182">
        <time>2026-08-19T19:16:07Z</time>
      </trkpt>
      <trkpt lat="46.23317" lon="11.991840000000002">
        <time>2026-08-19T19:16:08Z</time>
      </trkpt>
      <trkpt lat="46.23317" lon="11.99186">
        <time>2026-08-19T19:16:09Z</time>
      </trkpt>
      <trkpt lat="46.23317" lon="11.99188">
        <time>2026-08-19T19:16:10Z</time>
      </trkpt>
      <trkpt lat="46.23317" lon="11.991900000000001">
        <time>2026-08-19T19:16:11Z</time>
      </trkpt>
      <trkpt lat="46.23317" lon="11.991930000000002">
        <time>2026-08-19T19:16:12Z</time>
      </trkpt>
      <trkpt lat="46.233160000000005" lon="11.991950000000001">
        <time>2026-08-19T19:16:13Z</time>
      </trkpt>
      <trkpt lat="46.233160000000005" lon="11.99197">
        <time>2026-08-19T19:16:14Z</time>
      </trkpt>
      <trkpt lat="46.233160000000005" lon="11.992">
        <time>2026-08-19T19:16:16Z</time>
      </trkpt>
      <trkpt lat="46.23315" lon="11.99202">
        <time>2026-08-19T19:16:17Z</time>
      </trkpt>
      <trkpt lat="46.23315" lon="11.992040000000001">
        <time>2026-08-19T19:16:18Z</time>
      </trkpt>
      <trkpt lat="46.23315" lon="11.992070000000002">
        <time>2026-08-19T19:16:19Z</time>
      </trkpt>
      <trkpt lat="46.23315" lon="11.992090000000001">
        <time>2026-08-19T19:16:20Z</time>
      </trkpt>
      <trkpt lat="46.23315" lon="11.99211">
        <time>2026-08-19T19:16:21Z</time>
      </trkpt>
      <trkpt lat="46.23315" lon="11.992130000000001">
        <time>2026-08-19T19:16:22Z</time>
      </trkpt>
      <trkpt lat="46.23315" lon="11.99216">
        <time>2026-08-19T19:16:24Z</time>
      </trkpt>
      <trkpt lat="46.23315" lon="11.992180000000001">
        <time>2026-08-19T19:16:25Z</time>
      </trkpt>
      <trkpt lat="46.23315" lon="11.9922">
        <time>2026-08-19T19:16:26Z</time>
      </trkpt>
      <trkpt lat="46.23315" lon="11.992220000000001">
        <time>2026-08-19T19:16:27Z</time>
      </trkpt>
      <trkpt lat="46.23315" lon="11.99224">
        <time>2026-08-19T19:16:28Z</time>
      </trkpt>
      <trkpt lat="46.233160000000005" lon="11.992260000000002">
        <time>2026-08-19T19:16:29Z</time>
      </trkpt>
      <trkpt lat="46.233160000000005" lon="11.992280000000001">
        <time>2026-08-19T19:16:30Z</time>
      </trkpt>
      <trkpt lat="46.233160000000005" lon="11.9923">
        <time>2026-08-19T19:16:31Z</time>
      </trkpt>
      <trkpt lat="46.23317" lon="11.992320000000001">
        <time>2026-08-19T19:16:32Z</time>
      </trkpt>
      <trkpt lat="46.23317" lon="11.99234">
        <time>2026-08-19T19:16:33Z</time>
      </trkpt>
      <trkpt lat="46.23317" lon="11.992360000000001">
        <time>2026-08-19T19:16:34Z</time>
      </trkpt>
      <trkpt lat="46.23317" lon="11.99238">
        <time>2026-08-19T19:16:35Z</time>
      </trkpt>
      <trkpt lat="46.23317" lon="11.992400000000002">
        <time>2026-08-19T19:16:36Z</time>
      </trkpt>
      <trkpt lat="46.23317" lon="11.992420000000001">
        <time>2026-08-19T19:16:37Z</time>
      </trkpt>
      <trkpt lat="46.23317" lon="11.99244">
        <time>2026-08-19T19:16:38Z</time>
      </trkpt>
      <trkpt lat="46.23317" lon="11.992460000000001">
        <time>2026-08-19T19:16:39Z</time>
      </trkpt>
      <trkpt lat="46.233180000000004" lon="11.99248">
        <time>2026-08-19T19:16:40Z</time>
      </trkpt>
      <trkpt lat="46.233180000000004" lon="11.992500000000001">
        <time>2026-08-19T19:16:41Z</time>
      </trkpt>
      <trkpt lat="46.233180000000004" lon="11.99252">
        <time>2026-08-19T19:16:42Z</time>
      </trkpt>
      <trkpt lat="46.233180000000004" lon="11.992540000000002">
        <time>2026-08-19T19:16:43Z</time>
      </trkpt>
      <trkpt lat="46.233180000000004" lon="11.992560000000001">
        <time>2026-08-19T19:16:44Z</time>
      </trkpt>
      <trkpt lat="46.233180000000004" lon="11.99258">
        <time>2026-08-19T19:16:45Z</time>
      </trkpt>
      <trkpt lat="46.233180000000004" lon="11.99261">
        <time>2026-08-19T19:16:46Z</time>
      </trkpt>
      <trkpt lat="46.233180000000004" lon="11.99263">
        <time>2026-08-19T19:16:47Z</time>
      </trkpt>
      <trkpt lat="46.233180000000004" lon="11.992650000000001">
        <time>2026-08-19T19:16:48Z</time>
      </trkpt>
      <trkpt lat="46.23319" lon="11.99267">
        <time>2026-08-19T19:16:50Z</time>
      </trkpt>
      <trkpt lat="46.23319" lon="11.992690000000001">
        <time>2026-08-19T19:16:51Z</time>
      </trkpt>
      <trkpt lat="46.23319" lon="11.99271">
        <time>2026-08-19T19:16:52Z</time>
      </trkpt>
      <trkpt lat="46.23319" lon="11.992740000000001">
        <time>2026-08-19T19:16:53Z</time>
      </trkpt>
      <trkpt lat="46.23319" lon="11.99276">
        <time>2026-08-19T19:16:54Z</time>
      </trkpt>
      <trkpt lat="46.233200000000004" lon="11.992780000000002">
        <time>2026-08-19T19:16:55Z</time>
      </trkpt>
      <trkpt lat="46.233200000000004" lon="11.9928">
        <time>2026-08-19T19:16:56Z</time>
      </trkpt>
      <trkpt lat="46.233200000000004" lon="11.992820000000002">
        <time>2026-08-19T19:16:57Z</time>
      </trkpt>
      <trkpt lat="46.233200000000004" lon="11.992840000000001">
        <time>2026-08-19T19:16:58Z</time>
      </trkpt>
      <trkpt lat="46.23321000000001" lon="11.99286">
        <time>2026-08-19T19:16:59Z</time>
      </trkpt>
      <trkpt lat="46.23321000000001" lon="11.992880000000001">
        <time>2026-08-19T19:17:00Z</time>
      </trkpt>
      <trkpt lat="46.23322" lon="11.9929">
        <time>2026-08-19T19:17:02Z</time>
      </trkpt>
      <trkpt lat="46.23322" lon="11.992930000000001">
        <time>2026-08-19T19:17:03Z</time>
      </trkpt>
      <trkpt lat="46.233230000000006" lon="11.99295">
        <time>2026-08-19T19:17:04Z</time>
      </trkpt>
      <trkpt lat="46.233230000000006" lon="11.992970000000001">
        <time>2026-08-19T19:17:05Z</time>
      </trkpt>
      <trkpt lat="46.23324" lon="11.99299">
        <time>2026-08-19T19:17:06Z</time>
      </trkpt>
      <trkpt lat="46.233250000000005" lon="11.993">
        <time>2026-08-19T19:17:07Z</time>
      </trkpt>
      <trkpt lat="46.233250000000005" lon="11.993030000000001">
        <time>2026-08-19T19:17:09Z</time>
      </trkpt>
      <trkpt lat="46.23326" lon="11.99304">
        <time>2026-08-19T19:17:10Z</time>
      </trkpt>
      <trkpt lat="46.233270000000005" lon="11.993060000000002">
        <time>2026-08-19T19:17:11Z</time>
      </trkpt>
      <trkpt lat="46.23328" lon="11.99308">
        <time>2026-08-19T19:17:12Z</time>
      </trkpt>
      <trkpt lat="46.23328" lon="11.9931">
        <time>2026-08-19T19:17:13Z</time>
      </trkpt>
      <trkpt lat="46.233290000000004" lon="11.993120000000001">
        <time>2026-08-19T19:17:14Z</time>
      </trkpt>
      <trkpt lat="46.23330000000001" lon="11.99314">
        <time>2026-08-19T19:17:15Z</time>
      </trkpt>
      <trkpt lat="46.23331" lon="11.993160000000001">
        <time>2026-08-19T19:17:17Z</time>
      </trkpt>
      <trkpt lat="46.233320000000006" lon="11.99318">
        <time>2026-08-19T19:17:18Z</time>
      </trkpt>
      <trkpt lat="46.233320000000006" lon="11.993200000000002">
        <time>2026-08-19T19:17:19Z</time>
      </trkpt>
      <trkpt lat="46.23333" lon="11.99322">
        <time>2026-08-19T19:17:20Z</time>
      </trkpt>
      <trkpt lat="46.233340000000005" lon="11.99323">
        <time>2026-08-19T19:17:21Z</time>
      </trkpt>
      <trkpt lat="46.23335" lon="11.993250000000002">
        <time>2026-08-19T19:17:22Z</time>
      </trkpt>
      <trkpt lat="46.233360000000005" lon="11.99327">
        <time>2026-08-19T19:17:23Z</time>
      </trkpt>
      <trkpt lat="46.23337" lon="11.993290000000002">
        <time>2026-08-19T19:17:24Z</time>
      </trkpt>
      <trkpt lat="46.233380000000004" lon="11.993300000000001">
        <time>2026-08-19T19:17:25Z</time>
      </trkpt>
      <trkpt lat="46.233380000000004" lon="11.99332">
        <time>2026-08-19T19:17:26Z</time>
      </trkpt>
      <trkpt lat="46.2334" lon="11.993340000000002">
        <time>2026-08-19T19:17:28Z</time>
      </trkpt>
      <trkpt lat="46.2334" lon="11.993360000000001">
        <time>2026-08-19T19:17:29Z</time>
      </trkpt>
      <trkpt lat="46.233410000000006" lon="11.99337">
        <time>2026-08-19T19:17:30Z</time>
      </trkpt>
      <trkpt lat="46.23342" lon="11.993390000000002">
        <time>2026-08-19T19:17:31Z</time>
      </trkpt>
      <trkpt lat="46.23344" lon="11.993400000000001">
        <time>2026-08-19T19:17:33Z</time>
      </trkpt>
      <trkpt lat="46.233450000000005" lon="11.99341">
        <time>2026-08-19T19:17:33Z</time>
      </trkpt>
      <trkpt lat="46.23346" lon="11.99342">
        <time>2026-08-19T19:17:34Z</time>
      </trkpt>
      <trkpt lat="46.23348000000001" lon="11.993430000000002">
        <time>2026-08-19T19:17:36Z</time>
      </trkpt>
      <trkpt lat="46.23349" lon="11.993440000000001">
        <time>2026-08-19T19:17:37Z</time>
      </trkpt>
      <trkpt lat="46.23350000000001" lon="11.993440000000001">
        <time>2026-08-19T19:17:37Z</time>
      </trkpt>
      <trkpt lat="46.233520000000006" lon="11.993450000000001">
        <time>2026-08-19T19:17:39Z</time>
      </trkpt>
      <trkpt lat="46.233540000000005" lon="11.993450000000001">
        <time>2026-08-19T19:17:40Z</time>
      </trkpt>
      <trkpt lat="46.233560000000004" lon="11.993450000000001">
        <time>2026-08-19T19:17:42Z</time>
      </trkpt>
      <trkpt lat="46.23357" lon="11.99346">
        <time>2026-08-19T19:17:43Z</time>
      </trkpt>
      <trkpt lat="46.23358" lon="11.99346">
        <time>2026-08-19T19:17:43Z</time>
      </trkpt>
      <trkpt lat="46.2336" lon="11.99346">
        <time>2026-08-19T19:17:45Z</time>
      </trkpt>
      <trkpt lat="46.233610000000006" lon="11.99347">
        <time>2026-08-19T19:17:45Z</time>
      </trkpt>
      <trkpt lat="46.23362" lon="11.99347">
        <time>2026-08-19T19:17:46Z</time>
      </trkpt>
      <trkpt lat="46.23364" lon="11.993480000000002">
        <time>2026-08-19T19:17:48Z</time>
      </trkpt>
      <trkpt lat="46.233650000000004" lon="11.993480000000002">
        <time>2026-08-19T19:17:48Z</time>
      </trkpt>
      <trkpt lat="46.23366" lon="11.993490000000001">
        <time>2026-08-19T19:17:49Z</time>
      </trkpt>
      <trkpt lat="46.23368000000001" lon="11.993490000000001">
        <time>2026-08-19T19:17:51Z</time>
      </trkpt>
      <trkpt lat="46.23369" lon="11.993500000000001">
        <time>2026-08-19T19:17:52Z</time>
      </trkpt>
      <trkpt lat="46.23371" lon="11.99351">
        <time>2026-08-19T19:17:53Z</time>
      </trkpt>
      <trkpt lat="46.233720000000005" lon="11.99352">
        <time>2026-08-19T19:17:54Z</time>
      </trkpt>
      <trkpt lat="46.23373" lon="11.993540000000001">
        <time>2026-08-19T19:17:55Z</time>
      </trkpt>
      <trkpt lat="46.233740000000004" lon="11.99355">
        <time>2026-08-19T19:17:56Z</time>
      </trkpt>
      <trkpt lat="46.233740000000004" lon="11.993570000000002">
        <time>2026-08-19T19:17:57Z</time>
      </trkpt>
      <trkpt lat="46.23375" lon="11.993590000000001">
        <time>2026-08-19T19:17:58Z</time>
      </trkpt>
      <trkpt lat="46.23375" lon="11.99361">
        <time>2026-08-19T19:17:59Z</time>
      </trkpt>
      <trkpt lat="46.233760000000004" lon="11.993630000000001">
        <time>2026-08-19T19:18:00Z</time>
      </trkpt>
      <trkpt lat="46.233760000000004" lon="11.99365">
        <time>2026-08-19T19:18:01Z</time>
      </trkpt>
      <trkpt lat="46.23375" lon="11.993670000000002">
        <time>2026-08-19T19:18:03Z</time>
      </trkpt>
      <trkpt lat="46.23375" lon="11.993680000000001">
        <time>2026-08-19T19:18:03Z</time>
      </trkpt>
      <trkpt lat="46.233740000000004" lon="11.993720000000001">
        <time>2026-08-19T19:18:05Z</time>
      </trkpt>
      <trkpt lat="46.233740000000004" lon="11.993720000000001">
        <time>2026-08-19T19:18:05Z</time>
      </trkpt>
      <trkpt lat="46.233720000000005" lon="11.99375">
        <time>2026-08-19T19:18:07Z</time>
      </trkpt>
      <trkpt lat="46.233720000000005" lon="11.99375">
        <time>2026-08-19T19:18:07Z</time>
      </trkpt>
      <trkpt lat="46.23371" lon="11.993770000000001">
        <time>2026-08-19T19:18:08Z</time>
      </trkpt>
      <trkpt lat="46.233700000000006" lon="11.993780000000001">
        <time>2026-08-19T19:18:09Z</time>
      </trkpt>
      <trkpt lat="46.23369" lon="11.9938">
        <time>2026-08-19T19:18:10Z</time>
      </trkpt>
      <trkpt lat="46.23368000000001" lon="11.993820000000001">
        <time>2026-08-19T19:18:12Z</time>
      </trkpt>
      <trkpt lat="46.233670000000004" lon="11.99383">
        <time>2026-08-19T19:18:12Z</time>
      </trkpt>
      <trkpt lat="46.23366" lon="11.99384">
        <time>2026-08-19T19:18:13Z</time>
      </trkpt>
      <trkpt lat="46.233650000000004" lon="11.99385">
        <time>2026-08-19T19:18:14Z</time>
      </trkpt>
      <trkpt lat="46.23364" lon="11.993870000000001">
        <time>2026-08-19T19:18:15Z</time>
      </trkpt>
      <trkpt lat="46.23362" lon="11.99389">
        <time>2026-08-19T19:18:17Z</time>
      </trkpt>
      <trkpt lat="46.23362" lon="11.993900000000002">
        <time>2026-08-19T19:18:18Z</time>
      </trkpt>
      <trkpt lat="46.233610000000006" lon="11.993920000000001">
        <time>2026-08-19T19:18:19Z</time>
      </trkpt>
      <trkpt lat="46.2336" lon="11.99394">
        <time>2026-08-19T19:18:20Z</time>
      </trkpt>
      <trkpt lat="46.2336" lon="11.993960000000001">
        <time>2026-08-19T19:18:21Z</time>
      </trkpt>
      <trkpt lat="46.23359000000001" lon="11.99398">
        <time>2026-08-19T19:18:22Z</time>
      </trkpt>
      <trkpt lat="46.23359000000001" lon="11.99402">
        <time>2026-08-19T19:18:24Z</time>
      </trkpt>
      <trkpt lat="46.23359000000001" lon="11.99402">
        <time>2026-08-19T19:18:24Z</time>
      </trkpt>
      <trkpt lat="46.23358" lon="11.99403">
        <time>2026-08-19T19:18:25Z</time>
      </trkpt>
      <trkpt lat="46.23358" lon="11.994050000000001">
        <time>2026-08-19T19:18:26Z</time>
      </trkpt>
      <trkpt lat="46.23358" lon="11.99407">
        <time>2026-08-19T19:18:27Z</time>
      </trkpt>
      <trkpt lat="46.23358" lon="11.994090000000002">
        <time>2026-08-19T19:18:28Z</time>
      </trkpt>
      <trkpt lat="46.23358" lon="11.994110000000001">
        <time>2026-08-19T19:18:29Z</time>
      </trkpt>
      <trkpt lat="46.23357" lon="11.99413">
        <time>2026-08-19T19:18:30Z</time>
      </trkpt>
      <trkpt lat="46.23357" lon="11.994150000000001">
        <time>2026-08-19T19:18:31Z</time>
      </trkpt>
      <trkpt lat="46.23357" lon="11.99417">
        <time>2026-08-19T19:18:32Z</time>
      </trkpt>
      <trkpt lat="46.23357" lon="11.994200000000001">
        <time>2026-08-19T19:18:34Z</time>
      </trkpt>
      <trkpt lat="46.23357" lon="11.99422">
        <time>2026-08-19T19:18:35Z</time>
      </trkpt>
      <trkpt lat="46.23357" lon="11.994240000000001">
        <time>2026-08-19T19:18:36Z</time>
      </trkpt>
      <trkpt lat="46.23357" lon="11.99426">
        <time>2026-08-19T19:18:36Z</time>
      </trkpt>
      <trkpt lat="46.23358" lon="11.994280000000002">
        <time>2026-08-19T19:18:38Z</time>
      </trkpt>
      <trkpt lat="46.23358" lon="11.994320000000002">
        <time>2026-08-19T19:18:40Z</time>
      </trkpt>
      <trkpt lat="46.23358" lon="11.994320000000002">
        <time>2026-08-19T19:18:40Z</time>
      </trkpt>
      <trkpt lat="46.23358" lon="11.994340000000001">
        <time>2026-08-19T19:18:41Z</time>
      </trkpt>
      <trkpt lat="46.23359000000001" lon="11.994390000000001">
        <time>2026-08-19T19:18:43Z</time>
      </trkpt>
      <trkpt lat="46.23359000000001" lon="11.994390000000001">
        <time>2026-08-19T19:18:43Z</time>
      </trkpt>
      <trkpt lat="46.2336" lon="11.99441">
        <time>2026-08-19T19:18:44Z</time>
      </trkpt>
      <trkpt lat="46.2336" lon="11.994430000000001">
        <time>2026-08-19T19:18:45Z</time>
      </trkpt>
      <trkpt lat="46.2336" lon="11.99445">
        <time>2026-08-19T19:18:46Z</time>
      </trkpt>
      <trkpt lat="46.233610000000006" lon="11.994470000000002">
        <time>2026-08-19T19:18:48Z</time>
      </trkpt>
      <trkpt lat="46.233610000000006" lon="11.994510000000002">
        <time>2026-08-19T19:18:49Z</time>
      </trkpt>
      <trkpt lat="46.233610000000006" lon="11.994510000000002">
        <time>2026-08-19T19:18:49Z</time>
      </trkpt>
      <trkpt lat="46.23362" lon="11.994530000000001">
        <time>2026-08-19T19:18:51Z</time>
      </trkpt>
      <trkpt lat="46.23362" lon="11.994580000000001">
        <time>2026-08-19T19:18:53Z</time>
      </trkpt>
      <trkpt lat="46.23362" lon="11.994580000000001">
        <time>2026-08-19T19:18:53Z</time>
      </trkpt>
      <trkpt lat="46.233610000000006" lon="11.994620000000001">
        <time>2026-08-19T19:18:55Z</time>
      </trkpt>
      <trkpt lat="46.233610000000006" lon="11.994620000000001">
        <time>2026-08-19T19:18:55Z</time>
      </trkpt>
      <trkpt lat="46.233610000000006" lon="11.99464">
        <time>2026-08-19T19:18:56Z</time>
      </trkpt>
      <trkpt lat="46.233610000000006" lon="11.994670000000001">
        <time>2026-08-19T19:18:58Z</time>
      </trkpt>
      <trkpt lat="46.233610000000006" lon="11.99469">
        <time>2026-08-19T19:18:59Z</time>
      </trkpt>
      <trkpt lat="46.233610000000006" lon="11.994720000000001">
        <time>2026-08-19T19:19:00Z</time>
      </trkpt>
      <trkpt lat="46.2336" lon="11.99474">
        <time>2026-08-19T19:19:01Z</time>
      </trkpt>
      <trkpt lat="46.2336" lon="11.994760000000001">
        <time>2026-08-19T19:19:02Z</time>
      </trkpt>
      <trkpt lat="46.2336" lon="11.994790000000002">
        <time>2026-08-19T19:19:04Z</time>
      </trkpt>
      <trkpt lat="46.2336" lon="11.99483">
        <time>2026-08-19T19:19:06Z</time>
      </trkpt>
      <trkpt lat="46.2336" lon="11.99483">
        <time>2026-08-19T19:19:06Z</time>
      </trkpt>
      <trkpt lat="46.23359000000001" lon="11.994850000000001">
        <time>2026-08-19T19:19:07Z</time>
      </trkpt>
      <trkpt lat="46.23358" lon="11.99487">
        <time>2026-08-19T19:19:08Z</time>
      </trkpt>
      <trkpt lat="46.23358" lon="11.994890000000002">
        <time>2026-08-19T19:19:09Z</time>
      </trkpt>
      <trkpt lat="46.23358" lon="11.99491">
        <time>2026-08-19T19:19:10Z</time>
      </trkpt>
      <trkpt lat="46.23357" lon="11.994930000000002">
        <time>2026-08-19T19:19:11Z</time>
      </trkpt>
      <trkpt lat="46.23357" lon="11.994950000000001">
        <time>2026-08-19T19:19:12Z</time>
      </trkpt>
      <trkpt lat="46.233560000000004" lon="11.99497">
        <time>2026-08-19T19:19:13Z</time>
      </trkpt>
      <trkpt lat="46.233560000000004" lon="11.994990000000001">
        <time>2026-08-19T19:19:14Z</time>
      </trkpt>
      <trkpt lat="46.23355" lon="11.995030000000002">
        <time>2026-08-19T19:19:17Z</time>
      </trkpt>
      <trkpt lat="46.23355" lon="11.995030000000002">
        <time>2026-08-19T19:19:17Z</time>
      </trkpt>
      <trkpt lat="46.23355" lon="11.99505">
        <time>2026-08-19T19:19:18Z</time>
      </trkpt>
      <trkpt lat="46.233540000000005" lon="11.99507">
        <time>2026-08-19T19:19:19Z</time>
      </trkpt>
      <trkpt lat="46.233540000000005" lon="11.995090000000001">
        <time>2026-08-19T19:19:20Z</time>
      </trkpt>
      <trkpt lat="46.23353" lon="11.995130000000001">
        <time>2026-08-19T19:19:22Z</time>
      </trkpt>
      <trkpt lat="46.23353" lon="11.995130000000001">
        <time>2026-08-19T19:19:22Z</time>
      </trkpt>
      <trkpt lat="46.23353" lon="11.99515">
        <time>2026-08-19T19:19:23Z</time>
      </trkpt>
      <trkpt lat="46.233520000000006" lon="11.995170000000002">
        <time>2026-08-19T19:19:24Z</time>
      </trkpt>
      <trkpt lat="46.233520000000006" lon="11.995190000000001">
        <time>2026-08-19T19:19:25Z</time>
      </trkpt>
      <trkpt lat="46.23351" lon="11.99521">
        <time>2026-08-19T19:19:26Z</time>
      </trkpt>
      <trkpt lat="46.23350000000001" lon="11.995230000000001">
        <time>2026-08-19T19:19:27Z</time>
      </trkpt>
      <trkpt lat="46.23350000000001" lon="11.99525">
        <time>2026-08-19T19:19:28Z</time>
      </trkpt>
      <trkpt lat="46.23349" lon="11.995270000000001">
        <time>2026-08-19T19:19:30Z</time>
      </trkpt>
      <trkpt lat="46.23349" lon="11.99529">
        <time>2026-08-19T19:19:31Z</time>
      </trkpt>
      <trkpt lat="46.23348000000001" lon="11.995320000000001">
        <time>2026-08-19T19:19:32Z</time>
      </trkpt>
      <trkpt lat="46.233470000000004" lon="11.99534">
        <time>2026-08-19T19:19:33Z</time>
      </trkpt>
      <trkpt lat="46.23346" lon="11.995360000000002">
        <time>2026-08-19T19:19:35Z</time>
      </trkpt>
      <trkpt lat="46.23346" lon="11.99538">
        <time>2026-08-19T19:19:36Z</time>
      </trkpt>
      <trkpt lat="46.233450000000005" lon="11.995400000000002">
        <time>2026-08-19T19:19:37Z</time>
      </trkpt>
      <trkpt lat="46.23344" lon="11.995420000000001">
        <time>2026-08-19T19:19:38Z</time>
      </trkpt>
      <trkpt lat="46.23344" lon="11.99544">
        <time>2026-08-19T19:19:39Z</time>
      </trkpt>
      <trkpt lat="46.233430000000006" lon="11.995460000000001">
        <time>2026-08-19T19:19:40Z</time>
      </trkpt>
      <trkpt lat="46.23342" lon="11.995500000000002">
        <time>2026-08-19T19:19:42Z</time>
      </trkpt>
      <trkpt lat="46.23342" lon="11.995500000000002">
        <time>2026-08-19T19:19:42Z</time>
      </trkpt>
      <trkpt lat="46.233410000000006" lon="11.995510000000001">
        <time>2026-08-19T19:19:43Z</time>
      </trkpt>
      <trkpt lat="46.233410000000006" lon="11.99553">
        <time>2026-08-19T19:19:44Z</time>
      </trkpt>
      <trkpt lat="46.2334" lon="11.995550000000001">
        <time>2026-08-19T19:19:45Z</time>
      </trkpt>
      <trkpt lat="46.2334" lon="11.99557">
        <time>2026-08-19T19:19:46Z</time>
      </trkpt>
      <trkpt lat="46.23339000000001" lon="11.995590000000002">
        <time>2026-08-19T19:19:47Z</time>
      </trkpt>
      <trkpt lat="46.233380000000004" lon="11.995610000000001">
        <time>2026-08-19T19:19:49Z</time>
      </trkpt>
      <trkpt lat="46.233380000000004" lon="11.99563">
        <time>2026-08-19T19:19:50Z</time>
      </trkpt>
      <trkpt lat="46.233380000000004" lon="11.995650000000001">
        <time>2026-08-19T19:19:51Z</time>
      </trkpt>
      <trkpt lat="46.23337" lon="11.99567">
        <time>2026-08-19T19:19:52Z</time>
      </trkpt>
      <trkpt lat="46.233360000000005" lon="11.995690000000002">
        <time>2026-08-19T19:19:53Z</time>
      </trkpt>
      <trkpt lat="46.233360000000005" lon="11.99571">
        <time>2026-08-19T19:19:54Z</time>
      </trkpt>
      <trkpt lat="46.23335" lon="11.995730000000002">
        <time>2026-08-19T19:19:55Z</time>
      </trkpt>
      <trkpt lat="46.23335" lon="11.995750000000001">
        <time>2026-08-19T19:19:56Z</time>
      </trkpt>
      <trkpt lat="46.233340000000005" lon="11.99577">
        <time>2026-08-19T19:19:57Z</time>
      </trkpt>
      <trkpt lat="46.23333" lon="11.995780000000002">
        <time>2026-08-19T19:19:58Z</time>
      </trkpt>
      <trkpt lat="46.23333" lon="11.995800000000001">
        <time>2026-08-19T19:19:59Z</time>
      </trkpt>
      <trkpt lat="46.233320000000006" lon="11.99582">
        <time>2026-08-19T19:20:00Z</time>
      </trkpt>
      <trkpt lat="46.233320000000006" lon="11.995840000000001">
        <time>2026-08-19T19:20:01Z</time>
      </trkpt>
      <trkpt lat="46.23331" lon="11.99585">
        <time>2026-08-19T19:20:02Z</time>
      </trkpt>
      <trkpt lat="46.23330000000001" lon="11.995870000000002">
        <time>2026-08-19T19:20:03Z</time>
      </trkpt>
      <trkpt lat="46.23330000000001" lon="11.995890000000001">
        <time>2026-08-19T19:20:04Z</time>
      </trkpt>
      <trkpt lat="46.23328" lon="11.9959">
        <time>2026-08-19T19:20:06Z</time>
      </trkpt>
      <trkpt lat="46.23328" lon="11.995920000000002">
        <time>2026-08-19T19:20:07Z</time>
      </trkpt>
      <trkpt lat="46.23326" lon="11.995930000000001">
        <time>2026-08-19T19:20:08Z</time>
      </trkpt>
      <trkpt lat="46.233250000000005" lon="11.995940000000001">
        <time>2026-08-19T19:20:09Z</time>
      </trkpt>
      <trkpt lat="46.233250000000005" lon="11.99596">
        <time>2026-08-19T19:20:10Z</time>
      </trkpt>
      <trkpt lat="46.23324" lon="11.995980000000001">
        <time>2026-08-19T19:20:11Z</time>
      </trkpt>
      <trkpt lat="46.233230000000006" lon="11.996">
        <time>2026-08-19T19:20:13Z</time>
      </trkpt>
      <trkpt lat="46.23322" lon="11.996010000000002">
        <time>2026-08-19T19:20:14Z</time>
      </trkpt>
      <trkpt lat="46.23322" lon="11.996030000000001">
        <time>2026-08-19T19:20:15Z</time>
      </trkpt>
      <trkpt lat="46.23321000000001" lon="11.99605">
        <time>2026-08-19T19:20:16Z</time>
      </trkpt>
      <trkpt lat="46.233200000000004" lon="11.996060000000002">
        <time>2026-08-19T19:20:17Z</time>
      </trkpt>
      <trkpt lat="46.233200000000004" lon="11.996080000000001">
        <time>2026-08-19T19:20:18Z</time>
      </trkpt>
      <trkpt lat="46.23319" lon="11.9961">
        <time>2026-08-19T19:20:19Z</time>
      </trkpt>
      <trkpt lat="46.233180000000004" lon="11.996120000000001">
        <time>2026-08-19T19:20:20Z</time>
      </trkpt>
      <trkpt lat="46.23317" lon="11.99613">
        <time>2026-08-19T19:20:21Z</time>
      </trkpt>
      <trkpt lat="46.23317" lon="11.996150000000002">
        <time>2026-08-19T19:20:22Z</time>
      </trkpt>
      <trkpt lat="46.23317" lon="11.996170000000001">
        <time>2026-08-19T19:20:23Z</time>
      </trkpt>
      <trkpt lat="46.233160000000005" lon="11.99619">
        <time>2026-08-19T19:20:24Z</time>
      </trkpt>
      <trkpt lat="46.233160000000005" lon="11.996210000000001">
        <time>2026-08-19T19:20:25Z</time>
      </trkpt>
      <trkpt lat="46.23315" lon="11.99623">
        <time>2026-08-19T19:20:26Z</time>
      </trkpt>
      <trkpt lat="46.23315" lon="11.996250000000002">
        <time>2026-08-19T19:20:27Z</time>
      </trkpt>
      <trkpt lat="46.23315" lon="11.99627">
        <time>2026-08-19T19:20:28Z</time>
      </trkpt>
      <trkpt lat="46.23315" lon="11.99629">
        <time>2026-08-19T19:20:29Z</time>
      </trkpt>
      <trkpt lat="46.23315" lon="11.996310000000001">
        <time>2026-08-19T19:20:30Z</time>
      </trkpt>
      <trkpt lat="46.23315" lon="11.99633">
        <time>2026-08-19T19:20:31Z</time>
      </trkpt>
      <trkpt lat="46.23315" lon="11.99637">
        <time>2026-08-19T19:20:33Z</time>
      </trkpt>
      <trkpt lat="46.23315" lon="11.99637">
        <time>2026-08-19T19:20:33Z</time>
      </trkpt>
      <trkpt lat="46.23315" lon="11.996390000000002">
        <time>2026-08-19T19:20:34Z</time>
      </trkpt>
      <trkpt lat="46.23315" lon="11.996410000000001">
        <time>2026-08-19T19:20:35Z</time>
      </trkpt>
      <trkpt lat="46.23315" lon="11.99643">
        <time>2026-08-19T19:20:36Z</time>
      </trkpt>
      <trkpt lat="46.23315" lon="11.996450000000001">
        <time>2026-08-19T19:20:37Z</time>
      </trkpt>
      <trkpt lat="46.23315" lon="11.99647">
        <time>2026-08-19T19:20:38Z</time>
      </trkpt>
      <trkpt lat="46.23315" lon="11.996490000000001">
        <time>2026-08-19T19:20:39Z</time>
      </trkpt>
      <trkpt lat="46.233160000000005" lon="11.99651">
        <time>2026-08-19T19:20:40Z</time>
      </trkpt>
      <trkpt lat="46.233160000000005" lon="11.996550000000001">
        <time>2026-08-19T19:20:42Z</time>
      </trkpt>
      <trkpt lat="46.233160000000005" lon="11.996550000000001">
        <time>2026-08-19T19:20:42Z</time>
      </trkpt>
      <trkpt lat="46.23317" lon="11.99657">
        <time>2026-08-19T19:20:43Z</time>
      </trkpt>
      <trkpt lat="46.23317" lon="11.996590000000001">
        <time>2026-08-19T19:20:44Z</time>
      </trkpt>
      <trkpt lat="46.233180000000004" lon="11.996620000000002">
        <time>2026-08-19T19:20:46Z</time>
      </trkpt>
      <trkpt lat="46.233180000000004" lon="11.996640000000001">
        <time>2026-08-19T19:20:47Z</time>
      </trkpt>
      <trkpt lat="46.233180000000004" lon="11.99666">
        <time>2026-08-19T19:20:48Z</time>
      </trkpt>
      <trkpt lat="46.233180000000004" lon="11.996690000000001">
        <time>2026-08-19T19:20:49Z</time>
      </trkpt>
      <trkpt lat="46.23319" lon="11.99671">
        <time>2026-08-19T19:20:51Z</time>
      </trkpt>
      <trkpt lat="46.23319" lon="11.996730000000001">
        <time>2026-08-19T19:20:51Z</time>
      </trkpt>
      <trkpt lat="46.233200000000004" lon="11.99675">
        <time>2026-08-19T19:20:53Z</time>
      </trkpt>
      <trkpt lat="46.233200000000004" lon="11.996770000000001">
        <time>2026-08-19T19:20:54Z</time>
      </trkpt>
      <trkpt lat="46.23321000000001" lon="11.9968">
        <time>2026-08-19T19:20:55Z</time>
      </trkpt>
      <trkpt lat="46.23322" lon="11.996820000000001">
        <time>2026-08-19T19:20:57Z</time>
      </trkpt>
      <trkpt lat="46.23322" lon="11.99684">
        <time>2026-08-19T19:20:57Z</time>
      </trkpt>
      <trkpt lat="46.23322" lon="11.996860000000002">
        <time>2026-08-19T19:20:58Z</time>
      </trkpt>
      <trkpt lat="46.23322" lon="11.996870000000001">
        <time>2026-08-19T19:20:59Z</time>
      </trkpt>
      <trkpt lat="46.233230000000006" lon="11.99689">
        <time>2026-08-19T19:21:00Z</time>
      </trkpt>
      <trkpt lat="46.233230000000006" lon="11.996910000000002">
        <time>2026-08-19T19:21:01Z</time>
      </trkpt>
      <trkpt lat="46.233230000000006" lon="11.99693">
        <time>2026-08-19T19:21:02Z</time>
      </trkpt>
      <trkpt lat="46.23322" lon="11.996950000000002">
        <time>2026-08-19T19:21:03Z</time>
      </trkpt>
      <trkpt lat="46.23322" lon="11.99699">
        <time>2026-08-19T19:21:05Z</time>
      </trkpt>
      <trkpt lat="46.23322" lon="11.997010000000001">
        <time>2026-08-19T19:21:06Z</time>
      </trkpt>
      <trkpt lat="46.23322" lon="11.99703">
        <time>2026-08-19T19:21:07Z</time>
      </trkpt>
      <trkpt lat="46.23322" lon="11.99703">
        <time>2026-08-19T19:21:07Z</time>
      </trkpt>
      <trkpt lat="46.23322" lon="11.997050000000002">
        <time>2026-08-19T19:21:08Z</time>
      </trkpt>
      <trkpt lat="46.23322" lon="11.99707">
        <time>2026-08-19T19:21:09Z</time>
      </trkpt>
      <trkpt lat="46.23322" lon="11.997090000000002">
        <time>2026-08-19T19:21:10Z</time>
      </trkpt>
      <trkpt lat="46.23321000000001" lon="11.99713">
        <time>2026-08-19T19:21:12Z</time>
      </trkpt>
      <trkpt lat="46.23321000000001" lon="11.99713">
        <time>2026-08-19T19:21:12Z</time>
      </trkpt>
      <trkpt lat="46.23321000000001" lon="11.997150000000001">
        <time>2026-08-19T19:21:13Z</time>
      </trkpt>
      <trkpt lat="46.23321000000001" lon="11.99718">
        <time>2026-08-19T19:21:15Z</time>
      </trkpt>
      <trkpt lat="46.23321000000001" lon="11.99718">
        <time>2026-08-19T19:21:15Z</time>
      </trkpt>
      <trkpt lat="46.23321000000001" lon="11.997200000000001">
        <time>2026-08-19T19:21:16Z</time>
      </trkpt>
      <trkpt lat="46.233200000000004" lon="11.997240000000001">
        <time>2026-08-19T19:21:18Z</time>
      </trkpt>
      <trkpt lat="46.233200000000004" lon="11.997250000000001">
        <time>2026-08-19T19:21:18Z</time>
      </trkpt>
      <trkpt lat="46.233200000000004" lon="11.997250000000001">
        <time>2026-08-19T19:21:18Z</time>
      </trkpt>
      <trkpt lat="46.233200000000004" lon="11.997290000000001">
        <time>2026-08-19T19:21:20Z</time>
      </trkpt>
      <trkpt lat="46.233200000000004" lon="11.997300000000001">
        <time>2026-08-19T19:21:21Z</time>
      </trkpt>
      <trkpt lat="46.23319" lon="11.99732">
        <time>2026-08-19T19:21:22Z</time>
      </trkpt>
      <trkpt lat="46.23319" lon="11.997340000000001">
        <time>2026-08-19T19:21:23Z</time>
      </trkpt>
      <trkpt lat="46.233180000000004" lon="11.99736">
        <time>2026-08-19T19:21:24Z</time>
      </trkpt>
      <trkpt lat="46.233180000000004" lon="11.99736">
        <time>2026-08-19T19:21:24Z</time>
      </trkpt>
      <trkpt lat="46.233180000000004" lon="11.9974">
        <time>2026-08-19T19:21:26Z</time>
      </trkpt>
      <trkpt lat="46.233180000000004" lon="11.9974">
        <time>2026-08-19T19:21:26Z</time>
      </trkpt>
      <trkpt lat="46.233180000000004" lon="11.997420000000002">
        <time>2026-08-19T19:21:27Z</time>
      </trkpt>
      <trkpt lat="46.23317" lon="11.997470000000002">
        <time>2026-08-19T19:21:30Z</time>
      </trkpt>
      <trkpt lat="46.23317" lon="11.99749">
        <time>2026-08-19T19:21:31Z</time>
      </trkpt>
      <trkpt lat="46.233160000000005" lon="11.99751">
        <time>2026-08-19T19:21:32Z</time>
      </trkpt>
      <trkpt lat="46.233160000000005" lon="11.99751">
        <time>2026-08-19T19:21:32Z</time>
      </trkpt>
      <trkpt lat="46.23315" lon="11.99755">
        <time>2026-08-19T19:21:34Z</time>
      </trkpt>
      <trkpt lat="46.23315" lon="11.99755">
        <time>2026-08-19T19:21:34Z</time>
      </trkpt>
      <trkpt lat="46.23315" lon="11.9976">
        <time>2026-08-19T19:21:36Z</time>
      </trkpt>
      <trkpt lat="46.23315" lon="11.997620000000001">
        <time>2026-08-19T19:21:37Z</time>
      </trkpt>
      <trkpt lat="46.23315" lon="11.997620000000001">
        <time>2026-08-19T19:21:37Z</time>
      </trkpt>
      <trkpt lat="46.23315" lon="11.99764">
        <time>2026-08-19T19:21:38Z</time>
      </trkpt>
      <trkpt lat="46.233160000000005" lon="11.997660000000002">
        <time>2026-08-19T19:21:39Z</time>
      </trkpt>
      <trkpt lat="46.23317" lon="11.997700000000002">
        <time>2026-08-19T19:21:42Z</time>
      </trkpt>
      <trkpt lat="46.23317" lon="11.997720000000001">
        <time>2026-08-19T19:21:42Z</time>
      </trkpt>
      <trkpt lat="46.23317" lon="11.997750000000002">
        <time>2026-08-19T19:21:44Z</time>
      </trkpt>
      <trkpt lat="46.23317" lon="11.997770000000001">
        <time>2026-08-19T19:21:45Z</time>
      </trkpt>
      <trkpt lat="46.233180000000004" lon="11.99779">
        <time>2026-08-19T19:21:46Z</time>
      </trkpt>
      <trkpt lat="46.233180000000004" lon="11.99779">
        <time>2026-08-19T19:21:46Z</time>
      </trkpt>
      <trkpt lat="46.233180000000004" lon="11.99782">
        <time>2026-08-19T19:21:48Z</time>
      </trkpt>
      <trkpt lat="46.233180000000004" lon="11.997840000000002">
        <time>2026-08-19T19:21:49Z</time>
      </trkpt>
      <trkpt lat="46.23319" lon="11.997860000000001">
        <time>2026-08-19T19:21:50Z</time>
      </trkpt>
      <trkpt lat="46.23319" lon="11.99788">
        <time>2026-08-19T19:21:51Z</time>
      </trkpt>
      <trkpt lat="46.23319" lon="11.997900000000001">
        <time>2026-08-19T19:21:52Z</time>
      </trkpt>
      <trkpt lat="46.23319" lon="11.99792">
        <time>2026-08-19T19:21:53Z</time>
      </trkpt>
      <trkpt lat="46.233200000000004" lon="11.997940000000002">
        <time>2026-08-19T19:21:54Z</time>
      </trkpt>
      <trkpt lat="46.233200000000004" lon="11.99796">
        <time>2026-08-19T19:21:55Z</time>
      </trkpt>
      <trkpt lat="46.233200000000004" lon="11.997980000000002">
        <time>2026-08-19T19:21:56Z</time>
      </trkpt>
      <trkpt lat="46.233200000000004" lon="11.998000000000001">
        <time>2026-08-19T19:21:57Z</time>
      </trkpt>
      <trkpt lat="46.233200000000004" lon="11.99802">
        <time>2026-08-19T19:21:58Z</time>
      </trkpt>
      <trkpt lat="46.233200000000004" lon="11.99802">
        <time>2026-08-19T19:21:58Z</time>
      </trkpt>
      <trkpt lat="46.233200000000004" lon="11.998050000000001">
        <time>2026-08-19T19:21:59Z</time>
      </trkpt>
      <trkpt lat="46.233200000000004" lon="11.998050000000001">
        <time>2026-08-19T19:21:59Z</time>
      </trkpt>
      <trkpt lat="46.233200000000004" lon="11.998090000000001">
        <time>2026-08-19T19:22:01Z</time>
      </trkpt>
      <trkpt lat="46.233200000000004" lon="11.9981">
        <time>2026-08-19T19:22:02Z</time>
      </trkpt>
      <trkpt lat="46.233200000000004" lon="11.99812">
        <time>2026-08-19T19:22:03Z</time>
      </trkpt>
      <trkpt lat="46.233200000000004" lon="11.99812">
        <time>2026-08-19T19:22:03Z</time>
      </trkpt>
      <trkpt lat="46.233200000000004" lon="11.99816">
        <time>2026-08-19T19:22:05Z</time>
      </trkpt>
      <trkpt lat="46.233200000000004" lon="11.998180000000001">
        <time>2026-08-19T19:22:06Z</time>
      </trkpt>
      <trkpt lat="46.23321000000001" lon="11.9982">
        <time>2026-08-19T19:22:07Z</time>
      </trkpt>
      <trkpt lat="46.23321000000001" lon="11.998220000000002">
        <time>2026-08-19T19:22:08Z</time>
      </trkpt>
      <trkpt lat="46.23321000000001" lon="11.998240000000001">
        <time>2026-08-19T19:22:09Z</time>
      </trkpt>
      <trkpt lat="46.23322" lon="11.998270000000002">
        <time>2026-08-19T19:22:10Z</time>
      </trkpt>
      <trkpt lat="46.23322" lon="11.99829">
        <time>2026-08-19T19:22:11Z</time>
      </trkpt>
      <trkpt lat="46.23322" lon="11.998310000000002">
        <time>2026-08-19T19:22:12Z</time>
      </trkpt>
      <trkpt lat="46.23322" lon="11.998310000000002">
        <time>2026-08-19T19:22:12Z</time>
      </trkpt>
      <trkpt lat="46.233230000000006" lon="11.99835">
        <time>2026-08-19T19:22:15Z</time>
      </trkpt>
      <trkpt lat="46.233230000000006" lon="11.998360000000002">
        <time>2026-08-19T19:22:15Z</time>
      </trkpt>
      <trkpt lat="46.233230000000006" lon="11.998360000000002">
        <time>2026-08-19T19:22:15Z</time>
      </trkpt>
      <trkpt lat="46.23322" lon="11.99839">
        <time>2026-08-19T19:22:17Z</time>
      </trkpt>
      <trkpt lat="46.23322" lon="11.998410000000002">
        <time>2026-08-19T19:22:18Z</time>
      </trkpt>
      <trkpt lat="46.23322" lon="11.99843">
        <time>2026-08-19T19:22:19Z</time>
      </trkpt>
      <trkpt lat="46.23322" lon="11.998450000000002">
        <time>2026-08-19T19:22:20Z</time>
      </trkpt>
      <trkpt lat="46.23322" lon="11.998470000000001">
        <time>2026-08-19T19:22:21Z</time>
      </trkpt>
      <trkpt lat="46.23322" lon="11.998470000000001">
        <time>2026-08-19T19:22:21Z</time>
      </trkpt>
      <trkpt lat="46.23322" lon="11.998510000000001">
        <time>2026-08-19T19:22:22Z</time>
      </trkpt>
      <trkpt lat="46.23322" lon="11.99853">
        <time>2026-08-19T19:22:23Z</time>
      </trkpt>
      <trkpt lat="46.23322" lon="11.99853">
        <time>2026-08-19T19:22:23Z</time>
      </trkpt>
      <trkpt lat="46.23322" lon="11.998550000000002">
        <time>2026-08-19T19:22:24Z</time>
      </trkpt>
      <trkpt lat="46.233230000000006" lon="11.998590000000002">
        <time>2026-08-19T19:22:27Z</time>
      </trkpt>
      <trkpt lat="46.233230000000006" lon="11.998590000000002">
        <time>2026-08-19T19:22:27Z</time>
      </trkpt>
      <trkpt lat="46.233230000000006" lon="11.99863">
        <time>2026-08-19T19:22:28Z</time>
      </trkpt>
      <trkpt lat="46.233230000000006" lon="11.998650000000001">
        <time>2026-08-19T19:22:29Z</time>
      </trkpt>
      <trkpt lat="46.233230000000006" lon="11.99867">
        <time>2026-08-19T19:22:30Z</time>
      </trkpt>
      <trkpt lat="46.233230000000006" lon="11.998690000000002">
        <time>2026-08-19T19:22:31Z</time>
      </trkpt>
      <trkpt lat="46.233230000000006" lon="11.99871">
        <time>2026-08-19T19:22:32Z</time>
      </trkpt>
      <trkpt lat="46.233230000000006" lon="11.99873">
        <time>2026-08-19T19:22:33Z</time>
      </trkpt>
      <trkpt lat="46.233230000000006" lon="11.99873">
        <time>2026-08-19T19:22:33Z</time>
      </trkpt>
      <trkpt lat="46.23322" lon="11.99877">
        <time>2026-08-19T19:22:35Z</time>
      </trkpt>
      <trkpt lat="46.23322" lon="11.998790000000001">
        <time>2026-08-19T19:22:36Z</time>
      </trkpt>
      <trkpt lat="46.23322" lon="11.99882">
        <time>2026-08-19T19:22:38Z</time>
      </trkpt>
      <trkpt lat="46.23322" lon="11.998840000000001">
        <time>2026-08-19T19:22:39Z</time>
      </trkpt>
      <trkpt lat="46.23322" lon="11.99886">
        <time>2026-08-19T19:22:40Z</time>
      </trkpt>
      <trkpt lat="46.23322" lon="11.998880000000002">
        <time>2026-08-19T19:22:41Z</time>
      </trkpt>
      <trkpt lat="46.23322" lon="11.9989">
        <time>2026-08-19T19:22:42Z</time>
      </trkpt>
      <trkpt lat="46.23322" lon="11.998920000000002">
        <time>2026-08-19T19:22:43Z</time>
      </trkpt>
      <trkpt lat="46.23322" lon="11.998920000000002">
        <time>2026-08-19T19:22:43Z</time>
      </trkpt>
      <trkpt lat="46.23322" lon="11.998940000000001">
        <time>2026-08-19T19:22:44Z</time>
      </trkpt>
      <trkpt lat="46.23322" lon="11.99896">
        <time>2026-08-19T19:22:45Z</time>
      </trkpt>
      <trkpt lat="46.23322" lon="11.998980000000001">
        <time>2026-08-19T19:22:46Z</time>
      </trkpt>
      <trkpt lat="46.23322" lon="11.999">
        <time>2026-08-19T19:22:47Z</time>
      </trkpt>
      <trkpt lat="46.233230000000006" lon="11.999020000000002">
        <time>2026-08-19T19:22:48Z</time>
      </trkpt>
      <trkpt lat="46.233230000000006" lon="11.99904">
        <time>2026-08-19T19:22:49Z</time>
      </trkpt>
      <trkpt lat="46.233230000000006" lon="11.999070000000001">
        <time>2026-08-19T19:22:50Z</time>
      </trkpt>
      <trkpt lat="46.233230000000006" lon="11.99909">
        <time>2026-08-19T19:22:51Z</time>
      </trkpt>
      <trkpt lat="46.233230000000006" lon="11.999110000000002">
        <time>2026-08-19T19:22:52Z</time>
      </trkpt>
      <trkpt lat="46.233230000000006" lon="11.999130000000001">
        <time>2026-08-19T19:22:53Z</time>
      </trkpt>
      <trkpt lat="46.23324" lon="11.99915">
        <time>2026-08-19T19:22:54Z</time>
      </trkpt>
      <trkpt lat="46.23324" lon="11.999170000000001">
        <time>2026-08-19T19:22:55Z</time>
      </trkpt>
      <trkpt lat="46.23324" lon="11.99919">
        <time>2026-08-19T19:22:56Z</time>
      </trkpt>
      <trkpt lat="46.23324" lon="11.999210000000001">
        <time>2026-08-19T19:22:57Z</time>
      </trkpt>
      <trkpt lat="46.23324" lon="11.99923">
        <time>2026-08-19T19:22:58Z</time>
      </trkpt>
      <trkpt lat="46.23324" lon="11.999250000000002">
        <time>2026-08-19T19:22:59Z</time>
      </trkpt>
      <trkpt lat="46.233250000000005" lon="11.999270000000001">
        <time>2026-08-19T19:23:01Z</time>
      </trkpt>
      <trkpt lat="46.233250000000005" lon="11.99928">
        <time>2026-08-19T19:23:01Z</time>
      </trkpt>
      <trkpt lat="46.233250000000005" lon="11.999300000000002">
        <time>2026-08-19T19:23:02Z</time>
      </trkpt>
      <trkpt lat="46.233250000000005" lon="11.99932">
        <time>2026-08-19T19:23:03Z</time>
      </trkpt>
      <trkpt lat="46.23326" lon="11.999360000000001">
        <time>2026-08-19T19:23:05Z</time>
      </trkpt>
      <trkpt lat="46.23326" lon="11.99938">
        <time>2026-08-19T19:23:06Z</time>
      </trkpt>
      <trkpt lat="46.23326" lon="11.999400000000001">
        <time>2026-08-19T19:23:07Z</time>
      </trkpt>
      <trkpt lat="46.23326" lon="11.999410000000001">
        <time>2026-08-19T19:23:08Z</time>
      </trkpt>
      <trkpt lat="46.23326" lon="11.99943">
        <time>2026-08-19T19:23:09Z</time>
      </trkpt>
      <trkpt lat="46.23326" lon="11.999450000000001">
        <time>2026-08-19T19:23:10Z</time>
      </trkpt>
      <trkpt lat="46.23326" lon="11.99947">
        <time>2026-08-19T19:23:10Z</time>
      </trkpt>
      <trkpt lat="46.23326" lon="11.999490000000002">
        <time>2026-08-19T19:23:11Z</time>
      </trkpt>
      <trkpt lat="46.23326" lon="11.99951">
        <time>2026-08-19T19:23:12Z</time>
      </trkpt>
      <trkpt lat="46.23326" lon="11.999530000000002">
        <time>2026-08-19T19:23:13Z</time>
      </trkpt>
      <trkpt lat="46.233270000000005" lon="11.999550000000001">
        <time>2026-08-19T19:23:15Z</time>
      </trkpt>
      <trkpt lat="46.233270000000005" lon="11.99957">
        <time>2026-08-19T19:23:16Z</time>
      </trkpt>
      <trkpt lat="46.233270000000005" lon="11.999590000000001">
        <time>2026-08-19T19:23:17Z</time>
      </trkpt>
      <trkpt lat="46.233270000000005" lon="11.99962">
        <time>2026-08-19T19:23:18Z</time>
      </trkpt>
      <trkpt lat="46.23328" lon="11.999640000000001">
        <time>2026-08-19T19:23:19Z</time>
      </trkpt>
      <trkpt lat="46.23328" lon="11.99966">
        <time>2026-08-19T19:23:20Z</time>
      </trkpt>
      <trkpt lat="46.23328" lon="11.999680000000001">
        <time>2026-08-19T19:23:21Z</time>
      </trkpt>
      <trkpt lat="46.23328" lon="11.9997">
        <time>2026-08-19T19:23:22Z</time>
      </trkpt>
      <trkpt lat="46.23328" lon="11.9997">
        <time>2026-08-19T19:23:22Z</time>
      </trkpt>
      <trkpt lat="46.233290000000004" lon="11.99975">
        <time>2026-08-19T19:23:25Z</time>
      </trkpt>
      <trkpt lat="46.233290000000004" lon="11.999770000000002">
        <time>2026-08-19T19:23:26Z</time>
      </trkpt>
      <trkpt lat="46.23330000000001" lon="11.99979">
        <time>2026-08-19T19:23:27Z</time>
      </trkpt>
      <trkpt lat="46.23330000000001" lon="11.999810000000002">
        <time>2026-08-19T19:23:28Z</time>
      </trkpt>
      <trkpt lat="46.23330000000001" lon="11.999810000000002">
        <time>2026-08-19T19:23:28Z</time>
      </trkpt>
      <trkpt lat="46.23330000000001" lon="11.999830000000001">
        <time>2026-08-19T19:23:29Z</time>
      </trkpt>
      <trkpt lat="46.23331" lon="11.999870000000001">
        <time>2026-08-19T19:23:31Z</time>
      </trkpt>
      <trkpt lat="46.23331" lon="11.999870000000001">
        <time>2026-08-19T19:23:31Z</time>
      </trkpt>
      <trkpt lat="46.23331" lon="11.99989">
        <time>2026-08-19T19:23:32Z</time>
      </trkpt>
      <trkpt lat="46.233320000000006" lon="11.99993">
        <time>2026-08-19T19:23:34Z</time>
      </trkpt>
      <trkpt lat="46.233320000000006" lon="11.99993">
        <time>2026-08-19T19:23:34Z</time>
      </trkpt>
      <trkpt lat="46.233320000000006" lon="11.99995">
        <time>2026-08-19T19:23:35Z</time>
      </trkpt>
      <trkpt lat="46.23333" lon="11.99998">
        <time>2026-08-19T19:23:37Z</time>
      </trkpt>
      <trkpt lat="46.23333" lon="12.000000000000002">
        <time>2026-08-19T19:23:38Z</time>
      </trkpt>
      <trkpt lat="46.233340000000005" lon="12.00004">
        <time>2026-08-19T19:23:40Z</time>
      </trkpt>
      <trkpt lat="46.233340000000005" lon="12.00004">
        <time>2026-08-19T19:23:40Z</time>
      </trkpt>
      <trkpt lat="46.233340000000005" lon="12.000060000000001">
        <time>2026-08-19T19:23:41Z</time>
      </trkpt>
      <trkpt lat="46.233360000000005" lon="12.000100000000002">
        <time>2026-08-19T19:23:43Z</time>
      </trkpt>
      <trkpt lat="46.23337" lon="12.00012">
        <time>2026-08-19T19:23:44Z</time>
      </trkpt>
      <trkpt lat="46.233380000000004" lon="12.000140000000002">
        <time>2026-08-19T19:23:45Z</time>
      </trkpt>
      <trkpt lat="46.233380000000004" lon="12.000150000000001">
        <time>2026-08-19T19:23:46Z</time>
      </trkpt>
      <trkpt lat="46.23339000000001" lon="12.00017">
        <time>2026-08-19T19:23:47Z</time>
      </trkpt>
      <trkpt lat="46.23339000000001" lon="12.00017">
        <time>2026-08-19T19:23:47Z</time>
      </trkpt>
      <trkpt lat="46.2334" lon="12.00022">
        <time>2026-08-19T19:23:50Z</time>
      </trkpt>
      <trkpt lat="46.2334" lon="12.00023">
        <time>2026-08-19T19:23:50Z</time>
      </trkpt>
      <trkpt lat="46.2334" lon="12.000250000000001">
        <time>2026-08-19T19:23:51Z</time>
      </trkpt>
      <trkpt lat="46.233410000000006" lon="12.00027">
        <time>2026-08-19T19:23:52Z</time>
      </trkpt>
      <trkpt lat="46.233410000000006" lon="12.000290000000001">
        <time>2026-08-19T19:23:53Z</time>
      </trkpt>
      <trkpt lat="46.23342" lon="12.00031">
        <time>2026-08-19T19:23:55Z</time>
      </trkpt>
      <trkpt lat="46.23342" lon="12.000330000000002">
        <time>2026-08-19T19:23:56Z</time>
      </trkpt>
      <trkpt lat="46.233430000000006" lon="12.000350000000001">
        <time>2026-08-19T19:23:57Z</time>
      </trkpt>
      <trkpt lat="46.233430000000006" lon="12.000380000000002">
        <time>2026-08-19T19:23:58Z</time>
      </trkpt>
      <trkpt lat="46.233430000000006" lon="12.000380000000002">
        <time>2026-08-19T19:23:58Z</time>
      </trkpt>
      <trkpt lat="46.23344" lon="12.000420000000002">
        <time>2026-08-19T19:24:00Z</time>
      </trkpt>
      <trkpt lat="46.23344" lon="12.000420000000002">
        <time>2026-08-19T19:24:00Z</time>
      </trkpt>
      <trkpt lat="46.23344" lon="12.00046">
        <time>2026-08-19T19:24:02Z</time>
      </trkpt>
      <trkpt lat="46.23344" lon="12.00046">
        <time>2026-08-19T19:24:02Z</time>
      </trkpt>
      <trkpt lat="46.23344" lon="12.000480000000001">
        <time>2026-08-19T19:24:03Z</time>
      </trkpt>
      <trkpt lat="46.23344" lon="12.000520000000002">
        <time>2026-08-19T19:24:05Z</time>
      </trkpt>
      <trkpt lat="46.23344" lon="12.00054">
        <time>2026-08-19T19:24:06Z</time>
      </trkpt>
      <trkpt lat="46.23344" lon="12.00054">
        <time>2026-08-19T19:24:06Z</time>
      </trkpt>
      <trkpt lat="46.23344" lon="12.000580000000001">
        <time>2026-08-19T19:24:08Z</time>
      </trkpt>
      <trkpt lat="46.23344" lon="12.0006">
        <time>2026-08-19T19:24:09Z</time>
      </trkpt>
      <trkpt lat="46.23344" lon="12.000620000000001">
        <time>2026-08-19T19:24:10Z</time>
      </trkpt>
      <trkpt lat="46.233450000000005" lon="12.00064">
        <time>2026-08-19T19:24:11Z</time>
      </trkpt>
      <trkpt lat="46.233450000000005" lon="12.000660000000002">
        <time>2026-08-19T19:24:12Z</time>
      </trkpt>
      <trkpt lat="46.233450000000005" lon="12.000680000000001">
        <time>2026-08-19T19:24:13Z</time>
      </trkpt>
      <trkpt lat="46.233450000000005" lon="12.000680000000001">
        <time>2026-08-19T19:24:13Z</time>
      </trkpt>
      <trkpt lat="46.23346" lon="12.000720000000001">
        <time>2026-08-19T19:24:15Z</time>
      </trkpt>
      <trkpt lat="46.23346" lon="12.000720000000001">
        <time>2026-08-19T19:24:15Z</time>
      </trkpt>
      <trkpt lat="46.23346" lon="12.000760000000001">
        <time>2026-08-19T19:24:17Z</time>
      </trkpt>
      <trkpt lat="46.23346" lon="12.00078">
        <time>2026-08-19T19:24:18Z</time>
      </trkpt>
      <trkpt lat="46.23346" lon="12.00078">
        <time>2026-08-19T19:24:18Z</time>
      </trkpt>
      <trkpt lat="46.23346" lon="12.000820000000001">
        <time>2026-08-19T19:24:20Z</time>
      </trkpt>
      <trkpt lat="46.23346" lon="12.00084">
        <time>2026-08-19T19:24:21Z</time>
      </trkpt>
      <trkpt lat="46.23346" lon="12.00087">
        <time>2026-08-19T19:24:23Z</time>
      </trkpt>
      <trkpt lat="46.23346" lon="12.000890000000002">
        <time>2026-08-19T19:24:24Z</time>
      </trkpt>
      <trkpt lat="46.23346" lon="12.000910000000001">
        <time>2026-08-19T19:24:25Z</time>
      </trkpt>
      <trkpt lat="46.23346" lon="12.000940000000002">
        <time>2026-08-19T19:24:26Z</time>
      </trkpt>
      <trkpt lat="46.23346" lon="12.000960000000001">
        <time>2026-08-19T19:24:27Z</time>
      </trkpt>
      <trkpt lat="46.23346" lon="12.00098">
        <time>2026-08-19T19:24:28Z</time>
      </trkpt>
      <trkpt lat="46.23346" lon="12.001000000000001">
        <time>2026-08-19T19:24:29Z</time>
      </trkpt>
      <trkpt lat="46.23346" lon="12.00102">
        <time>2026-08-19T19:24:30Z</time>
      </trkpt>
      <trkpt lat="46.23346" lon="12.001040000000001">
        <time>2026-08-19T19:24:31Z</time>
      </trkpt>
      <trkpt lat="46.23346" lon="12.00106">
        <time>2026-08-19T19:24:32Z</time>
      </trkpt>
      <trkpt lat="46.23346" lon="12.00106">
        <time>2026-08-19T19:24:32Z</time>
      </trkpt>
      <trkpt lat="46.233470000000004" lon="12.001100000000001">
        <time>2026-08-19T19:24:34Z</time>
      </trkpt>
      <trkpt lat="46.233470000000004" lon="12.001100000000001">
        <time>2026-08-19T19:24:34Z</time>
      </trkpt>
      <trkpt lat="46.233470000000004" lon="12.00112">
        <time>2026-08-19T19:24:35Z</time>
      </trkpt>
      <trkpt lat="46.233470000000004" lon="12.001140000000001">
        <time>2026-08-19T19:24:36Z</time>
      </trkpt>
      <trkpt lat="46.23348000000001" lon="12.001180000000002">
        <time>2026-08-19T19:24:38Z</time>
      </trkpt>
      <trkpt lat="46.23348000000001" lon="12.0012">
        <time>2026-08-19T19:24:39Z</time>
      </trkpt>
      <trkpt lat="46.23348000000001" lon="12.0012">
        <time>2026-08-19T19:24:39Z</time>
      </trkpt>
      <trkpt lat="46.23349" lon="12.001240000000001">
        <time>2026-08-19T19:24:41Z</time>
      </trkpt>
      <trkpt lat="46.23349" lon="12.001240000000001">
        <time>2026-08-19T19:24:41Z</time>
      </trkpt>
      <trkpt lat="46.23349" lon="12.00126">
        <time>2026-08-19T19:24:42Z</time>
      </trkpt>
      <trkpt lat="46.23350000000001" lon="12.001280000000001">
        <time>2026-08-19T19:24:43Z</time>
      </trkpt>
      <trkpt lat="46.23350000000001" lon="12.001320000000002">
        <time>2026-08-19T19:24:45Z</time>
      </trkpt>
      <trkpt lat="46.23351" lon="12.00134">
        <time>2026-08-19T19:24:47Z</time>
      </trkpt>
      <trkpt lat="46.23351" lon="12.001360000000002">
        <time>2026-08-19T19:24:47Z</time>
      </trkpt>
      <trkpt lat="46.233520000000006" lon="12.001380000000001">
        <time>2026-08-19T19:24:49Z</time>
      </trkpt>
      <trkpt lat="46.233520000000006" lon="12.0014">
        <time>2026-08-19T19:24:50Z</time>
      </trkpt>
      <trkpt lat="46.233520000000006" lon="12.0014">
        <time>2026-08-19T19:24:50Z</time>
      </trkpt>
      <trkpt lat="46.23353" lon="12.001420000000001">
        <time>2026-08-19T19:24:51Z</time>
      </trkpt>
      <trkpt lat="46.233540000000005" lon="12.00145">
        <time>2026-08-19T19:24:53Z</time>
      </trkpt>
      <trkpt lat="46.233540000000005" lon="12.00145">
        <time>2026-08-19T19:24:53Z</time>
      </trkpt>
      <trkpt lat="46.23355" lon="12.001470000000001">
        <time>2026-08-19T19:24:54Z</time>
      </trkpt>
      <trkpt lat="46.233560000000004" lon="12.00148">
        <time>2026-08-19T19:24:55Z</time>
      </trkpt>
      <trkpt lat="46.23357" lon="12.001500000000002">
        <time>2026-08-19T19:24:56Z</time>
      </trkpt>
      <trkpt lat="46.23358" lon="12.001520000000001">
        <time>2026-08-19T19:24:57Z</time>
      </trkpt>
      <trkpt lat="46.23359000000001" lon="12.00154">
        <time>2026-08-19T19:24:58Z</time>
      </trkpt>
      <trkpt lat="46.23359000000001" lon="12.00154">
        <time>2026-08-19T19:24:58Z</time>
      </trkpt>
      <trkpt lat="46.2336" lon="12.001560000000001">
        <time>2026-08-19T19:24:59Z</time>
      </trkpt>
      <trkpt lat="46.2336" lon="12.001560000000001">
        <time>2026-08-19T19:24:59Z</time>
      </trkpt>
      <trkpt lat="46.233610000000006" lon="12.00158">
        <time>2026-08-19T19:25:01Z</time>
      </trkpt>
      <trkpt lat="46.23362" lon="12.00159">
        <time>2026-08-19T19:25:01Z</time>
      </trkpt>
      <trkpt lat="46.23364" lon="12.00162">
        <time>2026-08-19T19:25:03Z</time>
      </trkpt>
      <trkpt lat="46.23364" lon="12.001640000000002">
        <time>2026-08-19T19:25:04Z</time>
      </trkpt>
      <trkpt lat="46.233650000000004" lon="12.001660000000001">
        <time>2026-08-19T19:25:06Z</time>
      </trkpt>
      <trkpt lat="46.23366" lon="12.00168">
        <time>2026-08-19T19:25:07Z</time>
      </trkpt>
      <trkpt lat="46.23366" lon="12.00168">
        <time>2026-08-19T19:25:07Z</time>
      </trkpt>
      <trkpt lat="46.233670000000004" lon="12.001710000000001">
        <time>2026-08-19T19:25:09Z</time>
      </trkpt>
      <trkpt lat="46.23368000000001" lon="12.00172">
        <time>2026-08-19T19:25:09Z</time>
      </trkpt>
      <trkpt lat="46.23369" lon="12.001740000000002">
        <time>2026-08-19T19:25:11Z</time>
      </trkpt>
      <trkpt lat="46.233700000000006" lon="12.00176">
        <time>2026-08-19T19:25:12Z</time>
      </trkpt>
      <trkpt lat="46.233700000000006" lon="12.00177">
        <time>2026-08-19T19:25:12Z</time>
      </trkpt>
      <trkpt lat="46.23371" lon="12.00178">
        <time>2026-08-19T19:25:13Z</time>
      </trkpt>
      <trkpt lat="46.23371" lon="12.00178">
        <time>2026-08-19T19:25:13Z</time>
      </trkpt>
      <trkpt lat="46.233720000000005" lon="12.001800000000001">
        <time>2026-08-19T19:25:14Z</time>
      </trkpt>
      <trkpt lat="46.23373" lon="12.00181">
        <time>2026-08-19T19:25:15Z</time>
      </trkpt>
      <trkpt lat="46.23375" lon="12.001830000000002">
        <time>2026-08-19T19:25:17Z</time>
      </trkpt>
      <trkpt lat="46.233760000000004" lon="12.001840000000001">
        <time>2026-08-19T19:25:18Z</time>
      </trkpt>
      <trkpt lat="46.233760000000004" lon="12.001850000000001">
        <time>2026-08-19T19:25:18Z</time>
      </trkpt>
      <trkpt lat="46.23377000000001" lon="12.00186">
        <time>2026-08-19T19:25:19Z</time>
      </trkpt>
      <trkpt lat="46.23378" lon="12.001880000000002">
        <time>2026-08-19T19:25:20Z</time>
      </trkpt>
      <trkpt lat="46.233790000000006" lon="12.001890000000001">
        <time>2026-08-19T19:25:21Z</time>
      </trkpt>
      <trkpt lat="46.2338" lon="12.001900000000001">
        <time>2026-08-19T19:25:22Z</time>
      </trkpt>
      <trkpt lat="46.233810000000005" lon="12.00191">
        <time>2026-08-19T19:25:23Z</time>
      </trkpt>
      <trkpt lat="46.233810000000005" lon="12.00191">
        <time>2026-08-19T19:25:23Z</time>
      </trkpt>
      <trkpt lat="46.233830000000005" lon="12.001940000000001">
        <time>2026-08-19T19:25:25Z</time>
      </trkpt>
      <trkpt lat="46.23384" lon="12.00195">
        <time>2026-08-19T19:25:26Z</time>
      </trkpt>
      <trkpt lat="46.23386000000001" lon="12.00196">
        <time>2026-08-19T19:25:27Z</time>
      </trkpt>
      <trkpt lat="46.23386000000001" lon="12.00196">
        <time>2026-08-19T19:25:27Z</time>
      </trkpt>
      <trkpt lat="46.23387" lon="12.001970000000002">
        <time>2026-08-19T19:25:28Z</time>
      </trkpt>
      <trkpt lat="46.23389" lon="12.001990000000001">
        <time>2026-08-19T19:25:30Z</time>
      </trkpt>
      <trkpt lat="46.233900000000006" lon="12.002">
        <time>2026-08-19T19:25:31Z</time>
      </trkpt>
      <trkpt lat="46.233900000000006" lon="12.002">
        <time>2026-08-19T19:25:31Z</time>
      </trkpt>
      <trkpt lat="46.233920000000005" lon="12.002020000000002">
        <time>2026-08-19T19:25:32Z</time>
      </trkpt>
      <trkpt lat="46.23393" lon="12.002030000000001">
        <time>2026-08-19T19:25:33Z</time>
      </trkpt>
      <trkpt lat="46.233940000000004" lon="12.002040000000001">
        <time>2026-08-19T19:25:34Z</time>
      </trkpt>
      <trkpt lat="46.233940000000004" lon="12.002040000000001">
        <time>2026-08-19T19:25:34Z</time>
      </trkpt>
      <trkpt lat="46.23396" lon="12.00206">
        <time>2026-08-19T19:25:36Z</time>
      </trkpt>
      <trkpt lat="46.23397000000001" lon="12.002080000000001">
        <time>2026-08-19T19:25:37Z</time>
      </trkpt>
      <trkpt lat="46.23397000000001" lon="12.002080000000001">
        <time>2026-08-19T19:25:37Z</time>
      </trkpt>
      <trkpt lat="46.234" lon="12.002110000000002">
        <time>2026-08-19T19:25:40Z</time>
      </trkpt>
      <trkpt lat="46.234010000000005" lon="12.002130000000001">
        <time>2026-08-19T19:25:41Z</time>
      </trkpt>
      <trkpt lat="46.23402" lon="12.00214">
        <time>2026-08-19T19:25:42Z</time>
      </trkpt>
      <trkpt lat="46.23404" lon="12.002160000000002">
        <time>2026-08-19T19:25:43Z</time>
      </trkpt>
      <trkpt lat="46.23405" lon="12.002170000000001">
        <time>2026-08-19T19:25:44Z</time>
      </trkpt>
      <trkpt lat="46.23407" lon="12.002180000000001">
        <time>2026-08-19T19:25:46Z</time>
      </trkpt>
      <trkpt lat="46.234080000000006" lon="12.0022">
        <time>2026-08-19T19:25:47Z</time>
      </trkpt>
      <trkpt lat="46.23409" lon="12.002210000000002">
        <time>2026-08-19T19:25:48Z</time>
      </trkpt>
      <trkpt lat="46.23409" lon="12.002210000000002">
        <time>2026-08-19T19:25:48Z</time>
      </trkpt>
      <trkpt lat="46.23411" lon="12.00224">
        <time>2026-08-19T19:25:50Z</time>
      </trkpt>
      <trkpt lat="46.234120000000004" lon="12.002250000000002">
        <time>2026-08-19T19:25:51Z</time>
      </trkpt>
      <trkpt lat="46.234140000000004" lon="12.002260000000001">
        <time>2026-08-19T19:25:52Z</time>
      </trkpt>
      <trkpt lat="46.23415000000001" lon="12.00228">
        <time>2026-08-19T19:25:54Z</time>
      </trkpt>
      <trkpt lat="46.23416" lon="12.00229">
        <time>2026-08-19T19:25:54Z</time>
      </trkpt>
      <trkpt lat="46.23416" lon="12.002300000000002">
        <time>2026-08-19T19:25:55Z</time>
      </trkpt>
      <trkpt lat="46.23418" lon="12.002310000000001">
        <time>2026-08-19T19:25:56Z</time>
      </trkpt>
      <trkpt lat="46.234190000000005" lon="12.00233">
        <time>2026-08-19T19:25:58Z</time>
      </trkpt>
      <trkpt lat="46.2342" lon="12.00234">
        <time>2026-08-19T19:25:58Z</time>
      </trkpt>
      <trkpt lat="46.2342" lon="12.00234">
        <time>2026-08-19T19:25:58Z</time>
      </trkpt>
      <trkpt lat="46.234210000000004" lon="12.002350000000002">
        <time>2026-08-19T19:25:59Z</time>
      </trkpt>
      <trkpt lat="46.23422" lon="12.002360000000001">
        <time>2026-08-19T19:26:00Z</time>
      </trkpt>
      <trkpt lat="46.234230000000004" lon="12.00237">
        <time>2026-08-19T19:26:01Z</time>
      </trkpt>
      <trkpt lat="46.234260000000006" lon="12.002400000000002">
        <time>2026-08-19T19:26:04Z</time>
      </trkpt>
      <trkpt lat="46.234260000000006" lon="12.002400000000002">
        <time>2026-08-19T19:26:04Z</time>
      </trkpt>
      <trkpt lat="46.23427" lon="12.00242">
        <time>2026-08-19T19:26:05Z</time>
      </trkpt>
      <trkpt lat="46.234280000000005" lon="12.002460000000001">
        <time>2026-08-19T19:26:07Z</time>
      </trkpt>
      <trkpt lat="46.23429" lon="12.00248">
        <time>2026-08-19T19:26:08Z</time>
      </trkpt>
      <trkpt lat="46.234300000000005" lon="12.002500000000001">
        <time>2026-08-19T19:26:09Z</time>
      </trkpt>
      <trkpt lat="46.23431" lon="12.00252">
        <time>2026-08-19T19:26:10Z</time>
      </trkpt>
      <trkpt lat="46.23431" lon="12.002540000000002">
        <time>2026-08-19T19:26:11Z</time>
      </trkpt>
      <trkpt lat="46.234320000000004" lon="12.002550000000001">
        <time>2026-08-19T19:26:12Z</time>
      </trkpt>
      <trkpt lat="46.234320000000004" lon="12.002550000000001">
        <time>2026-08-19T19:26:12Z</time>
      </trkpt>
      <trkpt lat="46.234320000000004" lon="12.00257">
        <time>2026-08-19T19:26:13Z</time>
      </trkpt>
      <trkpt lat="46.23433000000001" lon="12.002600000000001">
        <time>2026-08-19T19:26:15Z</time>
      </trkpt>
      <trkpt lat="46.23433000000001" lon="12.002600000000001">
        <time>2026-08-19T19:26:15Z</time>
      </trkpt>
      <trkpt lat="46.234350000000006" lon="12.002640000000001">
        <time>2026-08-19T19:26:17Z</time>
      </trkpt>
      <trkpt lat="46.23436" lon="12.00266">
        <time>2026-08-19T19:26:19Z</time>
      </trkpt>
      <trkpt lat="46.23436" lon="12.002680000000002">
        <time>2026-08-19T19:26:20Z</time>
      </trkpt>
      <trkpt lat="46.234370000000006" lon="12.0027">
        <time>2026-08-19T19:26:21Z</time>
      </trkpt>
      <trkpt lat="46.23438" lon="12.002720000000002">
        <time>2026-08-19T19:26:22Z</time>
      </trkpt>
      <trkpt lat="46.23438" lon="12.002740000000001">
        <time>2026-08-19T19:26:23Z</time>
      </trkpt>
      <trkpt lat="46.23438" lon="12.00276">
        <time>2026-08-19T19:26:24Z</time>
      </trkpt>
      <trkpt lat="46.234390000000005" lon="12.002780000000001">
        <time>2026-08-19T19:26:25Z</time>
      </trkpt>
      <trkpt lat="46.234390000000005" lon="12.0028">
        <time>2026-08-19T19:26:26Z</time>
      </trkpt>
      <trkpt lat="46.234390000000005" lon="12.002820000000002">
        <time>2026-08-19T19:26:27Z</time>
      </trkpt>
      <trkpt lat="46.2344" lon="12.00284">
        <time>2026-08-19T19:26:28Z</time>
      </trkpt>
      <trkpt lat="46.2344" lon="12.002860000000002">
        <time>2026-08-19T19:26:29Z</time>
      </trkpt>
      <trkpt lat="46.2344" lon="12.002880000000001">
        <time>2026-08-19T19:26:30Z</time>
      </trkpt>
      <trkpt lat="46.2344" lon="12.0029">
        <time>2026-08-19T19:26:31Z</time>
      </trkpt>
      <trkpt lat="46.2344" lon="12.002920000000001">
        <time>2026-08-19T19:26:32Z</time>
      </trkpt>
      <trkpt lat="46.234410000000004" lon="12.00294">
        <time>2026-08-19T19:26:33Z</time>
      </trkpt>
      <trkpt lat="46.234410000000004" lon="12.002960000000002">
        <time>2026-08-19T19:26:34Z</time>
      </trkpt>
      <trkpt lat="46.2344" lon="12.00298">
        <time>2026-08-19T19:26:36Z</time>
      </trkpt>
      <trkpt lat="46.2344" lon="12.003">
        <time>2026-08-19T19:26:37Z</time>
      </trkpt>
      <trkpt lat="46.2344" lon="12.003">
        <time>2026-08-19T19:26:37Z</time>
      </trkpt>
      <trkpt lat="46.2344" lon="12.00304">
        <time>2026-08-19T19:26:39Z</time>
      </trkpt>
      <trkpt lat="46.2344" lon="12.003070000000001">
        <time>2026-08-19T19:26:40Z</time>
      </trkpt>
      <trkpt lat="46.2344" lon="12.00309">
        <time>2026-08-19T19:26:41Z</time>
      </trkpt>
      <trkpt lat="46.2344" lon="12.003110000000001">
        <time>2026-08-19T19:26:42Z</time>
      </trkpt>
      <trkpt lat="46.2344" lon="12.00313">
        <time>2026-08-19T19:26:43Z</time>
      </trkpt>
      <trkpt lat="46.2344" lon="12.003160000000001">
        <time>2026-08-19T19:26:44Z</time>
      </trkpt>
      <trkpt lat="46.2344" lon="12.00318">
        <time>2026-08-19T19:26:45Z</time>
      </trkpt>
      <trkpt lat="46.2344" lon="12.003200000000001">
        <time>2026-08-19T19:26:46Z</time>
      </trkpt>
      <trkpt lat="46.2344" lon="12.00322">
        <time>2026-08-19T19:26:47Z</time>
      </trkpt>
      <trkpt lat="46.2344" lon="12.003240000000002">
        <time>2026-08-19T19:26:48Z</time>
      </trkpt>
      <trkpt lat="46.2344" lon="12.003260000000001">
        <time>2026-08-19T19:26:49Z</time>
      </trkpt>
      <trkpt lat="46.2344" lon="12.003290000000002">
        <time>2026-08-19T19:26:51Z</time>
      </trkpt>
      <trkpt lat="46.2344" lon="12.00331">
        <time>2026-08-19T19:26:52Z</time>
      </trkpt>
      <trkpt lat="46.2344" lon="12.00331">
        <time>2026-08-19T19:26:52Z</time>
      </trkpt>
      <trkpt lat="46.234410000000004" lon="12.003350000000001">
        <time>2026-08-19T19:26:54Z</time>
      </trkpt>
      <trkpt lat="46.234410000000004" lon="12.00337">
        <time>2026-08-19T19:26:55Z</time>
      </trkpt>
      <trkpt lat="46.234410000000004" lon="12.00337">
        <time>2026-08-19T19:26:55Z</time>
      </trkpt>
      <trkpt lat="46.23442000000001" lon="12.00341">
        <time>2026-08-19T19:26:57Z</time>
      </trkpt>
      <trkpt lat="46.23442000000001" lon="12.003430000000002">
        <time>2026-08-19T19:26:58Z</time>
      </trkpt>
      <trkpt lat="46.23442000000001" lon="12.00345">
        <time>2026-08-19T19:26:59Z</time>
      </trkpt>
      <trkpt lat="46.23442000000001" lon="12.00346">
        <time>2026-08-19T19:26:59Z</time>
      </trkpt>
      <trkpt lat="46.23443" lon="12.003480000000001">
        <time>2026-08-19T19:27:00Z</time>
      </trkpt>
      <trkpt lat="46.23443" lon="12.0035">
        <time>2026-08-19T19:27:01Z</time>
      </trkpt>
      <trkpt lat="46.234440000000006" lon="12.003520000000002">
        <time>2026-08-19T19:27:03Z</time>
      </trkpt>
      <trkpt lat="46.234440000000006" lon="12.00355">
        <time>2026-08-19T19:27:04Z</time>
      </trkpt>
      <trkpt lat="46.234440000000006" lon="12.00355">
        <time>2026-08-19T19:27:04Z</time>
      </trkpt>
      <trkpt lat="46.23445" lon="12.00359">
        <time>2026-08-19T19:27:06Z</time>
      </trkpt>
      <trkpt lat="46.23445" lon="12.0036">
        <time>2026-08-19T19:27:07Z</time>
      </trkpt>
      <trkpt lat="46.23445" lon="12.0036">
        <time>2026-08-19T19:27:07Z</time>
      </trkpt>
      <trkpt lat="46.234460000000006" lon="12.003620000000002">
        <time>2026-08-19T19:27:08Z</time>
      </trkpt>
      <trkpt lat="46.234460000000006" lon="12.003670000000001">
        <time>2026-08-19T19:27:10Z</time>
      </trkpt>
      <trkpt lat="46.23447" lon="12.003680000000001">
        <time>2026-08-19T19:27:11Z</time>
      </trkpt>
      <trkpt lat="46.23447" lon="12.0037">
        <time>2026-08-19T19:27:12Z</time>
      </trkpt>
      <trkpt lat="46.23447" lon="12.0037">
        <time>2026-08-19T19:27:12Z</time>
      </trkpt>
      <trkpt lat="46.23447" lon="12.003720000000001">
        <time>2026-08-19T19:27:13Z</time>
      </trkpt>
      <trkpt lat="46.23447" lon="12.00374">
        <time>2026-08-19T19:27:14Z</time>
      </trkpt>
      <trkpt lat="46.234480000000005" lon="12.003760000000002">
        <time>2026-08-19T19:27:15Z</time>
      </trkpt>
      <trkpt lat="46.234480000000005" lon="12.00379">
        <time>2026-08-19T19:27:17Z</time>
      </trkpt>
      <trkpt lat="46.234480000000005" lon="12.00379">
        <time>2026-08-19T19:27:17Z</time>
      </trkpt>
      <trkpt lat="46.23449" lon="12.003800000000002">
        <time>2026-08-19T19:27:18Z</time>
      </trkpt>
      <trkpt lat="46.23449" lon="12.00384">
        <time>2026-08-19T19:27:20Z</time>
      </trkpt>
      <trkpt lat="46.23449" lon="12.003850000000002">
        <time>2026-08-19T19:27:20Z</time>
      </trkpt>
      <trkpt lat="46.234500000000004" lon="12.003870000000001">
        <time>2026-08-19T19:27:21Z</time>
      </trkpt>
      <trkpt lat="46.234500000000004" lon="12.003870000000001">
        <time>2026-08-19T19:27:21Z</time>
      </trkpt>
      <trkpt lat="46.234500000000004" lon="12.003900000000002">
        <time>2026-08-19T19:27:23Z</time>
      </trkpt>
      <trkpt lat="46.234500000000004" lon="12.003910000000001">
        <time>2026-08-19T19:27:23Z</time>
      </trkpt>
      <trkpt lat="46.234500000000004" lon="12.00393">
        <time>2026-08-19T19:27:24Z</time>
      </trkpt>
      <trkpt lat="46.234500000000004" lon="12.003950000000001">
        <time>2026-08-19T19:27:25Z</time>
      </trkpt>
      <trkpt lat="46.234500000000004" lon="12.003960000000001">
        <time>2026-08-19T19:27:26Z</time>
      </trkpt>
      <trkpt lat="46.234500000000004" lon="12.003960000000001">
        <time>2026-08-19T19:27:26Z</time>
      </trkpt>
      <trkpt lat="46.23451000000001" lon="12.00398">
        <time>2026-08-19T19:27:27Z</time>
      </trkpt>
      <trkpt lat="46.23451000000001" lon="12.004000000000001">
        <time>2026-08-19T19:27:28Z</time>
      </trkpt>
      <trkpt lat="46.23451000000001" lon="12.00402">
        <time>2026-08-19T19:27:29Z</time>
      </trkpt>
      <trkpt lat="46.23452" lon="12.004040000000002">
        <time>2026-08-19T19:27:30Z</time>
      </trkpt>
      <trkpt lat="46.23452" lon="12.004050000000001">
        <time>2026-08-19T19:27:31Z</time>
      </trkpt>
      <trkpt lat="46.23452" lon="12.00407">
        <time>2026-08-19T19:27:32Z</time>
      </trkpt>
      <trkpt lat="46.23453000000001" lon="12.004090000000001">
        <time>2026-08-19T19:27:33Z</time>
      </trkpt>
      <trkpt lat="46.23454" lon="12.00411">
        <time>2026-08-19T19:27:34Z</time>
      </trkpt>
      <trkpt lat="46.23454" lon="12.004130000000002">
        <time>2026-08-19T19:27:35Z</time>
      </trkpt>
      <trkpt lat="46.234550000000006" lon="12.004140000000001">
        <time>2026-08-19T19:27:36Z</time>
      </trkpt>
      <trkpt lat="46.23456" lon="12.00416">
        <time>2026-08-19T19:27:37Z</time>
      </trkpt>
      <trkpt lat="46.234570000000005" lon="12.004180000000002">
        <time>2026-08-19T19:27:38Z</time>
      </trkpt>
      <trkpt lat="46.234570000000005" lon="12.0042">
        <time>2026-08-19T19:27:39Z</time>
      </trkpt>
      <trkpt lat="46.23458" lon="12.00421">
        <time>2026-08-19T19:27:40Z</time>
      </trkpt>
      <trkpt lat="46.23458" lon="12.004230000000002">
        <time>2026-08-19T19:27:41Z</time>
      </trkpt>
      <trkpt lat="46.234590000000004" lon="12.004270000000002">
        <time>2026-08-19T19:27:43Z</time>
      </trkpt>
      <trkpt lat="46.234590000000004" lon="12.004270000000002">
        <time>2026-08-19T19:27:43Z</time>
      </trkpt>
      <trkpt lat="46.2346" lon="12.004290000000001">
        <time>2026-08-19T19:27:44Z</time>
      </trkpt>
      <trkpt lat="46.23461" lon="12.004330000000001">
        <time>2026-08-19T19:27:46Z</time>
      </trkpt>
      <trkpt lat="46.23461" lon="12.004330000000001">
        <time>2026-08-19T19:27:46Z</time>
      </trkpt>
      <trkpt lat="46.23461" lon="12.00435">
        <time>2026-08-19T19:27:47Z</time>
      </trkpt>
      <trkpt lat="46.23462000000001" lon="12.004370000000002">
        <time>2026-08-19T19:27:49Z</time>
      </trkpt>
      <trkpt lat="46.23463" lon="12.004410000000002">
        <time>2026-08-19T19:27:51Z</time>
      </trkpt>
      <trkpt lat="46.23463" lon="12.004410000000002">
        <time>2026-08-19T19:27:51Z</time>
      </trkpt>
      <trkpt lat="46.234640000000006" lon="12.00444">
        <time>2026-08-19T19:27:52Z</time>
      </trkpt>
      <trkpt lat="46.23465" lon="12.004460000000002">
        <time>2026-08-19T19:27:54Z</time>
      </trkpt>
      <trkpt lat="46.23465" lon="12.004460000000002">
        <time>2026-08-19T19:27:54Z</time>
      </trkpt>
      <trkpt lat="46.234660000000005" lon="12.004480000000001">
        <time>2026-08-19T19:27:55Z</time>
      </trkpt>
      <trkpt lat="46.234660000000005" lon="12.0045">
        <time>2026-08-19T19:27:56Z</time>
      </trkpt>
      <trkpt lat="46.234680000000004" lon="12.004510000000002">
        <time>2026-08-19T19:27:57Z</time>
      </trkpt>
      <trkpt lat="46.23469" lon="12.00454">
        <time>2026-08-19T19:27:59Z</time>
      </trkpt>
      <trkpt lat="46.234700000000004" lon="12.004560000000001">
        <time>2026-08-19T19:28:00Z</time>
      </trkpt>
      <trkpt lat="46.234700000000004" lon="12.004560000000001">
        <time>2026-08-19T19:28:00Z</time>
      </trkpt>
      <trkpt lat="46.23472" lon="12.00459">
        <time>2026-08-19T19:28:02Z</time>
      </trkpt>
      <trkpt lat="46.23472" lon="12.004610000000001">
        <time>2026-08-19T19:28:03Z</time>
      </trkpt>
      <trkpt lat="46.23472" lon="12.004610000000001">
        <time>2026-08-19T19:28:03Z</time>
      </trkpt>
      <trkpt lat="46.23474" lon="12.00464">
        <time>2026-08-19T19:28:05Z</time>
      </trkpt>
      <trkpt lat="46.23474" lon="12.004660000000001">
        <time>2026-08-19T19:28:06Z</time>
      </trkpt>
      <trkpt lat="46.23474" lon="12.004660000000001">
        <time>2026-08-19T19:28:06Z</time>
      </trkpt>
      <trkpt lat="46.23476" lon="12.004690000000002">
        <time>2026-08-19T19:28:08Z</time>
      </trkpt>
      <trkpt lat="46.23476" lon="12.004710000000001">
        <time>2026-08-19T19:28:09Z</time>
      </trkpt>
      <trkpt lat="46.23476" lon="12.00473">
        <time>2026-08-19T19:28:10Z</time>
      </trkpt>
      <trkpt lat="46.234770000000005" lon="12.004750000000001">
        <time>2026-08-19T19:28:11Z</time>
      </trkpt>
      <trkpt lat="46.23478" lon="12.00477">
        <time>2026-08-19T19:28:12Z</time>
      </trkpt>
      <trkpt lat="46.23478" lon="12.004790000000002">
        <time>2026-08-19T19:28:13Z</time>
      </trkpt>
      <trkpt lat="46.234790000000004" lon="12.004800000000001">
        <time>2026-08-19T19:28:14Z</time>
      </trkpt>
      <trkpt lat="46.23480000000001" lon="12.00482">
        <time>2026-08-19T19:28:16Z</time>
      </trkpt>
      <trkpt lat="46.23480000000001" lon="12.004840000000002">
        <time>2026-08-19T19:28:17Z</time>
      </trkpt>
      <trkpt lat="46.23480000000001" lon="12.004840000000002">
        <time>2026-08-19T19:28:17Z</time>
      </trkpt>
      <trkpt lat="46.23481" lon="12.00487">
        <time>2026-08-19T19:28:18Z</time>
      </trkpt>
      <trkpt lat="46.23481" lon="12.004890000000001">
        <time>2026-08-19T19:28:19Z</time>
      </trkpt>
      <trkpt lat="46.23481" lon="12.004900000000001">
        <time>2026-08-19T19:28:20Z</time>
      </trkpt>
      <trkpt lat="46.234820000000006" lon="12.00491">
        <time>2026-08-19T19:28:20Z</time>
      </trkpt>
      <trkpt lat="46.234820000000006" lon="12.00491">
        <time>2026-08-19T19:28:20Z</time>
      </trkpt>
      <trkpt lat="46.23483" lon="12.004940000000001">
        <time>2026-08-19T19:28:22Z</time>
      </trkpt>
      <trkpt lat="46.234840000000005" lon="12.004950000000001">
        <time>2026-08-19T19:28:23Z</time>
      </trkpt>
      <trkpt lat="46.234840000000005" lon="12.00497">
        <time>2026-08-19T19:28:24Z</time>
      </trkpt>
      <trkpt lat="46.23485" lon="12.004980000000002">
        <time>2026-08-19T19:28:25Z</time>
      </trkpt>
      <trkpt lat="46.234860000000005" lon="12.004990000000001">
        <time>2026-08-19T19:28:26Z</time>
      </trkpt>
      <trkpt lat="46.234860000000005" lon="12.00501">
        <time>2026-08-19T19:28:27Z</time>
      </trkpt>
      <trkpt lat="46.23487" lon="12.005020000000002">
        <time>2026-08-19T19:28:27Z</time>
      </trkpt>
      <trkpt lat="46.234880000000004" lon="12.005040000000001">
        <time>2026-08-19T19:28:29Z</time>
      </trkpt>
      <trkpt lat="46.23489000000001" lon="12.00505">
        <time>2026-08-19T19:28:30Z</time>
      </trkpt>
      <trkpt lat="46.23489000000001" lon="12.005070000000002">
        <time>2026-08-19T19:28:31Z</time>
      </trkpt>
      <trkpt lat="46.2349" lon="12.005090000000001">
        <time>2026-08-19T19:28:32Z</time>
      </trkpt>
      <trkpt lat="46.2349" lon="12.005090000000001">
        <time>2026-08-19T19:28:32Z</time>
      </trkpt>
      <trkpt lat="46.234910000000006" lon="12.005120000000002">
        <time>2026-08-19T19:28:33Z</time>
      </trkpt>
      <trkpt lat="46.23492" lon="12.005130000000001">
        <time>2026-08-19T19:28:34Z</time>
      </trkpt>
      <trkpt lat="46.234930000000006" lon="12.00515">
        <time>2026-08-19T19:28:35Z</time>
      </trkpt>
      <trkpt lat="46.23494" lon="12.005160000000002">
        <time>2026-08-19T19:28:36Z</time>
      </trkpt>
      <trkpt lat="46.23494" lon="12.005160000000002">
        <time>2026-08-19T19:28:36Z</time>
      </trkpt>
      <trkpt lat="46.234950000000005" lon="12.00519">
        <time>2026-08-19T19:28:38Z</time>
      </trkpt>
      <trkpt lat="46.234950000000005" lon="12.00519">
        <time>2026-08-19T19:28:38Z</time>
      </trkpt>
      <trkpt lat="46.23496" lon="12.005230000000001">
        <time>2026-08-19T19:28:40Z</time>
      </trkpt>
      <trkpt lat="46.23496" lon="12.00524">
        <time>2026-08-19T19:28:40Z</time>
      </trkpt>
      <trkpt lat="46.234970000000004" lon="12.005260000000002">
        <time>2026-08-19T19:28:42Z</time>
      </trkpt>
      <trkpt lat="46.234970000000004" lon="12.00528">
        <time>2026-08-19T19:28:43Z</time>
      </trkpt>
      <trkpt lat="46.23498000000001" lon="12.00529">
        <time>2026-08-19T19:28:44Z</time>
      </trkpt>
      <trkpt lat="46.23498000000001" lon="12.00529">
        <time>2026-08-19T19:28:44Z</time>
      </trkpt>
      <trkpt lat="46.23500000000001" lon="12.005320000000001">
        <time>2026-08-19T19:28:46Z</time>
      </trkpt>
      <trkpt lat="46.23501" lon="12.00533">
        <time>2026-08-19T19:28:46Z</time>
      </trkpt>
      <trkpt lat="46.23501" lon="12.00533">
        <time>2026-08-19T19:28:46Z</time>
      </trkpt>
      <trkpt lat="46.235020000000006" lon="12.00534">
        <time>2026-08-19T19:28:47Z</time>
      </trkpt>
      <trkpt lat="46.235020000000006" lon="12.005360000000001">
        <time>2026-08-19T19:28:48Z</time>
      </trkpt>
      <trkpt lat="46.235040000000005" lon="12.00538">
        <time>2026-08-19T19:28:50Z</time>
      </trkpt>
      <trkpt lat="46.23505" lon="12.005400000000002">
        <time>2026-08-19T19:28:51Z</time>
      </trkpt>
      <trkpt lat="46.235060000000004" lon="12.005410000000001">
        <time>2026-08-19T19:28:52Z</time>
      </trkpt>
      <trkpt lat="46.235060000000004" lon="12.00542">
        <time>2026-08-19T19:28:53Z</time>
      </trkpt>
      <trkpt lat="46.235060000000004" lon="12.00542">
        <time>2026-08-19T19:28:53Z</time>
      </trkpt>
      <trkpt lat="46.23507" lon="12.00544">
        <time>2026-08-19T19:28:54Z</time>
      </trkpt>
      <trkpt lat="46.23507" lon="12.005450000000002">
        <time>2026-08-19T19:28:54Z</time>
      </trkpt>
      <trkpt lat="46.23508" lon="12.005460000000001">
        <time>2026-08-19T19:28:55Z</time>
      </trkpt>
      <trkpt lat="46.23508" lon="12.00548">
        <time>2026-08-19T19:28:56Z</time>
      </trkpt>
      <trkpt lat="46.23509000000001" lon="12.005490000000002">
        <time>2026-08-19T19:28:57Z</time>
      </trkpt>
      <trkpt lat="46.2351" lon="12.005500000000001">
        <time>2026-08-19T19:28:58Z</time>
      </trkpt>
      <trkpt lat="46.235110000000006" lon="12.005510000000001">
        <time>2026-08-19T19:28:59Z</time>
      </trkpt>
      <trkpt lat="46.235110000000006" lon="12.00553">
        <time>2026-08-19T19:29:00Z</time>
      </trkpt>
      <trkpt lat="46.23512" lon="12.005540000000002">
        <time>2026-08-19T19:29:00Z</time>
      </trkpt>
      <trkpt lat="46.235130000000005" lon="12.005550000000001">
        <time>2026-08-19T19:29:01Z</time>
      </trkpt>
      <trkpt lat="46.235130000000005" lon="12.005560000000001">
        <time>2026-08-19T19:29:02Z</time>
      </trkpt>
      <trkpt lat="46.23514" lon="12.00557">
        <time>2026-08-19T19:29:03Z</time>
      </trkpt>
      <trkpt lat="46.235150000000004" lon="12.00558">
        <time>2026-08-19T19:29:04Z</time>
      </trkpt>
      <trkpt lat="46.235150000000004" lon="12.005590000000002">
        <time>2026-08-19T19:29:04Z</time>
      </trkpt>
      <trkpt lat="46.23516" lon="12.005600000000001">
        <time>2026-08-19T19:29:05Z</time>
      </trkpt>
      <trkpt lat="46.235170000000004" lon="12.00561">
        <time>2026-08-19T19:29:06Z</time>
      </trkpt>
      <trkpt lat="46.23518000000001" lon="12.00562">
        <time>2026-08-19T19:29:07Z</time>
      </trkpt>
      <trkpt lat="46.23519" lon="12.005630000000002">
        <time>2026-08-19T19:29:07Z</time>
      </trkpt>
      <trkpt lat="46.235200000000006" lon="12.005640000000001">
        <time>2026-08-19T19:29:08Z</time>
      </trkpt>
      <trkpt lat="46.235200000000006" lon="12.005650000000001">
        <time>2026-08-19T19:29:09Z</time>
      </trkpt>
      <trkpt lat="46.23521" lon="12.00566">
        <time>2026-08-19T19:29:10Z</time>
      </trkpt>
      <trkpt lat="46.235220000000005" lon="12.00567">
        <time>2026-08-19T19:29:11Z</time>
      </trkpt>
      <trkpt lat="46.23523" lon="12.005680000000002">
        <time>2026-08-19T19:29:11Z</time>
      </trkpt>
      <trkpt lat="46.235240000000005" lon="12.005690000000001">
        <time>2026-08-19T19:29:12Z</time>
      </trkpt>
      <trkpt lat="46.235240000000005" lon="12.005700000000001">
        <time>2026-08-19T19:29:13Z</time>
      </trkpt>
      <trkpt lat="46.23525" lon="12.00572">
        <time>2026-08-19T19:29:14Z</time>
      </trkpt>
      <trkpt lat="46.23527000000001" lon="12.005740000000001">
        <time>2026-08-19T19:29:16Z</time>
      </trkpt>
      <trkpt lat="46.23527000000001" lon="12.005740000000001">
        <time>2026-08-19T19:29:16Z</time>
      </trkpt>
      <trkpt lat="46.23528" lon="12.00575">
        <time>2026-08-19T19:29:17Z</time>
      </trkpt>
      <trkpt lat="46.235290000000006" lon="12.00576">
        <time>2026-08-19T19:29:17Z</time>
      </trkpt>
      <trkpt lat="46.235290000000006" lon="12.005780000000001">
        <time>2026-08-19T19:29:18Z</time>
      </trkpt>
      <trkpt lat="46.235310000000005" lon="12.0058">
        <time>2026-08-19T19:29:20Z</time>
      </trkpt>
      <trkpt lat="46.23532" lon="12.005820000000002">
        <time>2026-08-19T19:29:21Z</time>
      </trkpt>
      <trkpt lat="46.235330000000005" lon="12.005830000000001">
        <time>2026-08-19T19:29:22Z</time>
      </trkpt>
      <trkpt lat="46.23534" lon="12.005840000000001">
        <time>2026-08-19T19:29:23Z</time>
      </trkpt>
      <trkpt lat="46.23534" lon="12.00586">
        <time>2026-08-19T19:29:24Z</time>
      </trkpt>
      <trkpt lat="46.23534" lon="12.00586">
        <time>2026-08-19T19:29:24Z</time>
      </trkpt>
      <trkpt lat="46.23536000000001" lon="12.005880000000001">
        <time>2026-08-19T19:29:26Z</time>
      </trkpt>
      <trkpt lat="46.23536000000001" lon="12.0059">
        <time>2026-08-19T19:29:27Z</time>
      </trkpt>
      <trkpt lat="46.23537" lon="12.005910000000002">
        <time>2026-08-19T19:29:28Z</time>
      </trkpt>
      <trkpt lat="46.23537" lon="12.005930000000001">
        <time>2026-08-19T19:29:29Z</time>
      </trkpt>
      <trkpt lat="46.235380000000006" lon="12.00594">
        <time>2026-08-19T19:29:29Z</time>
      </trkpt>
      <trkpt lat="46.235380000000006" lon="12.00594">
        <time>2026-08-19T19:29:29Z</time>
      </trkpt>
      <trkpt lat="46.23539" lon="12.005960000000002">
        <time>2026-08-19T19:29:31Z</time>
      </trkpt>
      <trkpt lat="46.23539" lon="12.005970000000001">
        <time>2026-08-19T19:29:31Z</time>
      </trkpt>
      <trkpt lat="46.235400000000006" lon="12.006">
        <time>2026-08-19T19:29:33Z</time>
      </trkpt>
      <trkpt lat="46.23541" lon="12.006020000000001">
        <time>2026-08-19T19:29:34Z</time>
      </trkpt>
      <trkpt lat="46.235420000000005" lon="12.00604">
        <time>2026-08-19T19:29:35Z</time>
      </trkpt>
      <trkpt lat="46.235420000000005" lon="12.00604">
        <time>2026-08-19T19:29:35Z</time>
      </trkpt>
      <trkpt lat="46.235420000000005" lon="12.00605">
        <time>2026-08-19T19:29:36Z</time>
      </trkpt>
      <trkpt lat="46.235440000000004" lon="12.00608">
        <time>2026-08-19T19:29:38Z</time>
      </trkpt>
      <trkpt lat="46.235440000000004" lon="12.00608">
        <time>2026-08-19T19:29:38Z</time>
      </trkpt>
      <trkpt lat="46.235440000000004" lon="12.006100000000002">
        <time>2026-08-19T19:29:39Z</time>
      </trkpt>
      <trkpt lat="46.23545000000001" lon="12.006120000000001">
        <time>2026-08-19T19:29:40Z</time>
      </trkpt>
      <trkpt lat="46.23545000000001" lon="12.00613">
        <time>2026-08-19T19:29:40Z</time>
      </trkpt>
      <trkpt lat="46.23546" lon="12.006150000000002">
        <time>2026-08-19T19:29:42Z</time>
      </trkpt>
      <trkpt lat="46.23546" lon="12.00619">
        <time>2026-08-19T19:29:44Z</time>
      </trkpt>
      <trkpt lat="46.23547000000001" lon="12.006200000000002">
        <time>2026-08-19T19:29:44Z</time>
      </trkpt>
      <trkpt lat="46.23547000000001" lon="12.006200000000002">
        <time>2026-08-19T19:29:44Z</time>
      </trkpt>
      <trkpt lat="46.23547000000001" lon="12.00622">
        <time>2026-08-19T19:29:45Z</time>
      </trkpt>
      <trkpt lat="46.23547000000001" lon="12.00623">
        <time>2026-08-19T19:29:46Z</time>
      </trkpt>
      <trkpt lat="46.23547000000001" lon="12.006250000000001">
        <time>2026-08-19T19:29:47Z</time>
      </trkpt>
      <trkpt lat="46.23547000000001" lon="12.00627">
        <time>2026-08-19T19:29:48Z</time>
      </trkpt>
      <trkpt lat="46.23547000000001" lon="12.006300000000001">
        <time>2026-08-19T19:29:49Z</time>
      </trkpt>
      <trkpt lat="46.23547000000001" lon="12.006310000000001">
        <time>2026-08-19T19:29:50Z</time>
      </trkpt>
      <trkpt lat="46.23547000000001" lon="12.006310000000001">
        <time>2026-08-19T19:29:50Z</time>
      </trkpt>
      <trkpt lat="46.23547000000001" lon="12.006350000000001">
        <time>2026-08-19T19:29:52Z</time>
      </trkpt>
      <trkpt lat="46.23547000000001" lon="12.006350000000001">
        <time>2026-08-19T19:29:52Z</time>
      </trkpt>
      <trkpt lat="46.23547000000001" lon="12.00637">
        <time>2026-08-19T19:29:53Z</time>
      </trkpt>
      <trkpt lat="46.23547000000001" lon="12.006390000000001">
        <time>2026-08-19T19:29:54Z</time>
      </trkpt>
      <trkpt lat="46.23547000000001" lon="12.006400000000001">
        <time>2026-08-19T19:29:54Z</time>
      </trkpt>
      <trkpt lat="46.23547000000001" lon="12.00642">
        <time>2026-08-19T19:29:55Z</time>
      </trkpt>
      <trkpt lat="46.23547000000001" lon="12.006440000000001">
        <time>2026-08-19T19:29:56Z</time>
      </trkpt>
      <trkpt lat="46.23548" lon="12.006450000000001">
        <time>2026-08-19T19:29:57Z</time>
      </trkpt>
      <trkpt lat="46.23548" lon="12.00647">
        <time>2026-08-19T19:29:58Z</time>
      </trkpt>
      <trkpt lat="46.23548" lon="12.006490000000001">
        <time>2026-08-19T19:29:59Z</time>
      </trkpt>
      <trkpt lat="46.23548" lon="12.0065">
        <time>2026-08-19T19:29:59Z</time>
      </trkpt>
      <trkpt lat="46.235490000000006" lon="12.006520000000002">
        <time>2026-08-19T19:30:01Z</time>
      </trkpt>
      <trkpt lat="46.235490000000006" lon="12.006540000000001">
        <time>2026-08-19T19:30:02Z</time>
      </trkpt>
      <trkpt lat="46.2355" lon="12.00655">
        <time>2026-08-19T19:30:02Z</time>
      </trkpt>
      <trkpt lat="46.2355" lon="12.006570000000002">
        <time>2026-08-19T19:30:03Z</time>
      </trkpt>
      <trkpt lat="46.235510000000005" lon="12.0066">
        <time>2026-08-19T19:30:05Z</time>
      </trkpt>
      <trkpt lat="46.235510000000005" lon="12.006620000000002">
        <time>2026-08-19T19:30:06Z</time>
      </trkpt>
      <trkpt lat="46.235510000000005" lon="12.006620000000002">
        <time>2026-08-19T19:30:06Z</time>
      </trkpt>
      <trkpt lat="46.23552" lon="12.006630000000001">
        <time>2026-08-19T19:30:07Z</time>
      </trkpt>
      <trkpt lat="46.235530000000004" lon="12.00666">
        <time>2026-08-19T19:30:09Z</time>
      </trkpt>
      <trkpt lat="46.235530000000004" lon="12.00666">
        <time>2026-08-19T19:30:09Z</time>
      </trkpt>
      <trkpt lat="46.235530000000004" lon="12.006680000000001">
        <time>2026-08-19T19:30:10Z</time>
      </trkpt>
      <trkpt lat="46.23554" lon="12.0067">
        <time>2026-08-19T19:30:11Z</time>
      </trkpt>
      <trkpt lat="46.23554" lon="12.0067">
        <time>2026-08-19T19:30:11Z</time>
      </trkpt>
      <trkpt lat="46.23554" lon="12.006720000000001">
        <time>2026-08-19T19:30:12Z</time>
      </trkpt>
      <trkpt lat="46.23554" lon="12.00675">
        <time>2026-08-19T19:30:13Z</time>
      </trkpt>
      <trkpt lat="46.23555" lon="12.006760000000002">
        <time>2026-08-19T19:30:14Z</time>
      </trkpt>
      <trkpt lat="46.23555" lon="12.006760000000002">
        <time>2026-08-19T19:30:14Z</time>
      </trkpt>
      <trkpt lat="46.23555" lon="12.00679">
        <time>2026-08-19T19:30:15Z</time>
      </trkpt>
      <trkpt lat="46.23555" lon="12.00679">
        <time>2026-08-19T19:30:15Z</time>
      </trkpt>
      <trkpt lat="46.23556000000001" lon="12.0068">
        <time>2026-08-19T19:30:16Z</time>
      </trkpt>
      <trkpt lat="46.23556000000001" lon="12.006810000000002">
        <time>2026-08-19T19:30:17Z</time>
      </trkpt>
      <trkpt lat="46.23556000000001" lon="12.006820000000001">
        <time>2026-08-19T19:30:17Z</time>
      </trkpt>
      <trkpt lat="46.23557" lon="12.00684">
        <time>2026-08-19T19:30:19Z</time>
      </trkpt>
      <trkpt lat="46.23557" lon="12.006850000000002">
        <time>2026-08-19T19:30:19Z</time>
      </trkpt>
      <trkpt lat="46.235580000000006" lon="12.00688">
        <time>2026-08-19T19:30:21Z</time>
      </trkpt>
      <trkpt lat="46.235580000000006" lon="12.00688">
        <time>2026-08-19T19:30:21Z</time>
      </trkpt>
      <trkpt lat="46.235580000000006" lon="12.006910000000001">
        <time>2026-08-19T19:30:22Z</time>
      </trkpt>
      <trkpt lat="46.235580000000006" lon="12.006910000000001">
        <time>2026-08-19T19:30:22Z</time>
      </trkpt>
      <trkpt lat="46.235580000000006" lon="12.00693">
        <time>2026-08-19T19:30:23Z</time>
      </trkpt>
      <trkpt lat="46.235580000000006" lon="12.00694">
        <time>2026-08-19T19:30:24Z</time>
      </trkpt>
      <trkpt lat="46.23559" lon="12.006960000000001">
        <time>2026-08-19T19:30:25Z</time>
      </trkpt>
      <trkpt lat="46.235600000000005" lon="12.00697">
        <time>2026-08-19T19:30:26Z</time>
      </trkpt>
      <trkpt lat="46.235600000000005" lon="12.00698">
        <time>2026-08-19T19:30:26Z</time>
      </trkpt>
      <trkpt lat="46.23561" lon="12.00702">
        <time>2026-08-19T19:30:28Z</time>
      </trkpt>
      <trkpt lat="46.23561" lon="12.00702">
        <time>2026-08-19T19:30:28Z</time>
      </trkpt>
      <trkpt lat="46.235620000000004" lon="12.007040000000002">
        <time>2026-08-19T19:30:29Z</time>
      </trkpt>
      <trkpt lat="46.235620000000004" lon="12.007060000000001">
        <time>2026-08-19T19:30:30Z</time>
      </trkpt>
      <trkpt lat="46.235620000000004" lon="12.00708">
        <time>2026-08-19T19:30:31Z</time>
      </trkpt>
      <trkpt lat="46.235620000000004" lon="12.00712">
        <time>2026-08-19T19:30:33Z</time>
      </trkpt>
      <trkpt lat="46.235620000000004" lon="12.00712">
        <time>2026-08-19T19:30:33Z</time>
      </trkpt>
      <trkpt lat="46.23563" lon="12.007140000000001">
        <time>2026-08-19T19:30:35Z</time>
      </trkpt>
      <trkpt lat="46.23563" lon="12.00716">
        <time>2026-08-19T19:30:36Z</time>
      </trkpt>
      <trkpt lat="46.23563" lon="12.00717">
        <time>2026-08-19T19:30:36Z</time>
      </trkpt>
      <trkpt lat="46.235640000000004" lon="12.007190000000001">
        <time>2026-08-19T19:30:37Z</time>
      </trkpt>
      <trkpt lat="46.235640000000004" lon="12.007230000000002">
        <time>2026-08-19T19:30:39Z</time>
      </trkpt>
      <trkpt lat="46.235640000000004" lon="12.007230000000002">
        <time>2026-08-19T19:30:39Z</time>
      </trkpt>
      <trkpt lat="46.23566" lon="12.00727">
        <time>2026-08-19T19:30:42Z</time>
      </trkpt>
      <trkpt lat="46.23566" lon="12.00727">
        <time>2026-08-19T19:30:42Z</time>
      </trkpt>
      <trkpt lat="46.23566" lon="12.007290000000001">
        <time>2026-08-19T19:30:43Z</time>
      </trkpt>
      <trkpt lat="46.235670000000006" lon="12.0073">
        <time>2026-08-19T19:30:43Z</time>
      </trkpt>
      <trkpt lat="46.23568" lon="12.007320000000002">
        <time>2026-08-19T19:30:45Z</time>
      </trkpt>
      <trkpt lat="46.23568" lon="12.007330000000001">
        <time>2026-08-19T19:30:45Z</time>
      </trkpt>
      <trkpt lat="46.235690000000005" lon="12.00735">
        <time>2026-08-19T19:30:46Z</time>
      </trkpt>
      <trkpt lat="46.2357" lon="12.007380000000001">
        <time>2026-08-19T19:30:48Z</time>
      </trkpt>
      <trkpt lat="46.2357" lon="12.007380000000001">
        <time>2026-08-19T19:30:48Z</time>
      </trkpt>
      <trkpt lat="46.23572" lon="12.007420000000002">
        <time>2026-08-19T19:30:50Z</time>
      </trkpt>
      <trkpt lat="46.23572" lon="12.007420000000002">
        <time>2026-08-19T19:30:50Z</time>
      </trkpt>
      <trkpt lat="46.23572" lon="12.00744">
        <time>2026-08-19T19:30:51Z</time>
      </trkpt>
      <trkpt lat="46.235730000000004" lon="12.007470000000001">
        <time>2026-08-19T19:30:53Z</time>
      </trkpt>
      <trkpt lat="46.23574000000001" lon="12.00749">
        <time>2026-08-19T19:30:54Z</time>
      </trkpt>
      <trkpt lat="46.23574000000001" lon="12.0075">
        <time>2026-08-19T19:30:55Z</time>
      </trkpt>
      <trkpt lat="46.23575" lon="12.007520000000001">
        <time>2026-08-19T19:30:56Z</time>
      </trkpt>
      <trkpt lat="46.235760000000006" lon="12.00754">
        <time>2026-08-19T19:30:57Z</time>
      </trkpt>
      <trkpt lat="46.235760000000006" lon="12.007560000000002">
        <time>2026-08-19T19:30:58Z</time>
      </trkpt>
      <trkpt lat="46.235760000000006" lon="12.007560000000002">
        <time>2026-08-19T19:30:58Z</time>
      </trkpt>
      <trkpt lat="46.23577" lon="12.00759">
        <time>2026-08-19T19:31:00Z</time>
      </trkpt>
      <trkpt lat="46.235780000000005" lon="12.007610000000001">
        <time>2026-08-19T19:31:01Z</time>
      </trkpt>
      <trkpt lat="46.235780000000005" lon="12.007610000000001">
        <time>2026-08-19T19:31:01Z</time>
      </trkpt>
      <trkpt lat="46.235780000000005" lon="12.00763">
        <time>2026-08-19T19:31:02Z</time>
      </trkpt>
      <trkpt lat="46.23579" lon="12.007660000000001">
        <time>2026-08-19T19:31:04Z</time>
      </trkpt>
      <trkpt lat="46.235800000000005" lon="12.00768">
        <time>2026-08-19T19:31:05Z</time>
      </trkpt>
      <trkpt lat="46.23581" lon="12.00769">
        <time>2026-08-19T19:31:06Z</time>
      </trkpt>
      <trkpt lat="46.23581" lon="12.007710000000001">
        <time>2026-08-19T19:31:07Z</time>
      </trkpt>
      <trkpt lat="46.23581" lon="12.007710000000001">
        <time>2026-08-19T19:31:07Z</time>
      </trkpt>
      <trkpt lat="46.235820000000004" lon="12.007740000000002">
        <time>2026-08-19T19:31:08Z</time>
      </trkpt>
      <trkpt lat="46.235820000000004" lon="12.007750000000001">
        <time>2026-08-19T19:31:09Z</time>
      </trkpt>
      <trkpt lat="46.23583000000001" lon="12.00777">
        <time>2026-08-19T19:31:10Z</time>
      </trkpt>
      <trkpt lat="46.23583000000001" lon="12.00777">
        <time>2026-08-19T19:31:10Z</time>
      </trkpt>
      <trkpt lat="46.23584" lon="12.007800000000001">
        <time>2026-08-19T19:31:12Z</time>
      </trkpt>
      <trkpt lat="46.23584" lon="12.007800000000001">
        <time>2026-08-19T19:31:12Z</time>
      </trkpt>
      <trkpt lat="46.23584" lon="12.007810000000001">
        <time>2026-08-19T19:31:12Z</time>
      </trkpt>
      <trkpt lat="46.235850000000006" lon="12.007840000000002">
        <time>2026-08-19T19:31:14Z</time>
      </trkpt>
      <trkpt lat="46.23586" lon="12.00786">
        <time>2026-08-19T19:31:15Z</time>
      </trkpt>
      <trkpt lat="46.23586" lon="12.00787">
        <time>2026-08-19T19:31:15Z</time>
      </trkpt>
      <trkpt lat="46.23586" lon="12.00787">
        <time>2026-08-19T19:31:15Z</time>
      </trkpt>
      <trkpt lat="46.23586" lon="12.007890000000002">
        <time>2026-08-19T19:31:16Z</time>
      </trkpt>
      <trkpt lat="46.235870000000006" lon="12.007930000000002">
        <time>2026-08-19T19:31:18Z</time>
      </trkpt>
      <trkpt lat="46.23588" lon="12.007940000000001">
        <time>2026-08-19T19:31:19Z</time>
      </trkpt>
      <trkpt lat="46.235890000000005" lon="12.00796">
        <time>2026-08-19T19:31:20Z</time>
      </trkpt>
      <trkpt lat="46.235890000000005" lon="12.007980000000002">
        <time>2026-08-19T19:31:21Z</time>
      </trkpt>
      <trkpt lat="46.235890000000005" lon="12.008000000000001">
        <time>2026-08-19T19:31:22Z</time>
      </trkpt>
      <trkpt lat="46.235890000000005" lon="12.008000000000001">
        <time>2026-08-19T19:31:22Z</time>
      </trkpt>
      <trkpt lat="46.2359" lon="12.008030000000002">
        <time>2026-08-19T19:31:24Z</time>
      </trkpt>
      <trkpt lat="46.235910000000004" lon="12.008040000000001">
        <time>2026-08-19T19:31:25Z</time>
      </trkpt>
      <trkpt lat="46.23592000000001" lon="12.00806">
        <time>2026-08-19T19:31:26Z</time>
      </trkpt>
      <trkpt lat="46.23592000000001" lon="12.008080000000001">
        <time>2026-08-19T19:31:27Z</time>
      </trkpt>
      <trkpt lat="46.23593" lon="12.0081">
        <time>2026-08-19T19:31:28Z</time>
      </trkpt>
      <trkpt lat="46.23593" lon="12.0081">
        <time>2026-08-19T19:31:28Z</time>
      </trkpt>
      <trkpt lat="46.23594000000001" lon="12.008130000000001">
        <time>2026-08-19T19:31:30Z</time>
      </trkpt>
      <trkpt lat="46.23594000000001" lon="12.008130000000001">
        <time>2026-08-19T19:31:30Z</time>
      </trkpt>
      <trkpt lat="46.235960000000006" lon="12.00816">
        <time>2026-08-19T19:31:32Z</time>
      </trkpt>
      <trkpt lat="46.235960000000006" lon="12.00816">
        <time>2026-08-19T19:31:32Z</time>
      </trkpt>
      <trkpt lat="46.235980000000005" lon="12.00819">
        <time>2026-08-19T19:31:34Z</time>
      </trkpt>
      <trkpt lat="46.235980000000005" lon="12.00819">
        <time>2026-08-19T19:31:34Z</time>
      </trkpt>
      <trkpt lat="46.23599" lon="12.008220000000001">
        <time>2026-08-19T19:31:36Z</time>
      </trkpt>
      <trkpt lat="46.236000000000004" lon="12.00824">
        <time>2026-08-19T19:31:37Z</time>
      </trkpt>
      <trkpt lat="46.23601" lon="12.00825">
        <time>2026-08-19T19:31:38Z</time>
      </trkpt>
      <trkpt lat="46.23601" lon="12.00825">
        <time>2026-08-19T19:31:38Z</time>
      </trkpt>
      <trkpt lat="46.23603000000001" lon="12.008280000000001">
        <time>2026-08-19T19:31:40Z</time>
      </trkpt>
      <trkpt lat="46.23604" lon="12.0083">
        <time>2026-08-19T19:31:41Z</time>
      </trkpt>
      <trkpt lat="46.23604" lon="12.0083">
        <time>2026-08-19T19:31:41Z</time>
      </trkpt>
      <trkpt lat="46.236050000000006" lon="12.00833">
        <time>2026-08-19T19:31:43Z</time>
      </trkpt>
      <trkpt lat="46.23606" lon="12.00834">
        <time>2026-08-19T19:31:43Z</time>
      </trkpt>
      <trkpt lat="46.236070000000005" lon="12.008360000000001">
        <time>2026-08-19T19:31:45Z</time>
      </trkpt>
      <trkpt lat="46.23608" lon="12.008370000000001">
        <time>2026-08-19T19:31:45Z</time>
      </trkpt>
      <trkpt lat="46.23608" lon="12.008370000000001">
        <time>2026-08-19T19:31:45Z</time>
      </trkpt>
      <trkpt lat="46.236090000000004" lon="12.008410000000001">
        <time>2026-08-19T19:31:48Z</time>
      </trkpt>
      <trkpt lat="46.2361" lon="12.008420000000001">
        <time>2026-08-19T19:31:48Z</time>
      </trkpt>
      <trkpt lat="46.236110000000004" lon="12.00844">
        <time>2026-08-19T19:31:50Z</time>
      </trkpt>
      <trkpt lat="46.236110000000004" lon="12.008450000000002">
        <time>2026-08-19T19:31:50Z</time>
      </trkpt>
      <trkpt lat="46.23612000000001" lon="12.00847">
        <time>2026-08-19T19:31:51Z</time>
      </trkpt>
      <trkpt lat="46.23613" lon="12.00848">
        <time>2026-08-19T19:31:52Z</time>
      </trkpt>
      <trkpt lat="46.23613" lon="12.00848">
        <time>2026-08-19T19:31:52Z</time>
      </trkpt>
      <trkpt lat="46.236140000000006" lon="12.008510000000001">
        <time>2026-08-19T19:31:54Z</time>
      </trkpt>
      <trkpt lat="46.236140000000006" lon="12.008510000000001">
        <time>2026-08-19T19:31:54Z</time>
      </trkpt>
      <trkpt lat="46.236140000000006" lon="12.00852">
        <time>2026-08-19T19:31:54Z</time>
      </trkpt>
      <trkpt lat="46.236140000000006" lon="12.008540000000002">
        <time>2026-08-19T19:31:55Z</time>
      </trkpt>
      <trkpt lat="46.23615" lon="12.008550000000001">
        <time>2026-08-19T19:31:56Z</time>
      </trkpt>
      <trkpt lat="46.236160000000005" lon="12.00857">
        <time>2026-08-19T19:31:57Z</time>
      </trkpt>
      <trkpt lat="46.236160000000005" lon="12.00858">
        <time>2026-08-19T19:31:58Z</time>
      </trkpt>
      <trkpt lat="46.236180000000004" lon="12.008610000000001">
        <time>2026-08-19T19:32:00Z</time>
      </trkpt>
      <trkpt lat="46.236180000000004" lon="12.00862">
        <time>2026-08-19T19:32:00Z</time>
      </trkpt>
      <trkpt lat="46.236180000000004" lon="12.00862">
        <time>2026-08-19T19:32:00Z</time>
      </trkpt>
      <trkpt lat="46.23619" lon="12.008640000000002">
        <time>2026-08-19T19:32:02Z</time>
      </trkpt>
      <trkpt lat="46.236200000000004" lon="12.00867">
        <time>2026-08-19T19:32:03Z</time>
      </trkpt>
      <trkpt lat="46.23621000000001" lon="12.008690000000001">
        <time>2026-08-19T19:32:04Z</time>
      </trkpt>
      <trkpt lat="46.23621000000001" lon="12.008700000000001">
        <time>2026-08-19T19:32:05Z</time>
      </trkpt>
      <trkpt lat="46.23621000000001" lon="12.008700000000001">
        <time>2026-08-19T19:32:05Z</time>
      </trkpt>
      <trkpt lat="46.236230000000006" lon="12.008740000000001">
        <time>2026-08-19T19:32:07Z</time>
      </trkpt>
      <trkpt lat="46.236230000000006" lon="12.00876">
        <time>2026-08-19T19:32:08Z</time>
      </trkpt>
      <trkpt lat="46.23624" lon="12.008780000000002">
        <time>2026-08-19T19:32:09Z</time>
      </trkpt>
      <trkpt lat="46.236250000000005" lon="12.0088">
        <time>2026-08-19T19:32:11Z</time>
      </trkpt>
      <trkpt lat="46.23626" lon="12.008820000000002">
        <time>2026-08-19T19:32:12Z</time>
      </trkpt>
      <trkpt lat="46.23626" lon="12.008830000000001">
        <time>2026-08-19T19:32:12Z</time>
      </trkpt>
      <trkpt lat="46.23626" lon="12.00885">
        <time>2026-08-19T19:32:13Z</time>
      </trkpt>
      <trkpt lat="46.236270000000005" lon="12.008870000000002">
        <time>2026-08-19T19:32:15Z</time>
      </trkpt>
      <trkpt lat="46.236270000000005" lon="12.008870000000002">
        <time>2026-08-19T19:32:15Z</time>
      </trkpt>
      <trkpt lat="46.23628" lon="12.008890000000001">
        <time>2026-08-19T19:32:16Z</time>
      </trkpt>
      <trkpt lat="46.23628" lon="12.0089">
        <time>2026-08-19T19:32:16Z</time>
      </trkpt>
      <trkpt lat="46.23630000000001" lon="12.00894">
        <time>2026-08-19T19:32:19Z</time>
      </trkpt>
      <trkpt lat="46.23630000000001" lon="12.00894">
        <time>2026-08-19T19:32:19Z</time>
      </trkpt>
      <trkpt lat="46.23630000000001" lon="12.00895">
        <time>2026-08-19T19:32:19Z</time>
      </trkpt>
      <trkpt lat="46.23631" lon="12.008970000000001">
        <time>2026-08-19T19:32:20Z</time>
      </trkpt>
      <trkpt lat="46.23631" lon="12.00899">
        <time>2026-08-19T19:32:21Z</time>
      </trkpt>
      <trkpt lat="46.236320000000006" lon="12.009">
        <time>2026-08-19T19:32:22Z</time>
      </trkpt>
      <trkpt lat="46.23633" lon="12.00904">
        <time>2026-08-19T19:32:24Z</time>
      </trkpt>
      <trkpt lat="46.23633" lon="12.009060000000002">
        <time>2026-08-19T19:32:25Z</time>
      </trkpt>
      <trkpt lat="46.23633" lon="12.009060000000002">
        <time>2026-08-19T19:32:25Z</time>
      </trkpt>
      <trkpt lat="46.236340000000006" lon="12.00909">
        <time>2026-08-19T19:32:27Z</time>
      </trkpt>
      <trkpt lat="46.236340000000006" lon="12.00909">
        <time>2026-08-19T19:32:27Z</time>
      </trkpt>
      <trkpt lat="46.236360000000005" lon="12.009120000000001">
        <time>2026-08-19T19:32:29Z</time>
      </trkpt>
      <trkpt lat="46.236360000000005" lon="12.009120000000001">
        <time>2026-08-19T19:32:29Z</time>
      </trkpt>
      <trkpt lat="46.236360000000005" lon="12.00914">
        <time>2026-08-19T19:32:30Z</time>
      </trkpt>
      <trkpt lat="46.236360000000005" lon="12.009160000000001">
        <time>2026-08-19T19:32:31Z</time>
      </trkpt>
      <trkpt lat="46.23637" lon="12.00919">
        <time>2026-08-19T19:32:33Z</time>
      </trkpt>
      <trkpt lat="46.236380000000004" lon="12.009210000000001">
        <time>2026-08-19T19:32:34Z</time>
      </trkpt>
      <trkpt lat="46.236380000000004" lon="12.009220000000001">
        <time>2026-08-19T19:32:34Z</time>
      </trkpt>
      <trkpt lat="46.236380000000004" lon="12.009220000000001">
        <time>2026-08-19T19:32:34Z</time>
      </trkpt>
      <trkpt lat="46.23639000000001" lon="12.00924">
        <time>2026-08-19T19:32:35Z</time>
      </trkpt>
      <trkpt lat="46.2364" lon="12.009250000000002">
        <time>2026-08-19T19:32:36Z</time>
      </trkpt>
      <trkpt lat="46.2364" lon="12.00927">
        <time>2026-08-19T19:32:37Z</time>
      </trkpt>
      <trkpt lat="46.23641000000001" lon="12.00928">
        <time>2026-08-19T19:32:38Z</time>
      </trkpt>
      <trkpt lat="46.23642" lon="12.009300000000001">
        <time>2026-08-19T19:32:39Z</time>
      </trkpt>
      <trkpt lat="46.236430000000006" lon="12.00932">
        <time>2026-08-19T19:32:41Z</time>
      </trkpt>
      <trkpt lat="46.23644" lon="12.00933">
        <time>2026-08-19T19:32:41Z</time>
      </trkpt>
      <trkpt lat="46.23644" lon="12.009350000000001">
        <time>2026-08-19T19:32:42Z</time>
      </trkpt>
      <trkpt lat="46.23646" lon="12.00937">
        <time>2026-08-19T19:32:44Z</time>
      </trkpt>
      <trkpt lat="46.236470000000004" lon="12.009390000000002">
        <time>2026-08-19T19:32:45Z</time>
      </trkpt>
      <trkpt lat="46.236470000000004" lon="12.009390000000002">
        <time>2026-08-19T19:32:45Z</time>
      </trkpt>
      <trkpt lat="46.23648" lon="12.009400000000001">
        <time>2026-08-19T19:32:46Z</time>
      </trkpt>
      <trkpt lat="46.23650000000001" lon="12.00942">
        <time>2026-08-19T19:32:48Z</time>
      </trkpt>
      <trkpt lat="46.23650000000001" lon="12.00942">
        <time>2026-08-19T19:32:48Z</time>
      </trkpt>
      <trkpt lat="46.23650000000001" lon="12.009430000000002">
        <time>2026-08-19T19:32:48Z</time>
      </trkpt>
      <trkpt lat="46.23653" lon="12.009450000000001">
        <time>2026-08-19T19:32:51Z</time>
      </trkpt>
      <trkpt lat="46.23653" lon="12.00946">
        <time>2026-08-19T19:32:51Z</time>
      </trkpt>
      <trkpt lat="46.23655" lon="12.00947">
        <time>2026-08-19T19:32:53Z</time>
      </trkpt>
      <trkpt lat="46.236560000000004" lon="12.009480000000002">
        <time>2026-08-19T19:32:54Z</time>
      </trkpt>
      <trkpt lat="46.23657" lon="12.009480000000002">
        <time>2026-08-19T19:32:54Z</time>
      </trkpt>
      <trkpt lat="46.236580000000004" lon="12.009490000000001">
        <time>2026-08-19T19:32:55Z</time>
      </trkpt>
      <trkpt lat="46.23659000000001" lon="12.009500000000001">
        <time>2026-08-19T19:32:56Z</time>
      </trkpt>
      <trkpt lat="46.2366" lon="12.009500000000001">
        <time>2026-08-19T19:32:57Z</time>
      </trkpt>
      <trkpt lat="46.236610000000006" lon="12.00951">
        <time>2026-08-19T19:32:58Z</time>
      </trkpt>
      <trkpt lat="46.236630000000005" lon="12.00952">
        <time>2026-08-19T19:32:59Z</time>
      </trkpt>
      <trkpt lat="46.236630000000005" lon="12.00952">
        <time>2026-08-19T19:32:59Z</time>
      </trkpt>
      <trkpt lat="46.236650000000004" lon="12.009530000000002">
        <time>2026-08-19T19:33:01Z</time>
      </trkpt>
      <trkpt lat="46.23666" lon="12.009540000000001">
        <time>2026-08-19T19:33:01Z</time>
      </trkpt>
      <trkpt lat="46.23668000000001" lon="12.00955">
        <time>2026-08-19T19:33:03Z</time>
      </trkpt>
      <trkpt lat="46.23668000000001" lon="12.00955">
        <time>2026-08-19T19:33:03Z</time>
      </trkpt>
      <trkpt lat="46.236700000000006" lon="12.009570000000002">
        <time>2026-08-19T19:33:05Z</time>
      </trkpt>
      <trkpt lat="46.236700000000006" lon="12.009570000000002">
        <time>2026-08-19T19:33:05Z</time>
      </trkpt>
      <trkpt lat="46.236720000000005" lon="12.009580000000001">
        <time>2026-08-19T19:33:06Z</time>
      </trkpt>
      <trkpt lat="46.236740000000005" lon="12.009590000000001">
        <time>2026-08-19T19:33:08Z</time>
      </trkpt>
      <trkpt lat="46.23675" lon="12.009590000000001">
        <time>2026-08-19T19:33:08Z</time>
      </trkpt>
      <trkpt lat="46.236760000000004" lon="12.0096">
        <time>2026-08-19T19:33:09Z</time>
      </trkpt>
      <trkpt lat="46.23677000000001" lon="12.0096">
        <time>2026-08-19T19:33:10Z</time>
      </trkpt>
      <trkpt lat="46.23677000000001" lon="12.0096">
        <time>2026-08-19T19:33:10Z</time>
      </trkpt>
      <trkpt lat="46.2368" lon="12.00961">
        <time>2026-08-19T19:33:12Z</time>
      </trkpt>
      <trkpt lat="46.23682" lon="12.00961">
        <time>2026-08-19T19:33:13Z</time>
      </trkpt>
      <trkpt lat="46.236830000000005" lon="12.009620000000002">
        <time>2026-08-19T19:33:14Z</time>
      </trkpt>
      <trkpt lat="46.23684" lon="12.009620000000002">
        <time>2026-08-19T19:33:15Z</time>
      </trkpt>
      <trkpt lat="46.23686000000001" lon="12.009620000000002">
        <time>2026-08-19T19:33:16Z</time>
      </trkpt>
      <trkpt lat="46.23686000000001" lon="12.009620000000002">
        <time>2026-08-19T19:33:16Z</time>
      </trkpt>
      <trkpt lat="46.23687" lon="12.009620000000002">
        <time>2026-08-19T19:33:17Z</time>
      </trkpt>
      <trkpt lat="46.23689" lon="12.009630000000001">
        <time>2026-08-19T19:33:19Z</time>
      </trkpt>
      <trkpt lat="46.236900000000006" lon="12.009630000000001">
        <time>2026-08-19T19:33:19Z</time>
      </trkpt>
      <trkpt lat="46.23691" lon="12.009630000000001">
        <time>2026-08-19T19:33:20Z</time>
      </trkpt>
      <trkpt lat="46.236920000000005" lon="12.009630000000001">
        <time>2026-08-19T19:33:21Z</time>
      </trkpt>
      <trkpt lat="46.236920000000005" lon="12.009630000000001">
        <time>2026-08-19T19:33:21Z</time>
      </trkpt>
      <trkpt lat="46.23695000000001" lon="12.009630000000001">
        <time>2026-08-19T19:33:23Z</time>
      </trkpt>
      <trkpt lat="46.23695000000001" lon="12.009630000000001">
        <time>2026-08-19T19:33:23Z</time>
      </trkpt>
      <trkpt lat="46.23696" lon="12.009630000000001">
        <time>2026-08-19T19:33:24Z</time>
      </trkpt>
      <trkpt lat="46.23698" lon="12.009630000000001">
        <time>2026-08-19T19:33:25Z</time>
      </trkpt>
      <trkpt lat="46.237" lon="12.009630000000001">
        <time>2026-08-19T19:33:26Z</time>
      </trkpt>
      <trkpt lat="46.237" lon="12.009630000000001">
        <time>2026-08-19T19:33:26Z</time>
      </trkpt>
      <trkpt lat="46.237030000000004" lon="12.009630000000001">
        <time>2026-08-19T19:33:29Z</time>
      </trkpt>
      <trkpt lat="46.23704" lon="12.009640000000001">
        <time>2026-08-19T19:33:29Z</time>
      </trkpt>
      <trkpt lat="46.23705" lon="12.009640000000001">
        <time>2026-08-19T19:33:30Z</time>
      </trkpt>
      <trkpt lat="46.23705" lon="12.009640000000001">
        <time>2026-08-19T19:33:30Z</time>
      </trkpt>
      <trkpt lat="46.23706000000001" lon="12.009640000000001">
        <time>2026-08-19T19:33:31Z</time>
      </trkpt>
      <trkpt lat="46.237080000000006" lon="12.00965">
        <time>2026-08-19T19:33:32Z</time>
      </trkpt>
      <trkpt lat="46.23709" lon="12.009670000000002">
        <time>2026-08-19T19:33:34Z</time>
      </trkpt>
      <trkpt lat="46.237100000000005" lon="12.00969">
        <time>2026-08-19T19:33:35Z</time>
      </trkpt>
      <trkpt lat="46.237100000000005" lon="12.00969">
        <time>2026-08-19T19:33:35Z</time>
      </trkpt>
      <trkpt lat="46.23711" lon="12.0097">
        <time>2026-08-19T19:33:36Z</time>
      </trkpt>
      <trkpt lat="46.237140000000004" lon="12.009730000000001">
        <time>2026-08-19T19:33:38Z</time>
      </trkpt>
      <trkpt lat="46.237140000000004" lon="12.009730000000001">
        <time>2026-08-19T19:33:38Z</time>
      </trkpt>
      <trkpt lat="46.237140000000004" lon="12.00974">
        <time>2026-08-19T19:33:39Z</time>
      </trkpt>
      <trkpt lat="46.23716" lon="12.00975">
        <time>2026-08-19T19:33:40Z</time>
      </trkpt>
      <trkpt lat="46.237170000000006" lon="12.009770000000001">
        <time>2026-08-19T19:33:41Z</time>
      </trkpt>
      <trkpt lat="46.23718" lon="12.009780000000001">
        <time>2026-08-19T19:33:42Z</time>
      </trkpt>
      <trkpt lat="46.237190000000005" lon="12.00979">
        <time>2026-08-19T19:33:43Z</time>
      </trkpt>
      <trkpt lat="46.237190000000005" lon="12.0098">
        <time>2026-08-19T19:33:44Z</time>
      </trkpt>
      <trkpt lat="46.237210000000005" lon="12.009820000000001">
        <time>2026-08-19T19:33:45Z</time>
      </trkpt>
      <trkpt lat="46.237210000000005" lon="12.009820000000001">
        <time>2026-08-19T19:33:45Z</time>
      </trkpt>
      <trkpt lat="46.23722" lon="12.009830000000001">
        <time>2026-08-19T19:33:46Z</time>
      </trkpt>
      <trkpt lat="46.237230000000004" lon="12.00984">
        <time>2026-08-19T19:33:47Z</time>
      </trkpt>
      <trkpt lat="46.237260000000006" lon="12.009870000000001">
        <time>2026-08-19T19:33:50Z</time>
      </trkpt>
      <trkpt lat="46.237260000000006" lon="12.009870000000001">
        <time>2026-08-19T19:33:50Z</time>
      </trkpt>
      <trkpt lat="46.237280000000005" lon="12.009900000000002">
        <time>2026-08-19T19:33:52Z</time>
      </trkpt>
      <trkpt lat="46.23729" lon="12.009910000000001">
        <time>2026-08-19T19:33:52Z</time>
      </trkpt>
      <trkpt lat="46.23729" lon="12.009920000000001">
        <time>2026-08-19T19:33:53Z</time>
      </trkpt>
      <trkpt lat="46.237300000000005" lon="12.00994">
        <time>2026-08-19T19:33:54Z</time>
      </trkpt>
      <trkpt lat="46.237300000000005" lon="12.00994">
        <time>2026-08-19T19:33:54Z</time>
      </trkpt>
      <trkpt lat="46.237320000000004" lon="12.009950000000002">
        <time>2026-08-19T19:33:56Z</time>
      </trkpt>
      <trkpt lat="46.23734" lon="12.00998">
        <time>2026-08-19T19:33:58Z</time>
      </trkpt>
      <trkpt lat="46.23734" lon="12.00998">
        <time>2026-08-19T19:33:58Z</time>
      </trkpt>
      <trkpt lat="46.237350000000006" lon="12.010010000000001">
        <time>2026-08-19T19:33:59Z</time>
      </trkpt>
      <trkpt lat="46.23736" lon="12.01002">
        <time>2026-08-19T19:34:00Z</time>
      </trkpt>
      <trkpt lat="46.237370000000006" lon="12.01003">
        <time>2026-08-19T19:34:01Z</time>
      </trkpt>
      <trkpt lat="46.237370000000006" lon="12.01003">
        <time>2026-08-19T19:34:01Z</time>
      </trkpt>
      <trkpt lat="46.237390000000005" lon="12.010040000000002">
        <time>2026-08-19T19:34:03Z</time>
      </trkpt>
      <trkpt lat="46.237390000000005" lon="12.010040000000002">
        <time>2026-08-19T19:34:03Z</time>
      </trkpt>
      <trkpt lat="46.23742000000001" lon="12.010060000000001">
        <time>2026-08-19T19:34:05Z</time>
      </trkpt>
      <trkpt lat="46.23742000000001" lon="12.010060000000001">
        <time>2026-08-19T19:34:05Z</time>
      </trkpt>
      <trkpt lat="46.23743" lon="12.01007">
        <time>2026-08-19T19:34:06Z</time>
      </trkpt>
      <trkpt lat="46.23744000000001" lon="12.01008">
        <time>2026-08-19T19:34:07Z</time>
      </trkpt>
      <trkpt lat="46.23745" lon="12.010090000000002">
        <time>2026-08-19T19:34:07Z</time>
      </trkpt>
      <trkpt lat="46.237460000000006" lon="12.010100000000001">
        <time>2026-08-19T19:34:08Z</time>
      </trkpt>
      <trkpt lat="46.237480000000005" lon="12.010110000000001">
        <time>2026-08-19T19:34:10Z</time>
      </trkpt>
      <trkpt lat="46.23749" lon="12.01012">
        <time>2026-08-19T19:34:11Z</time>
      </trkpt>
      <trkpt lat="46.237500000000004" lon="12.01013">
        <time>2026-08-19T19:34:12Z</time>
      </trkpt>
      <trkpt lat="46.23752" lon="12.010140000000002">
        <time>2026-08-19T19:34:13Z</time>
      </trkpt>
      <trkpt lat="46.23753000000001" lon="12.010140000000002">
        <time>2026-08-19T19:34:14Z</time>
      </trkpt>
      <trkpt lat="46.23754" lon="12.01016">
        <time>2026-08-19T19:34:15Z</time>
      </trkpt>
      <trkpt lat="46.23756" lon="12.01016">
        <time>2026-08-19T19:34:16Z</time>
      </trkpt>
      <trkpt lat="46.237570000000005" lon="12.01017">
        <time>2026-08-19T19:34:17Z</time>
      </trkpt>
      <trkpt lat="46.23758" lon="12.010180000000002">
        <time>2026-08-19T19:34:18Z</time>
      </trkpt>
      <trkpt lat="46.2376" lon="12.010190000000001">
        <time>2026-08-19T19:34:20Z</time>
      </trkpt>
      <trkpt lat="46.237610000000004" lon="12.010200000000001">
        <time>2026-08-19T19:34:20Z</time>
      </trkpt>
      <trkpt lat="46.23762000000001" lon="12.01021">
        <time>2026-08-19T19:34:21Z</time>
      </trkpt>
      <trkpt lat="46.237640000000006" lon="12.01021">
        <time>2026-08-19T19:34:23Z</time>
      </trkpt>
      <trkpt lat="46.23765" lon="12.01022">
        <time>2026-08-19T19:34:24Z</time>
      </trkpt>
      <trkpt lat="46.23767" lon="12.01022">
        <time>2026-08-19T19:34:25Z</time>
      </trkpt>
      <trkpt lat="46.237680000000005" lon="12.010230000000002">
        <time>2026-08-19T19:34:26Z</time>
      </trkpt>
      <trkpt lat="46.23769" lon="12.010240000000001">
        <time>2026-08-19T19:34:27Z</time>
      </trkpt>
      <trkpt lat="46.237700000000004" lon="12.010250000000001">
        <time>2026-08-19T19:34:28Z</time>
      </trkpt>
      <trkpt lat="46.23771000000001" lon="12.01026">
        <time>2026-08-19T19:34:28Z</time>
      </trkpt>
      <trkpt lat="46.23772" lon="12.01027">
        <time>2026-08-19T19:34:29Z</time>
      </trkpt>
      <trkpt lat="46.237730000000006" lon="12.010280000000002">
        <time>2026-08-19T19:34:30Z</time>
      </trkpt>
      <trkpt lat="46.23774" lon="12.010280000000002">
        <time>2026-08-19T19:34:31Z</time>
      </trkpt>
      <trkpt lat="46.237750000000005" lon="12.010290000000001">
        <time>2026-08-19T19:34:32Z</time>
      </trkpt>
      <trkpt lat="46.23776" lon="12.010290000000001">
        <time>2026-08-19T19:34:32Z</time>
      </trkpt>
      <trkpt lat="46.23778" lon="12.010290000000001">
        <time>2026-08-19T19:34:34Z</time>
      </trkpt>
      <trkpt lat="46.237790000000004" lon="12.010290000000001">
        <time>2026-08-19T19:34:35Z</time>
      </trkpt>
      <trkpt lat="46.237790000000004" lon="12.010290000000001">
        <time>2026-08-19T19:34:35Z</time>
      </trkpt>
      <trkpt lat="46.23781" lon="12.0103">
        <time>2026-08-19T19:34:36Z</time>
      </trkpt>
      <trkpt lat="46.237820000000006" lon="12.0103">
        <time>2026-08-19T19:34:37Z</time>
      </trkpt>
      <trkpt lat="46.237840000000006" lon="12.01031">
        <time>2026-08-19T19:34:38Z</time>
      </trkpt>
      <trkpt lat="46.23785" lon="12.01032">
        <time>2026-08-19T19:34:39Z</time>
      </trkpt>
      <trkpt lat="46.23787" lon="12.010330000000002">
        <time>2026-08-19T19:34:41Z</time>
      </trkpt>
      <trkpt lat="46.237880000000004" lon="12.010340000000001">
        <time>2026-08-19T19:34:41Z</time>
      </trkpt>
      <trkpt lat="46.23789000000001" lon="12.01035">
        <time>2026-08-19T19:34:42Z</time>
      </trkpt>
      <trkpt lat="46.2379" lon="12.01036">
        <time>2026-08-19T19:34:43Z</time>
      </trkpt>
      <trkpt lat="46.23792" lon="12.01036">
        <time>2026-08-19T19:34:45Z</time>
      </trkpt>
      <trkpt lat="46.23794" lon="12.010370000000002">
        <time>2026-08-19T19:34:46Z</time>
      </trkpt>
      <trkpt lat="46.237950000000005" lon="12.010370000000002">
        <time>2026-08-19T19:34:47Z</time>
      </trkpt>
      <trkpt lat="46.237950000000005" lon="12.010370000000002">
        <time>2026-08-19T19:34:47Z</time>
      </trkpt>
      <trkpt lat="46.23796" lon="12.010380000000001">
        <time>2026-08-19T19:34:48Z</time>
      </trkpt>
      <trkpt lat="46.237970000000004" lon="12.010380000000001">
        <time>2026-08-19T19:34:48Z</time>
      </trkpt>
      <trkpt lat="46.23798" lon="12.010380000000001">
        <time>2026-08-19T19:34:49Z</time>
      </trkpt>
      <trkpt lat="46.23799" lon="12.010380000000001">
        <time>2026-08-19T19:34:50Z</time>
      </trkpt>
      <trkpt lat="46.23800000000001" lon="12.010380000000001">
        <time>2026-08-19T19:34:50Z</time>
      </trkpt>
      <trkpt lat="46.23801" lon="12.010380000000001">
        <time>2026-08-19T19:34:51Z</time>
      </trkpt>
      <trkpt lat="46.238020000000006" lon="12.010380000000001">
        <time>2026-08-19T19:34:52Z</time>
      </trkpt>
      <trkpt lat="46.23803" lon="12.010380000000001">
        <time>2026-08-19T19:34:53Z</time>
      </trkpt>
      <trkpt lat="46.23805" lon="12.010380000000001">
        <time>2026-08-19T19:34:54Z</time>
      </trkpt>
      <trkpt lat="46.23805" lon="12.010380000000001">
        <time>2026-08-19T19:34:54Z</time>
      </trkpt>
      <trkpt lat="46.238060000000004" lon="12.010380000000001">
        <time>2026-08-19T19:34:55Z</time>
      </trkpt>
      <trkpt lat="46.23807" lon="12.010380000000001">
        <time>2026-08-19T19:34:55Z</time>
      </trkpt>
      <trkpt lat="46.238080000000004" lon="12.010380000000001">
        <time>2026-08-19T19:34:56Z</time>
      </trkpt>
      <trkpt lat="46.23809000000001" lon="12.010380000000001">
        <time>2026-08-19T19:34:57Z</time>
      </trkpt>
      <trkpt lat="46.23809000000001" lon="12.010390000000001">
        <time>2026-08-19T19:34:57Z</time>
      </trkpt>
      <trkpt lat="46.238110000000006" lon="12.010390000000001">
        <time>2026-08-19T19:34:59Z</time>
      </trkpt>
      <trkpt lat="46.23812" lon="12.0104">
        <time>2026-08-19T19:35:00Z</time>
      </trkpt>
      <trkpt lat="46.23814" lon="12.01041">
        <time>2026-08-19T19:35:01Z</time>
      </trkpt>
      <trkpt lat="46.23814" lon="12.01041">
        <time>2026-08-19T19:35:01Z</time>
      </trkpt>
      <trkpt lat="46.23814" lon="12.01041">
        <time>2026-08-19T19:35:01Z</time>
      </trkpt>
      <trkpt lat="46.238170000000004" lon="12.01041">
        <time>2026-08-19T19:35:03Z</time>
      </trkpt>
      <trkpt lat="46.23818000000001" lon="12.01041">
        <time>2026-08-19T19:35:04Z</time>
      </trkpt>
      <trkpt lat="46.23818000000001" lon="12.01041">
        <time>2026-08-19T19:35:04Z</time>
      </trkpt>
      <trkpt lat="46.23819" lon="12.01041">
        <time>2026-08-19T19:35:05Z</time>
      </trkpt>
      <trkpt lat="46.23821" lon="12.01041">
        <time>2026-08-19T19:35:06Z</time>
      </trkpt>
      <trkpt lat="46.238220000000005" lon="12.0104">
        <time>2026-08-19T19:35:07Z</time>
      </trkpt>
      <trkpt lat="46.238240000000005" lon="12.0104">
        <time>2026-08-19T19:35:08Z</time>
      </trkpt>
      <trkpt lat="46.23825" lon="12.0104">
        <time>2026-08-19T19:35:09Z</time>
      </trkpt>
      <trkpt lat="46.23827000000001" lon="12.0104">
        <time>2026-08-19T19:35:10Z</time>
      </trkpt>
      <trkpt lat="46.23828" lon="12.0104">
        <time>2026-08-19T19:35:11Z</time>
      </trkpt>
      <trkpt lat="46.238290000000006" lon="12.0104">
        <time>2026-08-19T19:35:12Z</time>
      </trkpt>
      <trkpt lat="46.2383" lon="12.0104">
        <time>2026-08-19T19:35:13Z</time>
      </trkpt>
      <trkpt lat="46.23832" lon="12.0104">
        <time>2026-08-19T19:35:14Z</time>
      </trkpt>
      <trkpt lat="46.23832" lon="12.0104">
        <time>2026-08-19T19:35:14Z</time>
      </trkpt>
      <trkpt lat="46.23834" lon="12.01041">
        <time>2026-08-19T19:35:15Z</time>
      </trkpt>
      <trkpt lat="46.238350000000004" lon="12.01041">
        <time>2026-08-19T19:35:16Z</time>
      </trkpt>
      <trkpt lat="46.23836000000001" lon="12.010420000000002">
        <time>2026-08-19T19:35:17Z</time>
      </trkpt>
      <trkpt lat="46.23836000000001" lon="12.010420000000002">
        <time>2026-08-19T19:35:17Z</time>
      </trkpt>
      <trkpt lat="46.23838000000001" lon="12.010420000000002">
        <time>2026-08-19T19:35:18Z</time>
      </trkpt>
      <trkpt lat="46.23839" lon="12.010430000000001">
        <time>2026-08-19T19:35:19Z</time>
      </trkpt>
      <trkpt lat="46.238400000000006" lon="12.010430000000001">
        <time>2026-08-19T19:35:20Z</time>
      </trkpt>
      <trkpt lat="46.238420000000005" lon="12.01045">
        <time>2026-08-19T19:35:22Z</time>
      </trkpt>
      <trkpt lat="46.23843" lon="12.01046">
        <time>2026-08-19T19:35:23Z</time>
      </trkpt>
      <trkpt lat="46.238440000000004" lon="12.010480000000001">
        <time>2026-08-19T19:35:24Z</time>
      </trkpt>
      <trkpt lat="46.23845" lon="12.01049">
        <time>2026-08-19T19:35:25Z</time>
      </trkpt>
      <trkpt lat="46.23846" lon="12.010510000000002">
        <time>2026-08-19T19:35:26Z</time>
      </trkpt>
      <trkpt lat="46.23847000000001" lon="12.010520000000001">
        <time>2026-08-19T19:35:27Z</time>
      </trkpt>
      <trkpt lat="46.23848" lon="12.010530000000001">
        <time>2026-08-19T19:35:28Z</time>
      </trkpt>
      <trkpt lat="46.238490000000006" lon="12.01054">
        <time>2026-08-19T19:35:28Z</time>
      </trkpt>
      <trkpt lat="46.2385" lon="12.01055">
        <time>2026-08-19T19:35:29Z</time>
      </trkpt>
      <trkpt lat="46.238510000000005" lon="12.010560000000002">
        <time>2026-08-19T19:35:30Z</time>
      </trkpt>
      <trkpt lat="46.238510000000005" lon="12.010570000000001">
        <time>2026-08-19T19:35:31Z</time>
      </trkpt>
      <trkpt lat="46.23854" lon="12.01059">
        <time>2026-08-19T19:35:33Z</time>
      </trkpt>
      <trkpt lat="46.23854" lon="12.01059">
        <time>2026-08-19T19:35:33Z</time>
      </trkpt>
      <trkpt lat="46.23856000000001" lon="12.010610000000002">
        <time>2026-08-19T19:35:35Z</time>
      </trkpt>
      <trkpt lat="46.23856000000001" lon="12.010610000000002">
        <time>2026-08-19T19:35:35Z</time>
      </trkpt>
      <trkpt lat="46.238580000000006" lon="12.010620000000001">
        <time>2026-08-19T19:35:36Z</time>
      </trkpt>
      <trkpt lat="46.23859" lon="12.01063">
        <time>2026-08-19T19:35:37Z</time>
      </trkpt>
      <trkpt lat="46.238600000000005" lon="12.01064">
        <time>2026-08-19T19:35:38Z</time>
      </trkpt>
      <trkpt lat="46.23861" lon="12.010650000000002">
        <time>2026-08-19T19:35:39Z</time>
      </trkpt>
      <trkpt lat="46.23861" lon="12.010650000000002">
        <time>2026-08-19T19:35:39Z</time>
      </trkpt>
      <trkpt lat="46.23863" lon="12.010670000000001">
        <time>2026-08-19T19:35:41Z</time>
      </trkpt>
      <trkpt lat="46.238640000000004" lon="12.01068">
        <time>2026-08-19T19:35:41Z</time>
      </trkpt>
      <trkpt lat="46.238640000000004" lon="12.01068">
        <time>2026-08-19T19:35:41Z</time>
      </trkpt>
      <trkpt lat="46.23865000000001" lon="12.01069">
        <time>2026-08-19T19:35:42Z</time>
      </trkpt>
      <trkpt lat="46.23866" lon="12.010700000000002">
        <time>2026-08-19T19:35:43Z</time>
      </trkpt>
      <trkpt lat="46.238670000000006" lon="12.01073">
        <time>2026-08-19T19:35:45Z</time>
      </trkpt>
      <trkpt lat="46.238670000000006" lon="12.01073">
        <time>2026-08-19T19:35:45Z</time>
      </trkpt>
      <trkpt lat="46.238690000000005" lon="12.010750000000002">
        <time>2026-08-19T19:35:46Z</time>
      </trkpt>
      <trkpt lat="46.238690000000005" lon="12.010760000000001">
        <time>2026-08-19T19:35:47Z</time>
      </trkpt>
      <trkpt lat="46.2387" lon="12.01077">
        <time>2026-08-19T19:35:48Z</time>
      </trkpt>
      <trkpt lat="46.2387" lon="12.01077">
        <time>2026-08-19T19:35:48Z</time>
      </trkpt>
      <trkpt lat="46.238730000000004" lon="12.010790000000002">
        <time>2026-08-19T19:35:50Z</time>
      </trkpt>
      <trkpt lat="46.23874000000001" lon="12.010800000000001">
        <time>2026-08-19T19:35:51Z</time>
      </trkpt>
      <trkpt lat="46.23875" lon="12.010810000000001">
        <time>2026-08-19T19:35:52Z</time>
      </trkpt>
      <trkpt lat="46.23877" lon="12.01082">
        <time>2026-08-19T19:35:53Z</time>
      </trkpt>
      <trkpt lat="46.238780000000006" lon="12.01083">
        <time>2026-08-19T19:35:54Z</time>
      </trkpt>
      <trkpt lat="46.23879" lon="12.010840000000002">
        <time>2026-08-19T19:35:55Z</time>
      </trkpt>
      <trkpt lat="46.238800000000005" lon="12.010850000000001">
        <time>2026-08-19T19:35:56Z</time>
      </trkpt>
      <trkpt lat="46.23881" lon="12.010860000000001">
        <time>2026-08-19T19:35:57Z</time>
      </trkpt>
      <trkpt lat="46.23881" lon="12.010860000000001">
        <time>2026-08-19T19:35:57Z</time>
      </trkpt>
      <trkpt lat="46.238820000000004" lon="12.01087">
        <time>2026-08-19T19:35:58Z</time>
      </trkpt>
      <trkpt lat="46.23884" lon="12.010890000000002">
        <time>2026-08-19T19:35:59Z</time>
      </trkpt>
      <trkpt lat="46.23884" lon="12.010890000000002">
        <time>2026-08-19T19:35:59Z</time>
      </trkpt>
      <trkpt lat="46.23886" lon="12.01092">
        <time>2026-08-19T19:36:01Z</time>
      </trkpt>
      <trkpt lat="46.238870000000006" lon="12.01093">
        <time>2026-08-19T19:36:02Z</time>
      </trkpt>
      <trkpt lat="46.23888" lon="12.010940000000002">
        <time>2026-08-19T19:36:03Z</time>
      </trkpt>
      <trkpt lat="46.23888" lon="12.010940000000002">
        <time>2026-08-19T19:36:03Z</time>
      </trkpt>
      <trkpt lat="46.2389" lon="12.01096">
        <time>2026-08-19T19:36:05Z</time>
      </trkpt>
      <trkpt lat="46.238910000000004" lon="12.01097">
        <time>2026-08-19T19:36:06Z</time>
      </trkpt>
      <trkpt lat="46.238910000000004" lon="12.01097">
        <time>2026-08-19T19:36:06Z</time>
      </trkpt>
      <trkpt lat="46.23893" lon="12.011000000000001">
        <time>2026-08-19T19:36:08Z</time>
      </trkpt>
      <trkpt lat="46.23893" lon="12.01101">
        <time>2026-08-19T19:36:08Z</time>
      </trkpt>
      <trkpt lat="46.23894000000001" lon="12.011030000000002">
        <time>2026-08-19T19:36:09Z</time>
      </trkpt>
      <trkpt lat="46.23895" lon="12.011040000000001">
        <time>2026-08-19T19:36:10Z</time>
      </trkpt>
      <trkpt lat="46.238960000000006" lon="12.01106">
        <time>2026-08-19T19:36:11Z</time>
      </trkpt>
      <trkpt lat="46.238960000000006" lon="12.01107">
        <time>2026-08-19T19:36:12Z</time>
      </trkpt>
      <trkpt lat="46.23897" lon="12.011090000000001">
        <time>2026-08-19T19:36:13Z</time>
      </trkpt>
      <trkpt lat="46.23897" lon="12.011090000000001">
        <time>2026-08-19T19:36:13Z</time>
      </trkpt>
      <trkpt lat="46.23899" lon="12.011120000000002">
        <time>2026-08-19T19:36:15Z</time>
      </trkpt>
      <trkpt lat="46.239000000000004" lon="12.011130000000001">
        <time>2026-08-19T19:36:16Z</time>
      </trkpt>
      <trkpt lat="46.239000000000004" lon="12.011130000000001">
        <time>2026-08-19T19:36:16Z</time>
      </trkpt>
      <trkpt lat="46.239000000000004" lon="12.011140000000001">
        <time>2026-08-19T19:36:17Z</time>
      </trkpt>
      <trkpt lat="46.23901" lon="12.01116">
        <time>2026-08-19T19:36:18Z</time>
      </trkpt>
      <trkpt lat="46.23901" lon="12.01116">
        <time>2026-08-19T19:36:18Z</time>
      </trkpt>
      <trkpt lat="46.239020000000004" lon="12.011170000000002">
        <time>2026-08-19T19:36:19Z</time>
      </trkpt>
      <trkpt lat="46.23904" lon="12.011190000000001">
        <time>2026-08-19T19:36:20Z</time>
      </trkpt>
      <trkpt lat="46.23904" lon="12.0112">
        <time>2026-08-19T19:36:21Z</time>
      </trkpt>
      <trkpt lat="46.23904" lon="12.0112">
        <time>2026-08-19T19:36:21Z</time>
      </trkpt>
      <trkpt lat="46.23906" lon="12.011220000000002">
        <time>2026-08-19T19:36:23Z</time>
      </trkpt>
      <trkpt lat="46.239070000000005" lon="12.011230000000001">
        <time>2026-08-19T19:36:23Z</time>
      </trkpt>
      <trkpt lat="46.23908" lon="12.01124">
        <time>2026-08-19T19:36:24Z</time>
      </trkpt>
      <trkpt lat="46.239090000000004" lon="12.01124">
        <time>2026-08-19T19:36:25Z</time>
      </trkpt>
      <trkpt lat="46.2391" lon="12.01125">
        <time>2026-08-19T19:36:26Z</time>
      </trkpt>
      <trkpt lat="46.239110000000004" lon="12.011260000000002">
        <time>2026-08-19T19:36:27Z</time>
      </trkpt>
      <trkpt lat="46.23912000000001" lon="12.011260000000002">
        <time>2026-08-19T19:36:27Z</time>
      </trkpt>
      <trkpt lat="46.23913" lon="12.011270000000001">
        <time>2026-08-19T19:36:28Z</time>
      </trkpt>
      <trkpt lat="46.23913" lon="12.011270000000001">
        <time>2026-08-19T19:36:28Z</time>
      </trkpt>
      <trkpt lat="46.239140000000006" lon="12.011270000000001">
        <time>2026-08-19T19:36:29Z</time>
      </trkpt>
      <trkpt lat="46.239160000000005" lon="12.011280000000001">
        <time>2026-08-19T19:36:30Z</time>
      </trkpt>
      <trkpt lat="46.239160000000005" lon="12.011280000000001">
        <time>2026-08-19T19:36:30Z</time>
      </trkpt>
      <trkpt lat="46.239180000000005" lon="12.01129">
        <time>2026-08-19T19:36:32Z</time>
      </trkpt>
      <trkpt lat="46.23919" lon="12.01129">
        <time>2026-08-19T19:36:33Z</time>
      </trkpt>
      <trkpt lat="46.239200000000004" lon="12.01129">
        <time>2026-08-19T19:36:33Z</time>
      </trkpt>
      <trkpt lat="46.23921000000001" lon="12.01129">
        <time>2026-08-19T19:36:34Z</time>
      </trkpt>
      <trkpt lat="46.23922" lon="12.01129">
        <time>2026-08-19T19:36:35Z</time>
      </trkpt>
      <trkpt lat="46.23924" lon="12.01129">
        <time>2026-08-19T19:36:36Z</time>
      </trkpt>
      <trkpt lat="46.239250000000006" lon="12.01129">
        <time>2026-08-19T19:36:37Z</time>
      </trkpt>
      <trkpt lat="46.23926" lon="12.01129">
        <time>2026-08-19T19:36:38Z</time>
      </trkpt>
      <trkpt lat="46.239270000000005" lon="12.01129">
        <time>2026-08-19T19:36:38Z</time>
      </trkpt>
      <trkpt lat="46.239270000000005" lon="12.01129">
        <time>2026-08-19T19:36:38Z</time>
      </trkpt>
      <trkpt lat="46.23930000000001" lon="12.0113">
        <time>2026-08-19T19:36:41Z</time>
      </trkpt>
      <trkpt lat="46.23930000000001" lon="12.0113">
        <time>2026-08-19T19:36:41Z</time>
      </trkpt>
      <trkpt lat="46.239320000000006" lon="12.0113">
        <time>2026-08-19T19:36:42Z</time>
      </trkpt>
      <trkpt lat="46.239340000000006" lon="12.011310000000002">
        <time>2026-08-19T19:36:43Z</time>
      </trkpt>
      <trkpt lat="46.239340000000006" lon="12.011310000000002">
        <time>2026-08-19T19:36:43Z</time>
      </trkpt>
      <trkpt lat="46.23935" lon="12.011310000000002">
        <time>2026-08-19T19:36:44Z</time>
      </trkpt>
      <trkpt lat="46.23937" lon="12.01134">
        <time>2026-08-19T19:36:46Z</time>
      </trkpt>
      <trkpt lat="46.239380000000004" lon="12.01135">
        <time>2026-08-19T19:36:47Z</time>
      </trkpt>
      <trkpt lat="46.239380000000004" lon="12.01135">
        <time>2026-08-19T19:36:47Z</time>
      </trkpt>
      <trkpt lat="46.239380000000004" lon="12.011360000000002">
        <time>2026-08-19T19:36:48Z</time>
      </trkpt>
      <trkpt lat="46.23939000000001" lon="12.011370000000001">
        <time>2026-08-19T19:36:48Z</time>
      </trkpt>
      <trkpt lat="46.2394" lon="12.01139">
        <time>2026-08-19T19:36:50Z</time>
      </trkpt>
      <trkpt lat="46.23941000000001" lon="12.011400000000002">
        <time>2026-08-19T19:36:50Z</time>
      </trkpt>
      <trkpt lat="46.23941000000001" lon="12.011410000000001">
        <time>2026-08-19T19:36:51Z</time>
      </trkpt>
      <trkpt lat="46.23942" lon="12.011420000000001">
        <time>2026-08-19T19:36:52Z</time>
      </trkpt>
      <trkpt lat="46.239430000000006" lon="12.01144">
        <time>2026-08-19T19:36:53Z</time>
      </trkpt>
      <trkpt lat="46.239430000000006" lon="12.011450000000002">
        <time>2026-08-19T19:36:53Z</time>
      </trkpt>
      <trkpt lat="46.23944" lon="12.011460000000001">
        <time>2026-08-19T19:36:54Z</time>
      </trkpt>
      <trkpt lat="46.23944" lon="12.011470000000001">
        <time>2026-08-19T19:36:55Z</time>
      </trkpt>
      <trkpt lat="46.239450000000005" lon="12.01148">
        <time>2026-08-19T19:36:56Z</time>
      </trkpt>
      <trkpt lat="46.23946" lon="12.011510000000001">
        <time>2026-08-19T19:36:57Z</time>
      </trkpt>
      <trkpt lat="46.23946" lon="12.011510000000001">
        <time>2026-08-19T19:36:57Z</time>
      </trkpt>
      <trkpt lat="46.239470000000004" lon="12.01154">
        <time>2026-08-19T19:36:59Z</time>
      </trkpt>
      <trkpt lat="46.239470000000004" lon="12.01154">
        <time>2026-08-19T19:36:59Z</time>
      </trkpt>
      <trkpt lat="46.23948" lon="12.01157">
        <time>2026-08-19T19:37:01Z</time>
      </trkpt>
      <trkpt lat="46.23948" lon="12.01157">
        <time>2026-08-19T19:37:01Z</time>
      </trkpt>
      <trkpt lat="46.23948" lon="12.01158">
        <time>2026-08-19T19:37:01Z</time>
      </trkpt>
      <trkpt lat="46.23949" lon="12.011600000000001">
        <time>2026-08-19T19:37:02Z</time>
      </trkpt>
      <trkpt lat="46.23949" lon="12.01163">
        <time>2026-08-19T19:37:04Z</time>
      </trkpt>
      <trkpt lat="46.23949" lon="12.01163">
        <time>2026-08-19T19:37:04Z</time>
      </trkpt>
      <trkpt lat="46.23949" lon="12.011650000000001">
        <time>2026-08-19T19:37:05Z</time>
      </trkpt>
      <trkpt lat="46.23950000000001" lon="12.011660000000001">
        <time>2026-08-19T19:37:06Z</time>
      </trkpt>
      <trkpt lat="46.23950000000001" lon="12.011700000000001">
        <time>2026-08-19T19:37:08Z</time>
      </trkpt>
      <trkpt lat="46.23950000000001" lon="12.011700000000001">
        <time>2026-08-19T19:37:08Z</time>
      </trkpt>
      <trkpt lat="46.23950000000001" lon="12.01171">
        <time>2026-08-19T19:37:08Z</time>
      </trkpt>
      <trkpt lat="46.23951" lon="12.011730000000002">
        <time>2026-08-19T19:37:09Z</time>
      </trkpt>
      <trkpt lat="46.23951" lon="12.01177">
        <time>2026-08-19T19:37:11Z</time>
      </trkpt>
      <trkpt lat="46.23951" lon="12.01177">
        <time>2026-08-19T19:37:11Z</time>
      </trkpt>
      <trkpt lat="46.23951" lon="12.011790000000001">
        <time>2026-08-19T19:37:12Z</time>
      </trkpt>
      <trkpt lat="46.23951" lon="12.01181">
        <time>2026-08-19T19:37:13Z</time>
      </trkpt>
      <trkpt lat="46.239520000000006" lon="12.011840000000001">
        <time>2026-08-19T19:37:15Z</time>
      </trkpt>
      <trkpt lat="46.239520000000006" lon="12.01186">
        <time>2026-08-19T19:37:16Z</time>
      </trkpt>
      <trkpt lat="46.239520000000006" lon="12.011880000000001">
        <time>2026-08-19T19:37:17Z</time>
      </trkpt>
      <trkpt lat="46.239520000000006" lon="12.011880000000001">
        <time>2026-08-19T19:37:17Z</time>
      </trkpt>
      <trkpt lat="46.239520000000006" lon="12.01191">
        <time>2026-08-19T19:37:18Z</time>
      </trkpt>
      <trkpt lat="46.239520000000006" lon="12.01191">
        <time>2026-08-19T19:37:18Z</time>
      </trkpt>
      <trkpt lat="46.239520000000006" lon="12.011920000000002">
        <time>2026-08-19T19:37:19Z</time>
      </trkpt>
      <trkpt lat="46.23953" lon="12.01195">
        <time>2026-08-19T19:37:20Z</time>
      </trkpt>
      <trkpt lat="46.23953" lon="12.011970000000002">
        <time>2026-08-19T19:37:21Z</time>
      </trkpt>
      <trkpt lat="46.23953" lon="12.01199">
        <time>2026-08-19T19:37:22Z</time>
      </trkpt>
      <trkpt lat="46.239540000000005" lon="12.012010000000002">
        <time>2026-08-19T19:37:23Z</time>
      </trkpt>
      <trkpt lat="46.239540000000005" lon="12.012010000000002">
        <time>2026-08-19T19:37:23Z</time>
      </trkpt>
      <trkpt lat="46.239540000000005" lon="12.012020000000001">
        <time>2026-08-19T19:37:24Z</time>
      </trkpt>
      <trkpt lat="46.239540000000005" lon="12.01204">
        <time>2026-08-19T19:37:25Z</time>
      </trkpt>
      <trkpt lat="46.23955" lon="12.012070000000001">
        <time>2026-08-19T19:37:27Z</time>
      </trkpt>
      <trkpt lat="46.23955" lon="12.012070000000001">
        <time>2026-08-19T19:37:27Z</time>
      </trkpt>
      <trkpt lat="46.23955" lon="12.0121">
        <time>2026-08-19T19:37:28Z</time>
      </trkpt>
      <trkpt lat="46.239560000000004" lon="12.012120000000001">
        <time>2026-08-19T19:37:29Z</time>
      </trkpt>
      <trkpt lat="46.239560000000004" lon="12.01214">
        <time>2026-08-19T19:37:30Z</time>
      </trkpt>
      <trkpt lat="46.239560000000004" lon="12.012160000000002">
        <time>2026-08-19T19:37:31Z</time>
      </trkpt>
      <trkpt lat="46.239560000000004" lon="12.01218">
        <time>2026-08-19T19:37:32Z</time>
      </trkpt>
      <trkpt lat="46.239560000000004" lon="12.012200000000002">
        <time>2026-08-19T19:37:33Z</time>
      </trkpt>
      <trkpt lat="46.23957" lon="12.012220000000001">
        <time>2026-08-19T19:37:34Z</time>
      </trkpt>
      <trkpt lat="46.23957" lon="12.01223">
        <time>2026-08-19T19:37:35Z</time>
      </trkpt>
      <trkpt lat="46.23957" lon="12.012250000000002">
        <time>2026-08-19T19:37:36Z</time>
      </trkpt>
      <trkpt lat="46.23957" lon="12.012270000000001">
        <time>2026-08-19T19:37:37Z</time>
      </trkpt>
      <trkpt lat="46.23957" lon="12.01229">
        <time>2026-08-19T19:37:38Z</time>
      </trkpt>
      <trkpt lat="46.23957" lon="12.012310000000001">
        <time>2026-08-19T19:37:39Z</time>
      </trkpt>
      <trkpt lat="46.23957" lon="12.01233">
        <time>2026-08-19T19:37:40Z</time>
      </trkpt>
      <trkpt lat="46.23957" lon="12.012350000000001">
        <time>2026-08-19T19:37:41Z</time>
      </trkpt>
      <trkpt lat="46.23957" lon="12.01237">
        <time>2026-08-19T19:37:42Z</time>
      </trkpt>
      <trkpt lat="46.23957" lon="12.012390000000002">
        <time>2026-08-19T19:37:43Z</time>
      </trkpt>
      <trkpt lat="46.23957" lon="12.012410000000001">
        <time>2026-08-19T19:37:44Z</time>
      </trkpt>
      <trkpt lat="46.239560000000004" lon="12.01243">
        <time>2026-08-19T19:37:45Z</time>
      </trkpt>
      <trkpt lat="46.239560000000004" lon="12.012450000000001">
        <time>2026-08-19T19:37:46Z</time>
      </trkpt>
      <trkpt lat="46.239560000000004" lon="12.01247">
        <time>2026-08-19T19:37:47Z</time>
      </trkpt>
      <trkpt lat="46.239560000000004" lon="12.012490000000001">
        <time>2026-08-19T19:37:48Z</time>
      </trkpt>
      <trkpt lat="46.23955" lon="12.01251">
        <time>2026-08-19T19:37:49Z</time>
      </trkpt>
      <trkpt lat="46.23955" lon="12.01252">
        <time>2026-08-19T19:37:49Z</time>
      </trkpt>
      <trkpt lat="46.23955" lon="12.012540000000001">
        <time>2026-08-19T19:37:50Z</time>
      </trkpt>
      <trkpt lat="46.239540000000005" lon="12.01256">
        <time>2026-08-19T19:37:52Z</time>
      </trkpt>
      <trkpt lat="46.239540000000005" lon="12.01257">
        <time>2026-08-19T19:37:52Z</time>
      </trkpt>
      <trkpt lat="46.239540000000005" lon="12.012590000000001">
        <time>2026-08-19T19:37:53Z</time>
      </trkpt>
      <trkpt lat="46.23953" lon="12.0126">
        <time>2026-08-19T19:37:54Z</time>
      </trkpt>
      <trkpt lat="46.239520000000006" lon="12.012620000000002">
        <time>2026-08-19T19:37:55Z</time>
      </trkpt>
      <trkpt lat="46.239520000000006" lon="12.012640000000001">
        <time>2026-08-19T19:37:56Z</time>
      </trkpt>
      <trkpt lat="46.239520000000006" lon="12.01265">
        <time>2026-08-19T19:37:57Z</time>
      </trkpt>
      <trkpt lat="46.239520000000006" lon="12.012670000000002">
        <time>2026-08-19T19:37:58Z</time>
      </trkpt>
      <trkpt lat="46.23951" lon="12.012680000000001">
        <time>2026-08-19T19:37:59Z</time>
      </trkpt>
      <trkpt lat="46.23951" lon="12.012680000000001">
        <time>2026-08-19T19:37:59Z</time>
      </trkpt>
      <trkpt lat="46.23951" lon="12.01271">
        <time>2026-08-19T19:38:00Z</time>
      </trkpt>
      <trkpt lat="46.23951" lon="12.012730000000001">
        <time>2026-08-19T19:38:01Z</time>
      </trkpt>
      <trkpt lat="46.23951" lon="12.01275">
        <time>2026-08-19T19:38:02Z</time>
      </trkpt>
      <trkpt lat="46.23951" lon="12.012770000000002">
        <time>2026-08-19T19:38:03Z</time>
      </trkpt>
      <trkpt lat="46.23951" lon="12.01279">
        <time>2026-08-19T19:38:04Z</time>
      </trkpt>
      <trkpt lat="46.23951" lon="12.012810000000002">
        <time>2026-08-19T19:38:05Z</time>
      </trkpt>
      <trkpt lat="46.23950000000001" lon="12.012830000000001">
        <time>2026-08-19T19:38:06Z</time>
      </trkpt>
      <trkpt lat="46.23950000000001" lon="12.01285">
        <time>2026-08-19T19:38:07Z</time>
      </trkpt>
      <trkpt lat="46.23950000000001" lon="12.01285">
        <time>2026-08-19T19:38:07Z</time>
      </trkpt>
      <trkpt lat="46.23949" lon="12.012880000000001">
        <time>2026-08-19T19:38:09Z</time>
      </trkpt>
      <trkpt lat="46.23948" lon="12.0129">
        <time>2026-08-19T19:38:10Z</time>
      </trkpt>
      <trkpt lat="46.23948" lon="12.012920000000001">
        <time>2026-08-19T19:38:11Z</time>
      </trkpt>
      <trkpt lat="46.239470000000004" lon="12.01293">
        <time>2026-08-19T19:38:12Z</time>
      </trkpt>
      <trkpt lat="46.23946" lon="12.012950000000002">
        <time>2026-08-19T19:38:13Z</time>
      </trkpt>
      <trkpt lat="46.23946" lon="12.012970000000001">
        <time>2026-08-19T19:38:14Z</time>
      </trkpt>
      <trkpt lat="46.23946" lon="12.01299">
        <time>2026-08-19T19:38:15Z</time>
      </trkpt>
      <trkpt lat="46.23946" lon="12.013010000000001">
        <time>2026-08-19T19:38:16Z</time>
      </trkpt>
      <trkpt lat="46.23946" lon="12.01303">
        <time>2026-08-19T19:38:17Z</time>
      </trkpt>
      <trkpt lat="46.23946" lon="12.013060000000001">
        <time>2026-08-19T19:38:18Z</time>
      </trkpt>
      <trkpt lat="46.23946" lon="12.013060000000001">
        <time>2026-08-19T19:38:18Z</time>
      </trkpt>
      <trkpt lat="46.23946" lon="12.01308">
        <time>2026-08-19T19:38:19Z</time>
      </trkpt>
      <trkpt lat="46.239470000000004" lon="12.01312">
        <time>2026-08-19T19:38:21Z</time>
      </trkpt>
      <trkpt lat="46.239470000000004" lon="12.01312">
        <time>2026-08-19T19:38:21Z</time>
      </trkpt>
      <trkpt lat="46.23948" lon="12.013140000000002">
        <time>2026-08-19T19:38:23Z</time>
      </trkpt>
      <trkpt lat="46.23948" lon="12.013160000000001">
        <time>2026-08-19T19:38:24Z</time>
      </trkpt>
      <trkpt lat="46.23948" lon="12.01318">
        <time>2026-08-19T19:38:25Z</time>
      </trkpt>
      <trkpt lat="46.23949" lon="12.01322">
        <time>2026-08-19T19:38:27Z</time>
      </trkpt>
      <trkpt lat="46.23949" lon="12.013240000000001">
        <time>2026-08-19T19:38:28Z</time>
      </trkpt>
      <trkpt lat="46.23950000000001" lon="12.01326">
        <time>2026-08-19T19:38:29Z</time>
      </trkpt>
      <trkpt lat="46.23950000000001" lon="12.01326">
        <time>2026-08-19T19:38:29Z</time>
      </trkpt>
      <trkpt lat="46.23950000000001" lon="12.013280000000002">
        <time>2026-08-19T19:38:30Z</time>
      </trkpt>
      <trkpt lat="46.23951" lon="12.013300000000001">
        <time>2026-08-19T19:38:31Z</time>
      </trkpt>
      <trkpt lat="46.239520000000006" lon="12.013340000000001">
        <time>2026-08-19T19:38:33Z</time>
      </trkpt>
      <trkpt lat="46.239520000000006" lon="12.01336">
        <time>2026-08-19T19:38:34Z</time>
      </trkpt>
      <trkpt lat="46.239520000000006" lon="12.01337">
        <time>2026-08-19T19:38:35Z</time>
      </trkpt>
      <trkpt lat="46.23953" lon="12.013390000000001">
        <time>2026-08-19T19:38:36Z</time>
      </trkpt>
      <trkpt lat="46.23953" lon="12.013390000000001">
        <time>2026-08-19T19:38:36Z</time>
      </trkpt>
      <trkpt lat="46.239540000000005" lon="12.013430000000001">
        <time>2026-08-19T19:38:38Z</time>
      </trkpt>
      <trkpt lat="46.23955" lon="12.01345">
        <time>2026-08-19T19:38:39Z</time>
      </trkpt>
      <trkpt lat="46.23955" lon="12.013470000000002">
        <time>2026-08-19T19:38:40Z</time>
      </trkpt>
      <trkpt lat="46.239560000000004" lon="12.013480000000001">
        <time>2026-08-19T19:38:41Z</time>
      </trkpt>
      <trkpt lat="46.239560000000004" lon="12.0135">
        <time>2026-08-19T19:38:42Z</time>
      </trkpt>
      <trkpt lat="46.23957" lon="12.013520000000002">
        <time>2026-08-19T19:38:43Z</time>
      </trkpt>
      <trkpt lat="46.239580000000004" lon="12.013530000000001">
        <time>2026-08-19T19:38:44Z</time>
      </trkpt>
      <trkpt lat="46.23959000000001" lon="12.01355">
        <time>2026-08-19T19:38:45Z</time>
      </trkpt>
      <trkpt lat="46.2396" lon="12.013570000000001">
        <time>2026-08-19T19:38:46Z</time>
      </trkpt>
      <trkpt lat="46.2396" lon="12.013580000000001">
        <time>2026-08-19T19:38:47Z</time>
      </trkpt>
      <trkpt lat="46.23962" lon="12.0136">
        <time>2026-08-19T19:38:49Z</time>
      </trkpt>
      <trkpt lat="46.23962" lon="12.013610000000002">
        <time>2026-08-19T19:38:49Z</time>
      </trkpt>
      <trkpt lat="46.23962" lon="12.013610000000002">
        <time>2026-08-19T19:38:49Z</time>
      </trkpt>
      <trkpt lat="46.239650000000005" lon="12.01364">
        <time>2026-08-19T19:38:52Z</time>
      </trkpt>
      <trkpt lat="46.23966" lon="12.013660000000002">
        <time>2026-08-19T19:38:53Z</time>
      </trkpt>
      <trkpt lat="46.23966" lon="12.01368">
        <time>2026-08-19T19:38:54Z</time>
      </trkpt>
      <trkpt lat="46.239670000000004" lon="12.01369">
        <time>2026-08-19T19:38:55Z</time>
      </trkpt>
      <trkpt lat="46.239670000000004" lon="12.013710000000001">
        <time>2026-08-19T19:38:56Z</time>
      </trkpt>
      <trkpt lat="46.23968000000001" lon="12.01373">
        <time>2026-08-19T19:38:57Z</time>
      </trkpt>
      <trkpt lat="46.23969" lon="12.01374">
        <time>2026-08-19T19:38:58Z</time>
      </trkpt>
      <trkpt lat="46.239700000000006" lon="12.013760000000001">
        <time>2026-08-19T19:38:59Z</time>
      </trkpt>
      <trkpt lat="46.23971" lon="12.013770000000001">
        <time>2026-08-19T19:39:00Z</time>
      </trkpt>
      <trkpt lat="46.239720000000005" lon="12.01378">
        <time>2026-08-19T19:39:01Z</time>
      </trkpt>
      <trkpt lat="46.23973" lon="12.013800000000002">
        <time>2026-08-19T19:39:02Z</time>
      </trkpt>
      <trkpt lat="46.23973" lon="12.013800000000002">
        <time>2026-08-19T19:39:02Z</time>
      </trkpt>
      <trkpt lat="46.239740000000005" lon="12.01382">
        <time>2026-08-19T19:39:03Z</time>
      </trkpt>
      <trkpt lat="46.23975" lon="12.013840000000002">
        <time>2026-08-19T19:39:04Z</time>
      </trkpt>
      <trkpt lat="46.239760000000004" lon="12.013850000000001">
        <time>2026-08-19T19:39:05Z</time>
      </trkpt>
      <trkpt lat="46.23977000000001" lon="12.013860000000001">
        <time>2026-08-19T19:39:06Z</time>
      </trkpt>
      <trkpt lat="46.23978" lon="12.01387">
        <time>2026-08-19T19:39:07Z</time>
      </trkpt>
      <trkpt lat="46.2398" lon="12.01388">
        <time>2026-08-19T19:39:08Z</time>
      </trkpt>
      <trkpt lat="46.2398" lon="12.01388">
        <time>2026-08-19T19:39:08Z</time>
      </trkpt>
      <trkpt lat="46.239810000000006" lon="12.013890000000002">
        <time>2026-08-19T19:39:09Z</time>
      </trkpt>
      <trkpt lat="46.23982" lon="12.013900000000001">
        <time>2026-08-19T19:39:10Z</time>
      </trkpt>
      <trkpt lat="46.23984" lon="12.01393">
        <time>2026-08-19T19:39:12Z</time>
      </trkpt>
      <trkpt lat="46.239850000000004" lon="12.013940000000002">
        <time>2026-08-19T19:39:13Z</time>
      </trkpt>
      <trkpt lat="46.23986000000001" lon="12.013950000000001">
        <time>2026-08-19T19:39:14Z</time>
      </trkpt>
      <trkpt lat="46.23987" lon="12.01396">
        <time>2026-08-19T19:39:15Z</time>
      </trkpt>
      <trkpt lat="46.23987" lon="12.01396">
        <time>2026-08-19T19:39:15Z</time>
      </trkpt>
      <trkpt lat="46.239900000000006" lon="12.013990000000002">
        <time>2026-08-19T19:39:17Z</time>
      </trkpt>
      <trkpt lat="46.239900000000006" lon="12.013990000000002">
        <time>2026-08-19T19:39:17Z</time>
      </trkpt>
      <trkpt lat="46.239920000000005" lon="12.01401">
        <time>2026-08-19T19:39:19Z</time>
      </trkpt>
      <trkpt lat="46.239920000000005" lon="12.01401">
        <time>2026-08-19T19:39:19Z</time>
      </trkpt>
      <trkpt lat="46.23995" lon="12.014030000000002">
        <time>2026-08-19T19:39:21Z</time>
      </trkpt>
      <trkpt lat="46.23996" lon="12.014050000000001">
        <time>2026-08-19T19:39:22Z</time>
      </trkpt>
      <trkpt lat="46.23997000000001" lon="12.01406">
        <time>2026-08-19T19:39:23Z</time>
      </trkpt>
      <trkpt lat="46.23998" lon="12.01407">
        <time>2026-08-19T19:39:24Z</time>
      </trkpt>
      <trkpt lat="46.23998" lon="12.01407">
        <time>2026-08-19T19:39:24Z</time>
      </trkpt>
      <trkpt lat="46.239990000000006" lon="12.014090000000001">
        <time>2026-08-19T19:39:25Z</time>
      </trkpt>
      <trkpt lat="46.24" lon="12.014100000000001">
        <time>2026-08-19T19:39:26Z</time>
      </trkpt>
      <trkpt lat="46.24002" lon="12.014130000000002">
        <time>2026-08-19T19:39:28Z</time>
      </trkpt>
      <trkpt lat="46.24002" lon="12.014130000000002">
        <time>2026-08-19T19:39:28Z</time>
      </trkpt>
      <trkpt lat="46.24004" lon="12.014140000000001">
        <time>2026-08-19T19:39:30Z</time>
      </trkpt>
      <trkpt lat="46.240050000000004" lon="12.01415">
        <time>2026-08-19T19:39:31Z</time>
      </trkpt>
      <trkpt lat="46.24006000000001" lon="12.014170000000002">
        <time>2026-08-19T19:39:32Z</time>
      </trkpt>
      <trkpt lat="46.24009" lon="12.014190000000001">
        <time>2026-08-19T19:39:34Z</time>
      </trkpt>
      <trkpt lat="46.240100000000005" lon="12.01421">
        <time>2026-08-19T19:39:35Z</time>
      </trkpt>
      <trkpt lat="46.240100000000005" lon="12.01421">
        <time>2026-08-19T19:39:35Z</time>
      </trkpt>
      <trkpt lat="46.240100000000005" lon="12.014220000000002">
        <time>2026-08-19T19:39:36Z</time>
      </trkpt>
      <trkpt lat="46.240120000000005" lon="12.01426">
        <time>2026-08-19T19:39:38Z</time>
      </trkpt>
      <trkpt lat="46.24013" lon="12.014280000000001">
        <time>2026-08-19T19:39:40Z</time>
      </trkpt>
      <trkpt lat="46.24013" lon="12.014280000000001">
        <time>2026-08-19T19:39:40Z</time>
      </trkpt>
      <trkpt lat="46.240140000000004" lon="12.014320000000001">
        <time>2026-08-19T19:39:42Z</time>
      </trkpt>
      <trkpt lat="46.240140000000004" lon="12.014320000000001">
        <time>2026-08-19T19:39:42Z</time>
      </trkpt>
      <trkpt lat="46.24016" lon="12.01435">
        <time>2026-08-19T19:39:44Z</time>
      </trkpt>
      <trkpt lat="46.24016" lon="12.01435">
        <time>2026-08-19T19:39:44Z</time>
      </trkpt>
      <trkpt lat="46.240170000000006" lon="12.014370000000001">
        <time>2026-08-19T19:39:45Z</time>
      </trkpt>
      <trkpt lat="46.24018" lon="12.014380000000001">
        <time>2026-08-19T19:39:46Z</time>
      </trkpt>
      <trkpt lat="46.240190000000005" lon="12.0144">
        <time>2026-08-19T19:39:47Z</time>
      </trkpt>
      <trkpt lat="46.2402" lon="12.01443">
        <time>2026-08-19T19:39:49Z</time>
      </trkpt>
      <trkpt lat="46.240210000000005" lon="12.01444">
        <time>2026-08-19T19:39:49Z</time>
      </trkpt>
      <trkpt lat="46.24022" lon="12.014460000000001">
        <time>2026-08-19T19:39:51Z</time>
      </trkpt>
      <trkpt lat="46.24022" lon="12.014460000000001">
        <time>2026-08-19T19:39:51Z</time>
      </trkpt>
      <trkpt lat="46.24024000000001" lon="12.01448">
        <time>2026-08-19T19:39:52Z</time>
      </trkpt>
      <trkpt lat="46.24025" lon="12.014500000000002">
        <time>2026-08-19T19:39:54Z</time>
      </trkpt>
      <trkpt lat="46.24025" lon="12.014500000000002">
        <time>2026-08-19T19:39:54Z</time>
      </trkpt>
      <trkpt lat="46.24027" lon="12.014520000000001">
        <time>2026-08-19T19:39:55Z</time>
      </trkpt>
      <trkpt lat="46.24027" lon="12.014520000000001">
        <time>2026-08-19T19:39:55Z</time>
      </trkpt>
      <trkpt lat="46.240280000000006" lon="12.01453">
        <time>2026-08-19T19:39:56Z</time>
      </trkpt>
      <trkpt lat="46.24029" lon="12.014550000000002">
        <time>2026-08-19T19:39:57Z</time>
      </trkpt>
      <trkpt lat="46.240300000000005" lon="12.014560000000001">
        <time>2026-08-19T19:39:58Z</time>
      </trkpt>
      <trkpt lat="46.24031" lon="12.01459">
        <time>2026-08-19T19:40:00Z</time>
      </trkpt>
      <trkpt lat="46.24031" lon="12.01459">
        <time>2026-08-19T19:40:00Z</time>
      </trkpt>
      <trkpt lat="46.240320000000004" lon="12.014610000000001">
        <time>2026-08-19T19:40:01Z</time>
      </trkpt>
      <trkpt lat="46.24033000000001" lon="12.01463">
        <time>2026-08-19T19:40:02Z</time>
      </trkpt>
      <trkpt lat="46.24035000000001" lon="12.014660000000001">
        <time>2026-08-19T19:40:04Z</time>
      </trkpt>
      <trkpt lat="46.24035000000001" lon="12.014660000000001">
        <time>2026-08-19T19:40:04Z</time>
      </trkpt>
      <trkpt lat="46.24036" lon="12.01467">
        <time>2026-08-19T19:40:05Z</time>
      </trkpt>
      <trkpt lat="46.24038" lon="12.014700000000001">
        <time>2026-08-19T19:40:07Z</time>
      </trkpt>
      <trkpt lat="46.240390000000005" lon="12.014710000000001">
        <time>2026-08-19T19:40:08Z</time>
      </trkpt>
      <trkpt lat="46.240390000000005" lon="12.014710000000001">
        <time>2026-08-19T19:40:08Z</time>
      </trkpt>
      <trkpt lat="46.240410000000004" lon="12.014740000000002">
        <time>2026-08-19T19:40:10Z</time>
      </trkpt>
      <trkpt lat="46.240410000000004" lon="12.014740000000002">
        <time>2026-08-19T19:40:10Z</time>
      </trkpt>
      <trkpt lat="46.24042" lon="12.01476">
        <time>2026-08-19T19:40:11Z</time>
      </trkpt>
      <trkpt lat="46.24042" lon="12.01476">
        <time>2026-08-19T19:40:11Z</time>
      </trkpt>
      <trkpt lat="46.24045" lon="12.014780000000002">
        <time>2026-08-19T19:40:14Z</time>
      </trkpt>
      <trkpt lat="46.24045" lon="12.014780000000002">
        <time>2026-08-19T19:40:14Z</time>
      </trkpt>
      <trkpt lat="46.24047" lon="12.014800000000001">
        <time>2026-08-19T19:40:15Z</time>
      </trkpt>
      <trkpt lat="46.24047" lon="12.014800000000001">
        <time>2026-08-19T19:40:15Z</time>
      </trkpt>
      <trkpt lat="46.24049" lon="12.01481">
        <time>2026-08-19T19:40:17Z</time>
      </trkpt>
      <trkpt lat="46.24051" lon="12.01482">
        <time>2026-08-19T19:40:18Z</time>
      </trkpt>
      <trkpt lat="46.240520000000004" lon="12.014830000000002">
        <time>2026-08-19T19:40:19Z</time>
      </trkpt>
      <trkpt lat="46.240520000000004" lon="12.014830000000002">
        <time>2026-08-19T19:40:19Z</time>
      </trkpt>
      <trkpt lat="46.240550000000006" lon="12.014840000000001">
        <time>2026-08-19T19:40:21Z</time>
      </trkpt>
      <trkpt lat="46.24056" lon="12.014840000000001">
        <time>2026-08-19T19:40:22Z</time>
      </trkpt>
      <trkpt lat="46.240570000000005" lon="12.014850000000001">
        <time>2026-08-19T19:40:23Z</time>
      </trkpt>
      <trkpt lat="46.240570000000005" lon="12.014850000000001">
        <time>2026-08-19T19:40:23Z</time>
      </trkpt>
      <trkpt lat="46.2406" lon="12.01486">
        <time>2026-08-19T19:40:25Z</time>
      </trkpt>
      <trkpt lat="46.2406" lon="12.01486">
        <time>2026-08-19T19:40:25Z</time>
      </trkpt>
      <trkpt lat="46.240610000000004" lon="12.01486">
        <time>2026-08-19T19:40:26Z</time>
      </trkpt>
      <trkpt lat="46.240640000000006" lon="12.01487">
        <time>2026-08-19T19:40:28Z</time>
      </trkpt>
      <trkpt lat="46.240640000000006" lon="12.01487">
        <time>2026-08-19T19:40:28Z</time>
      </trkpt>
      <trkpt lat="46.24065" lon="12.014880000000002">
        <time>2026-08-19T19:40:29Z</time>
      </trkpt>
      <trkpt lat="46.240660000000005" lon="12.014880000000002">
        <time>2026-08-19T19:40:30Z</time>
      </trkpt>
      <trkpt lat="46.240680000000005" lon="12.014890000000001">
        <time>2026-08-19T19:40:31Z</time>
      </trkpt>
      <trkpt lat="46.240700000000004" lon="12.0149">
        <time>2026-08-19T19:40:33Z</time>
      </trkpt>
      <trkpt lat="46.24071000000001" lon="12.0149">
        <time>2026-08-19T19:40:33Z</time>
      </trkpt>
      <trkpt lat="46.240730000000006" lon="12.01491">
        <time>2026-08-19T19:40:35Z</time>
      </trkpt>
      <trkpt lat="46.24074" lon="12.01491">
        <time>2026-08-19T19:40:35Z</time>
      </trkpt>
      <trkpt lat="46.24074" lon="12.01491">
        <time>2026-08-19T19:40:35Z</time>
      </trkpt>
      <trkpt lat="46.240750000000006" lon="12.014920000000002">
        <time>2026-08-19T19:40:36Z</time>
      </trkpt>
      <trkpt lat="46.24076" lon="12.014920000000002">
        <time>2026-08-19T19:40:37Z</time>
      </trkpt>
      <trkpt lat="46.24078" lon="12.014930000000001">
        <time>2026-08-19T19:40:38Z</time>
      </trkpt>
      <trkpt lat="46.24080000000001" lon="12.014940000000001">
        <time>2026-08-19T19:40:40Z</time>
      </trkpt>
      <trkpt lat="46.24080000000001" lon="12.014940000000001">
        <time>2026-08-19T19:40:40Z</time>
      </trkpt>
      <trkpt lat="46.24083" lon="12.014940000000001">
        <time>2026-08-19T19:40:42Z</time>
      </trkpt>
      <trkpt lat="46.240840000000006" lon="12.01495">
        <time>2026-08-19T19:40:43Z</time>
      </trkpt>
      <trkpt lat="46.240840000000006" lon="12.01495">
        <time>2026-08-19T19:40:43Z</time>
      </trkpt>
      <trkpt lat="46.240880000000004" lon="12.01495">
        <time>2026-08-19T19:40:46Z</time>
      </trkpt>
      <trkpt lat="46.240880000000004" lon="12.01495">
        <time>2026-08-19T19:40:46Z</time>
      </trkpt>
      <trkpt lat="46.2409" lon="12.01496">
        <time>2026-08-19T19:40:47Z</time>
      </trkpt>
      <trkpt lat="46.24091000000001" lon="12.01496">
        <time>2026-08-19T19:40:48Z</time>
      </trkpt>
      <trkpt lat="46.24091000000001" lon="12.01496">
        <time>2026-08-19T19:40:48Z</time>
      </trkpt>
      <trkpt lat="46.24094" lon="12.01496">
        <time>2026-08-19T19:40:50Z</time>
      </trkpt>
      <trkpt lat="46.24094" lon="12.01496">
        <time>2026-08-19T19:40:50Z</time>
      </trkpt>
      <trkpt lat="46.24096" lon="12.014970000000002">
        <time>2026-08-19T19:40:52Z</time>
      </trkpt>
      <trkpt lat="46.240970000000004" lon="12.014970000000002">
        <time>2026-08-19T19:40:52Z</time>
      </trkpt>
      <trkpt lat="46.24098" lon="12.014970000000002">
        <time>2026-08-19T19:40:53Z</time>
      </trkpt>
      <trkpt lat="46.240990000000004" lon="12.014980000000001">
        <time>2026-08-19T19:40:54Z</time>
      </trkpt>
      <trkpt lat="46.24100000000001" lon="12.014990000000001">
        <time>2026-08-19T19:40:55Z</time>
      </trkpt>
      <trkpt lat="46.241020000000006" lon="12.015">
        <time>2026-08-19T19:40:56Z</time>
      </trkpt>
      <trkpt lat="46.24103" lon="12.01501">
        <time>2026-08-19T19:40:57Z</time>
      </trkpt>
      <trkpt lat="46.241040000000005" lon="12.015020000000002">
        <time>2026-08-19T19:40:58Z</time>
      </trkpt>
      <trkpt lat="46.241060000000004" lon="12.015020000000002">
        <time>2026-08-19T19:40:59Z</time>
      </trkpt>
      <trkpt lat="46.24107" lon="12.015030000000001">
        <time>2026-08-19T19:41:00Z</time>
      </trkpt>
      <trkpt lat="46.241080000000004" lon="12.01504">
        <time>2026-08-19T19:41:01Z</time>
      </trkpt>
      <trkpt lat="46.2411" lon="12.01505">
        <time>2026-08-19T19:41:03Z</time>
      </trkpt>
      <trkpt lat="46.241110000000006" lon="12.015060000000002">
        <time>2026-08-19T19:41:03Z</time>
      </trkpt>
      <trkpt lat="46.241130000000005" lon="12.015070000000001">
        <time>2026-08-19T19:41:05Z</time>
      </trkpt>
      <trkpt lat="46.24114" lon="12.015070000000001">
        <time>2026-08-19T19:41:06Z</time>
      </trkpt>
      <trkpt lat="46.241150000000005" lon="12.015080000000001">
        <time>2026-08-19T19:41:07Z</time>
      </trkpt>
      <trkpt lat="46.241170000000004" lon="12.01509">
        <time>2026-08-19T19:41:08Z</time>
      </trkpt>
      <trkpt lat="46.24118000000001" lon="12.01509">
        <time>2026-08-19T19:41:09Z</time>
      </trkpt>
      <trkpt lat="46.241200000000006" lon="12.0151">
        <time>2026-08-19T19:41:10Z</time>
      </trkpt>
      <trkpt lat="46.24121" lon="12.015110000000002">
        <time>2026-08-19T19:41:11Z</time>
      </trkpt>
      <trkpt lat="46.241220000000006" lon="12.015120000000001">
        <time>2026-08-19T19:41:12Z</time>
      </trkpt>
      <trkpt lat="46.24123" lon="12.015120000000001">
        <time>2026-08-19T19:41:13Z</time>
      </trkpt>
      <trkpt lat="46.241240000000005" lon="12.015130000000001">
        <time>2026-08-19T19:41:14Z</time>
      </trkpt>
      <trkpt lat="46.241260000000004" lon="12.01514">
        <time>2026-08-19T19:41:15Z</time>
      </trkpt>
      <trkpt lat="46.24127000000001" lon="12.015160000000002">
        <time>2026-08-19T19:41:16Z</time>
      </trkpt>
      <trkpt lat="46.24128" lon="12.015170000000001">
        <time>2026-08-19T19:41:17Z</time>
      </trkpt>
      <trkpt lat="46.241310000000006" lon="12.0152">
        <time>2026-08-19T19:41:20Z</time>
      </trkpt>
      <trkpt lat="46.241310000000006" lon="12.0152">
        <time>2026-08-19T19:41:20Z</time>
      </trkpt>
      <trkpt lat="46.241330000000005" lon="12.015220000000001">
        <time>2026-08-19T19:41:21Z</time>
      </trkpt>
      <trkpt lat="46.24134" lon="12.01523">
        <time>2026-08-19T19:41:22Z</time>
      </trkpt>
      <trkpt lat="46.24136" lon="12.01524">
        <time>2026-08-19T19:41:24Z</time>
      </trkpt>
      <trkpt lat="46.24137" lon="12.015260000000001">
        <time>2026-08-19T19:41:25Z</time>
      </trkpt>
      <trkpt lat="46.24138000000001" lon="12.015260000000001">
        <time>2026-08-19T19:41:26Z</time>
      </trkpt>
      <trkpt lat="46.24138000000001" lon="12.015260000000001">
        <time>2026-08-19T19:41:26Z</time>
      </trkpt>
      <trkpt lat="46.24141" lon="12.01529">
        <time>2026-08-19T19:41:28Z</time>
      </trkpt>
      <trkpt lat="46.241420000000005" lon="12.015300000000002">
        <time>2026-08-19T19:41:29Z</time>
      </trkpt>
      <trkpt lat="46.241420000000005" lon="12.015300000000002">
        <time>2026-08-19T19:41:29Z</time>
      </trkpt>
      <trkpt lat="46.241440000000004" lon="12.015310000000001">
        <time>2026-08-19T19:41:31Z</time>
      </trkpt>
      <trkpt lat="46.24145" lon="12.01533">
        <time>2026-08-19T19:41:32Z</time>
      </trkpt>
      <trkpt lat="46.241460000000004" lon="12.01534">
        <time>2026-08-19T19:41:33Z</time>
      </trkpt>
      <trkpt lat="46.24147000000001" lon="12.015350000000002">
        <time>2026-08-19T19:41:33Z</time>
      </trkpt>
      <trkpt lat="46.24148" lon="12.01537">
        <time>2026-08-19T19:41:35Z</time>
      </trkpt>
      <trkpt lat="46.241490000000006" lon="12.01538">
        <time>2026-08-19T19:41:36Z</time>
      </trkpt>
      <trkpt lat="46.24152" lon="12.015410000000001">
        <time>2026-08-19T19:41:38Z</time>
      </trkpt>
      <trkpt lat="46.24152" lon="12.01542">
        <time>2026-08-19T19:41:39Z</time>
      </trkpt>
      <trkpt lat="46.24152" lon="12.01542">
        <time>2026-08-19T19:41:39Z</time>
      </trkpt>
      <trkpt lat="46.24154" lon="12.01543">
        <time>2026-08-19T19:41:40Z</time>
      </trkpt>
      <trkpt lat="46.24156000000001" lon="12.015460000000001">
        <time>2026-08-19T19:41:42Z</time>
      </trkpt>
      <trkpt lat="46.24156000000001" lon="12.015460000000001">
        <time>2026-08-19T19:41:42Z</time>
      </trkpt>
      <trkpt lat="46.241580000000006" lon="12.01548">
        <time>2026-08-19T19:41:44Z</time>
      </trkpt>
      <trkpt lat="46.241580000000006" lon="12.01548">
        <time>2026-08-19T19:41:44Z</time>
      </trkpt>
      <trkpt lat="46.241600000000005" lon="12.015490000000002">
        <time>2026-08-19T19:41:45Z</time>
      </trkpt>
      <trkpt lat="46.241620000000005" lon="12.01551">
        <time>2026-08-19T19:41:47Z</time>
      </trkpt>
      <trkpt lat="46.241620000000005" lon="12.01551">
        <time>2026-08-19T19:41:47Z</time>
      </trkpt>
      <trkpt lat="46.24163" lon="12.01552">
        <time>2026-08-19T19:41:48Z</time>
      </trkpt>
      <trkpt lat="46.24165000000001" lon="12.015540000000001">
        <time>2026-08-19T19:41:50Z</time>
      </trkpt>
      <trkpt lat="46.24165000000001" lon="12.015540000000001">
        <time>2026-08-19T19:41:50Z</time>
      </trkpt>
      <trkpt lat="46.241670000000006" lon="12.015550000000001">
        <time>2026-08-19T19:41:51Z</time>
      </trkpt>
      <trkpt lat="46.241690000000006" lon="12.01556">
        <time>2026-08-19T19:41:53Z</time>
      </trkpt>
      <trkpt lat="46.241690000000006" lon="12.01556">
        <time>2026-08-19T19:41:53Z</time>
      </trkpt>
      <trkpt lat="46.2417" lon="12.01557">
        <time>2026-08-19T19:41:54Z</time>
      </trkpt>
      <trkpt lat="46.24172" lon="12.015580000000002">
        <time>2026-08-19T19:41:55Z</time>
      </trkpt>
      <trkpt lat="46.241730000000004" lon="12.015590000000001">
        <time>2026-08-19T19:41:56Z</time>
      </trkpt>
      <trkpt lat="46.241730000000004" lon="12.015590000000001">
        <time>2026-08-19T19:41:56Z</time>
      </trkpt>
      <trkpt lat="46.24175" lon="12.015600000000001">
        <time>2026-08-19T19:41:57Z</time>
      </trkpt>
      <trkpt lat="46.24175" lon="12.015600000000001">
        <time>2026-08-19T19:41:57Z</time>
      </trkpt>
      <trkpt lat="46.241780000000006" lon="12.01562">
        <time>2026-08-19T19:42:00Z</time>
      </trkpt>
      <trkpt lat="46.241780000000006" lon="12.01562">
        <time>2026-08-19T19:42:00Z</time>
      </trkpt>
      <trkpt lat="46.241780000000006" lon="12.01562">
        <time>2026-08-19T19:42:00Z</time>
      </trkpt>
      <trkpt lat="46.241800000000005" lon="12.015630000000002">
        <time>2026-08-19T19:42:01Z</time>
      </trkpt>
      <trkpt lat="46.241820000000004" lon="12.01565">
        <time>2026-08-19T19:42:03Z</time>
      </trkpt>
      <trkpt lat="46.24183000000001" lon="12.01566">
        <time>2026-08-19T19:42:04Z</time>
      </trkpt>
      <trkpt lat="46.24183000000001" lon="12.01566">
        <time>2026-08-19T19:42:04Z</time>
      </trkpt>
      <trkpt lat="46.24184" lon="12.01566">
        <time>2026-08-19T19:42:04Z</time>
      </trkpt>
      <trkpt lat="46.24186" lon="12.015680000000001">
        <time>2026-08-19T19:42:06Z</time>
      </trkpt>
      <trkpt lat="46.24186" lon="12.015680000000001">
        <time>2026-08-19T19:42:06Z</time>
      </trkpt>
      <trkpt lat="46.241890000000005" lon="12.0157">
        <time>2026-08-19T19:42:09Z</time>
      </trkpt>
      <trkpt lat="46.2419" lon="12.0157">
        <time>2026-08-19T19:42:09Z</time>
      </trkpt>
      <trkpt lat="46.241910000000004" lon="12.01571">
        <time>2026-08-19T19:42:10Z</time>
      </trkpt>
      <trkpt lat="46.24192" lon="12.015720000000002">
        <time>2026-08-19T19:42:11Z</time>
      </trkpt>
      <trkpt lat="46.24192" lon="12.015720000000002">
        <time>2026-08-19T19:42:11Z</time>
      </trkpt>
      <trkpt lat="46.24194000000001" lon="12.015720000000002">
        <time>2026-08-19T19:42:12Z</time>
      </trkpt>
      <trkpt lat="46.241960000000006" lon="12.015740000000001">
        <time>2026-08-19T19:42:14Z</time>
      </trkpt>
      <trkpt lat="46.24197" lon="12.01575">
        <time>2026-08-19T19:42:15Z</time>
      </trkpt>
      <trkpt lat="46.24197" lon="12.01575">
        <time>2026-08-19T19:42:15Z</time>
      </trkpt>
      <trkpt lat="46.24199" lon="12.01576">
        <time>2026-08-19T19:42:16Z</time>
      </trkpt>
      <trkpt lat="46.24201" lon="12.015770000000002">
        <time>2026-08-19T19:42:18Z</time>
      </trkpt>
      <trkpt lat="46.24201" lon="12.015770000000002">
        <time>2026-08-19T19:42:18Z</time>
      </trkpt>
      <trkpt lat="46.24204" lon="12.01579">
        <time>2026-08-19T19:42:20Z</time>
      </trkpt>
      <trkpt lat="46.242050000000006" lon="12.01579">
        <time>2026-08-19T19:42:21Z</time>
      </trkpt>
      <trkpt lat="46.24206" lon="12.0158">
        <time>2026-08-19T19:42:22Z</time>
      </trkpt>
      <trkpt lat="46.242070000000005" lon="12.01581">
        <time>2026-08-19T19:42:23Z</time>
      </trkpt>
      <trkpt lat="46.24208" lon="12.015820000000001">
        <time>2026-08-19T19:42:24Z</time>
      </trkpt>
      <trkpt lat="46.24208" lon="12.015820000000001">
        <time>2026-08-19T19:42:24Z</time>
      </trkpt>
      <trkpt lat="46.242110000000004" lon="12.01584">
        <time>2026-08-19T19:42:26Z</time>
      </trkpt>
      <trkpt lat="46.24212000000001" lon="12.01585">
        <time>2026-08-19T19:42:27Z</time>
      </trkpt>
      <trkpt lat="46.24212000000001" lon="12.01585">
        <time>2026-08-19T19:42:27Z</time>
      </trkpt>
      <trkpt lat="46.24215" lon="12.015870000000001">
        <time>2026-08-19T19:42:29Z</time>
      </trkpt>
      <trkpt lat="46.242160000000005" lon="12.015880000000001">
        <time>2026-08-19T19:42:30Z</time>
      </trkpt>
      <trkpt lat="46.242160000000005" lon="12.015880000000001">
        <time>2026-08-19T19:42:30Z</time>
      </trkpt>
      <trkpt lat="46.242180000000005" lon="12.0159">
        <time>2026-08-19T19:42:32Z</time>
      </trkpt>
      <trkpt lat="46.24219" lon="12.015910000000002">
        <time>2026-08-19T19:42:33Z</time>
      </trkpt>
      <trkpt lat="46.24219" lon="12.015910000000002">
        <time>2026-08-19T19:42:33Z</time>
      </trkpt>
      <trkpt lat="46.242200000000004" lon="12.01593">
        <time>2026-08-19T19:42:34Z</time>
      </trkpt>
      <trkpt lat="46.242230000000006" lon="12.015960000000002">
        <time>2026-08-19T19:42:36Z</time>
      </trkpt>
      <trkpt lat="46.24224" lon="12.015970000000001">
        <time>2026-08-19T19:42:37Z</time>
      </trkpt>
      <trkpt lat="46.242250000000006" lon="12.01599">
        <time>2026-08-19T19:42:38Z</time>
      </trkpt>
      <trkpt lat="46.24226" lon="12.016000000000002">
        <time>2026-08-19T19:42:39Z</time>
      </trkpt>
      <trkpt lat="46.242270000000005" lon="12.016020000000001">
        <time>2026-08-19T19:42:40Z</time>
      </trkpt>
      <trkpt lat="46.242270000000005" lon="12.016020000000001">
        <time>2026-08-19T19:42:40Z</time>
      </trkpt>
      <trkpt lat="46.242290000000004" lon="12.016050000000002">
        <time>2026-08-19T19:42:43Z</time>
      </trkpt>
      <trkpt lat="46.242290000000004" lon="12.016050000000002">
        <time>2026-08-19T19:42:43Z</time>
      </trkpt>
      <trkpt lat="46.24231" lon="12.01609">
        <time>2026-08-19T19:42:45Z</time>
      </trkpt>
      <trkpt lat="46.24231" lon="12.01609">
        <time>2026-08-19T19:42:45Z</time>
      </trkpt>
      <trkpt lat="46.24231" lon="12.016110000000001">
        <time>2026-08-19T19:42:46Z</time>
      </trkpt>
      <trkpt lat="46.24232000000001" lon="12.01613">
        <time>2026-08-19T19:42:47Z</time>
      </trkpt>
      <trkpt lat="46.242340000000006" lon="12.01617">
        <time>2026-08-19T19:42:50Z</time>
      </trkpt>
      <trkpt lat="46.242340000000006" lon="12.01617">
        <time>2026-08-19T19:42:50Z</time>
      </trkpt>
      <trkpt lat="46.242340000000006" lon="12.01618">
        <time>2026-08-19T19:42:50Z</time>
      </trkpt>
      <trkpt lat="46.24235" lon="12.016200000000001">
        <time>2026-08-19T19:42:51Z</time>
      </trkpt>
      <trkpt lat="46.24237" lon="12.016240000000002">
        <time>2026-08-19T19:42:54Z</time>
      </trkpt>
      <trkpt lat="46.24237" lon="12.016240000000002">
        <time>2026-08-19T19:42:54Z</time>
      </trkpt>
      <trkpt lat="46.242380000000004" lon="12.016250000000001">
        <time>2026-08-19T19:42:54Z</time>
      </trkpt>
      <trkpt lat="46.24239" lon="12.01627">
        <time>2026-08-19T19:42:56Z</time>
      </trkpt>
      <trkpt lat="46.2424" lon="12.016290000000001">
        <time>2026-08-19T19:42:57Z</time>
      </trkpt>
      <trkpt lat="46.24241000000001" lon="12.016300000000001">
        <time>2026-08-19T19:42:58Z</time>
      </trkpt>
      <trkpt lat="46.242430000000006" lon="12.01632">
        <time>2026-08-19T19:42:59Z</time>
      </trkpt>
      <trkpt lat="46.24244" lon="12.016340000000001">
        <time>2026-08-19T19:43:01Z</time>
      </trkpt>
      <trkpt lat="46.24244" lon="12.016340000000001">
        <time>2026-08-19T19:43:01Z</time>
      </trkpt>
      <trkpt lat="46.24246" lon="12.016350000000001">
        <time>2026-08-19T19:43:02Z</time>
      </trkpt>
      <trkpt lat="46.242470000000004" lon="12.01636">
        <time>2026-08-19T19:43:03Z</time>
      </trkpt>
      <trkpt lat="46.242490000000004" lon="12.016380000000002">
        <time>2026-08-19T19:43:05Z</time>
      </trkpt>
      <trkpt lat="46.242490000000004" lon="12.016380000000002">
        <time>2026-08-19T19:43:05Z</time>
      </trkpt>
      <trkpt lat="46.24250000000001" lon="12.0164">
        <time>2026-08-19T19:43:06Z</time>
      </trkpt>
      <trkpt lat="46.24251" lon="12.01641">
        <time>2026-08-19T19:43:07Z</time>
      </trkpt>
      <trkpt lat="46.242520000000006" lon="12.01642">
        <time>2026-08-19T19:43:08Z</time>
      </trkpt>
      <trkpt lat="46.242540000000005" lon="12.016430000000001">
        <time>2026-08-19T19:43:09Z</time>
      </trkpt>
      <trkpt lat="46.24255" lon="12.016440000000001">
        <time>2026-08-19T19:43:10Z</time>
      </trkpt>
      <trkpt lat="46.242560000000005" lon="12.01645">
        <time>2026-08-19T19:43:11Z</time>
      </trkpt>
      <trkpt lat="46.24257" lon="12.016470000000002">
        <time>2026-08-19T19:43:12Z</time>
      </trkpt>
      <trkpt lat="46.242580000000004" lon="12.016480000000001">
        <time>2026-08-19T19:43:13Z</time>
      </trkpt>
      <trkpt lat="46.24259000000001" lon="12.016490000000001">
        <time>2026-08-19T19:43:14Z</time>
      </trkpt>
      <trkpt lat="46.2426" lon="12.0165">
        <time>2026-08-19T19:43:15Z</time>
      </trkpt>
      <trkpt lat="46.24262" lon="12.016520000000002">
        <time>2026-08-19T19:43:16Z</time>
      </trkpt>
      <trkpt lat="46.242630000000005" lon="12.016530000000001">
        <time>2026-08-19T19:43:17Z</time>
      </trkpt>
      <trkpt lat="46.24264" lon="12.01654">
        <time>2026-08-19T19:43:18Z</time>
      </trkpt>
      <trkpt lat="46.242650000000005" lon="12.01656">
        <time>2026-08-19T19:43:19Z</time>
      </trkpt>
      <trkpt lat="46.24266" lon="12.016570000000002">
        <time>2026-08-19T19:43:20Z</time>
      </trkpt>
      <trkpt lat="46.24268000000001" lon="12.01659">
        <time>2026-08-19T19:43:22Z</time>
      </trkpt>
      <trkpt lat="46.24269" lon="12.0166">
        <time>2026-08-19T19:43:23Z</time>
      </trkpt>
      <trkpt lat="46.242700000000006" lon="12.016620000000001">
        <time>2026-08-19T19:43:24Z</time>
      </trkpt>
      <trkpt lat="46.24271" lon="12.016630000000001">
        <time>2026-08-19T19:43:25Z</time>
      </trkpt>
      <trkpt lat="46.24273" lon="12.016660000000002">
        <time>2026-08-19T19:43:27Z</time>
      </trkpt>
      <trkpt lat="46.24273" lon="12.016660000000002">
        <time>2026-08-19T19:43:27Z</time>
      </trkpt>
      <trkpt lat="46.24275" lon="12.01669">
        <time>2026-08-19T19:43:29Z</time>
      </trkpt>
      <trkpt lat="46.24275" lon="12.01669">
        <time>2026-08-19T19:43:29Z</time>
      </trkpt>
      <trkpt lat="46.242760000000004" lon="12.0167">
        <time>2026-08-19T19:43:30Z</time>
      </trkpt>
      <trkpt lat="46.24277000000001" lon="12.016720000000001">
        <time>2026-08-19T19:43:31Z</time>
      </trkpt>
      <trkpt lat="46.24279000000001" lon="12.016750000000002">
        <time>2026-08-19T19:43:33Z</time>
      </trkpt>
      <trkpt lat="46.24279000000001" lon="12.016750000000002">
        <time>2026-08-19T19:43:33Z</time>
      </trkpt>
      <trkpt lat="46.242810000000006" lon="12.016770000000001">
        <time>2026-08-19T19:43:35Z</time>
      </trkpt>
      <trkpt lat="46.24282" lon="12.01679">
        <time>2026-08-19T19:43:36Z</time>
      </trkpt>
      <trkpt lat="46.242830000000005" lon="12.016800000000002">
        <time>2026-08-19T19:43:37Z</time>
      </trkpt>
      <trkpt lat="46.242830000000005" lon="12.016800000000002">
        <time>2026-08-19T19:43:37Z</time>
      </trkpt>
      <trkpt lat="46.24284" lon="12.016820000000001">
        <time>2026-08-19T19:43:38Z</time>
      </trkpt>
      <trkpt lat="46.24286" lon="12.01683">
        <time>2026-08-19T19:43:40Z</time>
      </trkpt>
      <trkpt lat="46.24287" lon="12.016860000000001">
        <time>2026-08-19T19:43:41Z</time>
      </trkpt>
      <trkpt lat="46.24288000000001" lon="12.01688">
        <time>2026-08-19T19:43:42Z</time>
      </trkpt>
      <trkpt lat="46.24288000000001" lon="12.01688">
        <time>2026-08-19T19:43:42Z</time>
      </trkpt>
      <trkpt lat="46.24289" lon="12.016900000000001">
        <time>2026-08-19T19:43:44Z</time>
      </trkpt>
      <trkpt lat="46.24291" lon="12.01693">
        <time>2026-08-19T19:43:46Z</time>
      </trkpt>
      <trkpt lat="46.24291" lon="12.01693">
        <time>2026-08-19T19:43:46Z</time>
      </trkpt>
      <trkpt lat="46.24291" lon="12.016950000000001">
        <time>2026-08-19T19:43:47Z</time>
      </trkpt>
      <trkpt lat="46.242900000000006" lon="12.01697">
        <time>2026-08-19T19:43:48Z</time>
      </trkpt>
      <trkpt lat="46.242900000000006" lon="12.01697">
        <time>2026-08-19T19:43:48Z</time>
      </trkpt>
      <trkpt lat="46.24289" lon="12.01697">
        <time>2026-08-19T19:43:48Z</time>
      </trkpt>
      <trkpt lat="46.24288000000001" lon="12.01697">
        <time>2026-08-19T19:43:49Z</time>
      </trkpt>
      <trkpt lat="46.24288000000001" lon="12.01697">
        <time>2026-08-19T19:43:49Z</time>
      </trkpt>
      <trkpt lat="46.24286" lon="12.016950000000001">
        <time>2026-08-19T19:43:51Z</time>
      </trkpt>
      <trkpt lat="46.24286" lon="12.016950000000001">
        <time>2026-08-19T19:43:51Z</time>
      </trkpt>
      <trkpt lat="46.242830000000005" lon="12.01693">
        <time>2026-08-19T19:43:53Z</time>
      </trkpt>
      <trkpt lat="46.242830000000005" lon="12.01693">
        <time>2026-08-19T19:43:53Z</time>
      </trkpt>
      <trkpt lat="46.2428" lon="12.01692">
        <time>2026-08-19T19:43:55Z</time>
      </trkpt>
      <trkpt lat="46.2428" lon="12.01692">
        <time>2026-08-19T19:43:55Z</time>
      </trkpt>
      <trkpt lat="46.24278" lon="12.016900000000001">
        <time>2026-08-19T19:43:57Z</time>
      </trkpt>
      <trkpt lat="46.24278" lon="12.016900000000001">
        <time>2026-08-19T19:43:57Z</time>
      </trkpt>
      <trkpt lat="46.24275" lon="12.016890000000002">
        <time>2026-08-19T19:43:59Z</time>
      </trkpt>
      <trkpt lat="46.24275" lon="12.016890000000002">
        <time>2026-08-19T19:43:59Z</time>
      </trkpt>
      <trkpt lat="46.242740000000005" lon="12.01688">
        <time>2026-08-19T19:44:00Z</time>
      </trkpt>
      <trkpt lat="46.242720000000006" lon="12.01688">
        <time>2026-08-19T19:44:02Z</time>
      </trkpt>
      <trkpt lat="46.242700000000006" lon="12.01687">
        <time>2026-08-19T19:44:03Z</time>
      </trkpt>
      <trkpt lat="46.24268000000001" lon="12.01687">
        <time>2026-08-19T19:44:04Z</time>
      </trkpt>
      <trkpt lat="46.24268000000001" lon="12.01687">
        <time>2026-08-19T19:44:04Z</time>
      </trkpt>
      <trkpt lat="46.24266" lon="12.016860000000001">
        <time>2026-08-19T19:44:06Z</time>
      </trkpt>
      <trkpt lat="46.24264" lon="12.016860000000001">
        <time>2026-08-19T19:44:07Z</time>
      </trkpt>
      <trkpt lat="46.24264" lon="12.016860000000001">
        <time>2026-08-19T19:44:07Z</time>
      </trkpt>
      <trkpt lat="46.24262" lon="12.016860000000001">
        <time>2026-08-19T19:44:09Z</time>
      </trkpt>
      <trkpt lat="46.2426" lon="12.016860000000001">
        <time>2026-08-19T19:44:10Z</time>
      </trkpt>
      <trkpt lat="46.242580000000004" lon="12.016860000000001">
        <time>2026-08-19T19:44:12Z</time>
      </trkpt>
      <trkpt lat="46.242580000000004" lon="12.016860000000001">
        <time>2026-08-19T19:44:12Z</time>
      </trkpt>
      <trkpt lat="46.24255" lon="12.016860000000001">
        <time>2026-08-19T19:44:14Z</time>
      </trkpt>
      <trkpt lat="46.242540000000005" lon="12.016850000000002">
        <time>2026-08-19T19:44:15Z</time>
      </trkpt>
      <trkpt lat="46.242540000000005" lon="12.016850000000002">
        <time>2026-08-19T19:44:15Z</time>
      </trkpt>
      <trkpt lat="46.242520000000006" lon="12.016850000000002">
        <time>2026-08-19T19:44:16Z</time>
      </trkpt>
      <trkpt lat="46.24251" lon="12.01684">
        <time>2026-08-19T19:44:17Z</time>
      </trkpt>
      <trkpt lat="46.242490000000004" lon="12.01683">
        <time>2026-08-19T19:44:18Z</time>
      </trkpt>
      <trkpt lat="46.24248" lon="12.016820000000001">
        <time>2026-08-19T19:44:19Z</time>
      </trkpt>
      <trkpt lat="46.24246" lon="12.016810000000001">
        <time>2026-08-19T19:44:21Z</time>
      </trkpt>
      <trkpt lat="46.24244" lon="12.01679">
        <time>2026-08-19T19:44:22Z</time>
      </trkpt>
      <trkpt lat="46.24242" lon="12.01678">
        <time>2026-08-19T19:44:24Z</time>
      </trkpt>
      <trkpt lat="46.24242" lon="12.01678">
        <time>2026-08-19T19:44:24Z</time>
      </trkpt>
      <trkpt lat="46.24241000000001" lon="12.016770000000001">
        <time>2026-08-19T19:44:25Z</time>
      </trkpt>
      <trkpt lat="46.2424" lon="12.016760000000001">
        <time>2026-08-19T19:44:26Z</time>
      </trkpt>
      <trkpt lat="46.24239" lon="12.01674">
        <time>2026-08-19T19:44:27Z</time>
      </trkpt>
      <trkpt lat="46.24237" lon="12.01673">
        <time>2026-08-19T19:44:28Z</time>
      </trkpt>
      <trkpt lat="46.24235" lon="12.0167">
        <time>2026-08-19T19:44:30Z</time>
      </trkpt>
      <trkpt lat="46.24235" lon="12.0167">
        <time>2026-08-19T19:44:30Z</time>
      </trkpt>
      <trkpt lat="46.242340000000006" lon="12.01669">
        <time>2026-08-19T19:44:31Z</time>
      </trkpt>
      <trkpt lat="46.24232000000001" lon="12.016660000000002">
        <time>2026-08-19T19:44:33Z</time>
      </trkpt>
      <trkpt lat="46.24232000000001" lon="12.016660000000002">
        <time>2026-08-19T19:44:33Z</time>
      </trkpt>
      <trkpt lat="46.242290000000004" lon="12.01664">
        <time>2026-08-19T19:44:36Z</time>
      </trkpt>
      <trkpt lat="46.24228" lon="12.016620000000001">
        <time>2026-08-19T19:44:37Z</time>
      </trkpt>
      <trkpt lat="46.242270000000005" lon="12.0166">
        <time>2026-08-19T19:44:38Z</time>
      </trkpt>
      <trkpt lat="46.24226" lon="12.01659">
        <time>2026-08-19T19:44:39Z</time>
      </trkpt>
      <trkpt lat="46.242250000000006" lon="12.016580000000001">
        <time>2026-08-19T19:44:40Z</time>
      </trkpt>
      <trkpt lat="46.242250000000006" lon="12.016580000000001">
        <time>2026-08-19T19:44:40Z</time>
      </trkpt>
      <trkpt lat="46.242230000000006" lon="12.01655">
        <time>2026-08-19T19:44:42Z</time>
      </trkpt>
      <trkpt lat="46.242230000000006" lon="12.01655">
        <time>2026-08-19T19:44:42Z</time>
      </trkpt>
      <trkpt lat="46.24222" lon="12.016530000000001">
        <time>2026-08-19T19:44:43Z</time>
      </trkpt>
      <trkpt lat="46.242200000000004" lon="12.0165">
        <time>2026-08-19T19:44:45Z</time>
      </trkpt>
      <trkpt lat="46.242200000000004" lon="12.0165">
        <time>2026-08-19T19:44:45Z</time>
      </trkpt>
      <trkpt lat="46.24219" lon="12.016480000000001">
        <time>2026-08-19T19:44:46Z</time>
      </trkpt>
      <trkpt lat="46.24217" lon="12.01645">
        <time>2026-08-19T19:44:48Z</time>
      </trkpt>
      <trkpt lat="46.242160000000005" lon="12.016440000000001">
        <time>2026-08-19T19:44:49Z</time>
      </trkpt>
      <trkpt lat="46.242160000000005" lon="12.016440000000001">
        <time>2026-08-19T19:44:49Z</time>
      </trkpt>
      <trkpt lat="46.242140000000006" lon="12.0164">
        <time>2026-08-19T19:44:52Z</time>
      </trkpt>
      <trkpt lat="46.24213" lon="12.016390000000001">
        <time>2026-08-19T19:44:52Z</time>
      </trkpt>
      <trkpt lat="46.24213" lon="12.016390000000001">
        <time>2026-08-19T19:44:52Z</time>
      </trkpt>
      <trkpt lat="46.24212000000001" lon="12.01637">
        <time>2026-08-19T19:44:54Z</time>
      </trkpt>
      <trkpt lat="46.242110000000004" lon="12.01636">
        <time>2026-08-19T19:44:55Z</time>
      </trkpt>
      <trkpt lat="46.2421" lon="12.016350000000001">
        <time>2026-08-19T19:44:55Z</time>
      </trkpt>
      <trkpt lat="46.24208" lon="12.016350000000001">
        <time>2026-08-19T19:44:57Z</time>
      </trkpt>
      <trkpt lat="46.242070000000005" lon="12.016350000000001">
        <time>2026-08-19T19:44:57Z</time>
      </trkpt>
      <trkpt lat="46.242050000000006" lon="12.016350000000001">
        <time>2026-08-19T19:44:59Z</time>
      </trkpt>
      <trkpt lat="46.24204" lon="12.01637">
        <time>2026-08-19T19:45:00Z</time>
      </trkpt>
      <trkpt lat="46.24203000000001" lon="12.016390000000001">
        <time>2026-08-19T19:45:01Z</time>
      </trkpt>
      <trkpt lat="46.242020000000004" lon="12.0164">
        <time>2026-08-19T19:45:02Z</time>
      </trkpt>
      <trkpt lat="46.242020000000004" lon="12.01642">
        <time>2026-08-19T19:45:03Z</time>
      </trkpt>
      <trkpt lat="46.24201" lon="12.016440000000001">
        <time>2026-08-19T19:45:04Z</time>
      </trkpt>
      <trkpt lat="46.24201" lon="12.016440000000001">
        <time>2026-08-19T19:45:04Z</time>
      </trkpt>
      <trkpt lat="46.24201" lon="12.016480000000001">
        <time>2026-08-19T19:45:06Z</time>
      </trkpt>
      <trkpt lat="46.242000000000004" lon="12.0165">
        <time>2026-08-19T19:45:08Z</time>
      </trkpt>
      <trkpt lat="46.242000000000004" lon="12.016520000000002">
        <time>2026-08-19T19:45:09Z</time>
      </trkpt>
      <trkpt lat="46.242000000000004" lon="12.01654">
        <time>2026-08-19T19:45:09Z</time>
      </trkpt>
      <trkpt lat="46.242000000000004" lon="12.01656">
        <time>2026-08-19T19:45:10Z</time>
      </trkpt>
      <trkpt lat="46.242000000000004" lon="12.01656">
        <time>2026-08-19T19:45:10Z</time>
      </trkpt>
      <trkpt lat="46.242000000000004" lon="12.016580000000001">
        <time>2026-08-19T19:45:11Z</time>
      </trkpt>
      <trkpt lat="46.24201" lon="12.016620000000001">
        <time>2026-08-19T19:45:14Z</time>
      </trkpt>
      <trkpt lat="46.24201" lon="12.016620000000001">
        <time>2026-08-19T19:45:14Z</time>
      </trkpt>
      <trkpt lat="46.242020000000004" lon="12.016660000000002">
        <time>2026-08-19T19:45:16Z</time>
      </trkpt>
      <trkpt lat="46.242020000000004" lon="12.016670000000001">
        <time>2026-08-19T19:45:16Z</time>
      </trkpt>
      <trkpt lat="46.242020000000004" lon="12.016670000000001">
        <time>2026-08-19T19:45:16Z</time>
      </trkpt>
      <trkpt lat="46.242020000000004" lon="12.01669">
        <time>2026-08-19T19:45:17Z</time>
      </trkpt>
      <trkpt lat="46.242020000000004" lon="12.016710000000002">
        <time>2026-08-19T19:45:18Z</time>
      </trkpt>
      <trkpt lat="46.242020000000004" lon="12.01673">
        <time>2026-08-19T19:45:19Z</time>
      </trkpt>
      <trkpt lat="46.242020000000004" lon="12.016770000000001">
        <time>2026-08-19T19:45:21Z</time>
      </trkpt>
      <trkpt lat="46.242020000000004" lon="12.016770000000001">
        <time>2026-08-19T19:45:21Z</time>
      </trkpt>
      <trkpt lat="46.24201" lon="12.01679">
        <time>2026-08-19T19:45:22Z</time>
      </trkpt>
      <trkpt lat="46.24201" lon="12.01683">
        <time>2026-08-19T19:45:24Z</time>
      </trkpt>
      <trkpt lat="46.24201" lon="12.016850000000002">
        <time>2026-08-19T19:45:25Z</time>
      </trkpt>
      <trkpt lat="46.24201" lon="12.016850000000002">
        <time>2026-08-19T19:45:25Z</time>
      </trkpt>
      <trkpt lat="46.24201" lon="12.01687">
        <time>2026-08-19T19:45:26Z</time>
      </trkpt>
      <trkpt lat="46.24201" lon="12.01688">
        <time>2026-08-19T19:45:27Z</time>
      </trkpt>
      <trkpt lat="46.24201" lon="12.016900000000001">
        <time>2026-08-19T19:45:28Z</time>
      </trkpt>
      <trkpt lat="46.24201" lon="12.016910000000001">
        <time>2026-08-19T19:45:28Z</time>
      </trkpt>
      <trkpt lat="46.24201" lon="12.016940000000002">
        <time>2026-08-19T19:45:30Z</time>
      </trkpt>
      <trkpt lat="46.24201" lon="12.016960000000001">
        <time>2026-08-19T19:45:30Z</time>
      </trkpt>
      <trkpt lat="46.242020000000004" lon="12.01697">
        <time>2026-08-19T19:45:31Z</time>
      </trkpt>
      <trkpt lat="46.242020000000004" lon="12.01697">
        <time>2026-08-19T19:45:31Z</time>
      </trkpt>
      <trkpt lat="46.242020000000004" lon="12.016990000000002">
        <time>2026-08-19T19:45:32Z</time>
      </trkpt>
      <trkpt lat="46.242020000000004" lon="12.01702">
        <time>2026-08-19T19:45:34Z</time>
      </trkpt>
      <trkpt lat="46.242020000000004" lon="12.017040000000001">
        <time>2026-08-19T19:45:35Z</time>
      </trkpt>
      <trkpt lat="46.242020000000004" lon="12.017040000000001">
        <time>2026-08-19T19:45:35Z</time>
      </trkpt>
      <trkpt lat="46.242000000000004" lon="12.01707">
        <time>2026-08-19T19:45:37Z</time>
      </trkpt>
      <trkpt lat="46.242000000000004" lon="12.017080000000002">
        <time>2026-08-19T19:45:37Z</time>
      </trkpt>
      <trkpt lat="46.242000000000004" lon="12.017080000000002">
        <time>2026-08-19T19:45:37Z</time>
      </trkpt>
      <trkpt lat="46.24197" lon="12.017090000000001">
        <time>2026-08-19T19:45:39Z</time>
      </trkpt>
      <trkpt lat="46.24197" lon="12.017090000000001">
        <time>2026-08-19T19:45:39Z</time>
      </trkpt>
      <trkpt lat="46.24194000000001" lon="12.017080000000002">
        <time>2026-08-19T19:45:42Z</time>
      </trkpt>
      <trkpt lat="46.24193" lon="12.01707">
        <time>2026-08-19T19:45:43Z</time>
      </trkpt>
      <trkpt lat="46.24192" lon="12.01707">
        <time>2026-08-19T19:45:43Z</time>
      </trkpt>
      <trkpt lat="46.24192" lon="12.01707">
        <time>2026-08-19T19:45:43Z</time>
      </trkpt>
      <trkpt lat="46.241910000000004" lon="12.01706">
        <time>2026-08-19T19:45:44Z</time>
      </trkpt>
      <trkpt lat="46.2419" lon="12.017050000000001">
        <time>2026-08-19T19:45:45Z</time>
      </trkpt>
      <trkpt lat="46.241890000000005" lon="12.01703">
        <time>2026-08-19T19:45:46Z</time>
      </trkpt>
      <trkpt lat="46.241870000000006" lon="12.01701">
        <time>2026-08-19T19:45:48Z</time>
      </trkpt>
      <trkpt lat="46.24186" lon="12.016990000000002">
        <time>2026-08-19T19:45:49Z</time>
      </trkpt>
      <trkpt lat="46.24186" lon="12.016990000000002">
        <time>2026-08-19T19:45:49Z</time>
      </trkpt>
      <trkpt lat="46.24184" lon="12.016960000000001">
        <time>2026-08-19T19:45:51Z</time>
      </trkpt>
      <trkpt lat="46.24184" lon="12.016940000000002">
        <time>2026-08-19T19:45:52Z</time>
      </trkpt>
      <trkpt lat="46.24183000000001" lon="12.01692">
        <time>2026-08-19T19:45:53Z</time>
      </trkpt>
      <trkpt lat="46.241820000000004" lon="12.016910000000001">
        <time>2026-08-19T19:45:54Z</time>
      </trkpt>
      <trkpt lat="46.241820000000004" lon="12.016910000000001">
        <time>2026-08-19T19:45:54Z</time>
      </trkpt>
      <trkpt lat="46.241820000000004" lon="12.016890000000002">
        <time>2026-08-19T19:45:55Z</time>
      </trkpt>
      <trkpt lat="46.241800000000005" lon="12.016860000000001">
        <time>2026-08-19T19:45:57Z</time>
      </trkpt>
      <trkpt lat="46.24179" lon="12.01684">
        <time>2026-08-19T19:45:58Z</time>
      </trkpt>
      <trkpt lat="46.241780000000006" lon="12.01683">
        <time>2026-08-19T19:45:59Z</time>
      </trkpt>
      <trkpt lat="46.24177" lon="12.016820000000001">
        <time>2026-08-19T19:46:00Z</time>
      </trkpt>
      <trkpt lat="46.241760000000006" lon="12.016810000000001">
        <time>2026-08-19T19:46:01Z</time>
      </trkpt>
      <trkpt lat="46.241760000000006" lon="12.016810000000001">
        <time>2026-08-19T19:46:01Z</time>
      </trkpt>
      <trkpt lat="46.24174000000001" lon="12.016810000000001">
        <time>2026-08-19T19:46:02Z</time>
      </trkpt>
      <trkpt lat="46.241710000000005" lon="12.016800000000002">
        <time>2026-08-19T19:46:05Z</time>
      </trkpt>
      <trkpt lat="46.2417" lon="12.016800000000002">
        <time>2026-08-19T19:46:05Z</time>
      </trkpt>
      <trkpt lat="46.2417" lon="12.016800000000002">
        <time>2026-08-19T19:46:05Z</time>
      </trkpt>
      <trkpt lat="46.241670000000006" lon="12.016800000000002">
        <time>2026-08-19T19:46:07Z</time>
      </trkpt>
      <trkpt lat="46.241670000000006" lon="12.016800000000002">
        <time>2026-08-19T19:46:07Z</time>
      </trkpt>
      <trkpt lat="46.24165000000001" lon="12.016820000000001">
        <time>2026-08-19T19:46:09Z</time>
      </trkpt>
      <trkpt lat="46.24163" lon="12.016820000000001">
        <time>2026-08-19T19:46:11Z</time>
      </trkpt>
      <trkpt lat="46.24163" lon="12.016820000000001">
        <time>2026-08-19T19:46:11Z</time>
      </trkpt>
      <trkpt lat="46.24161" lon="12.01684">
        <time>2026-08-19T19:46:12Z</time>
      </trkpt>
      <trkpt lat="46.24159" lon="12.01684">
        <time>2026-08-19T19:46:14Z</time>
      </trkpt>
      <trkpt lat="46.24159" lon="12.01684">
        <time>2026-08-19T19:46:14Z</time>
      </trkpt>
      <trkpt lat="46.24157" lon="12.016850000000002">
        <time>2026-08-19T19:46:15Z</time>
      </trkpt>
      <trkpt lat="46.24157" lon="12.016850000000002">
        <time>2026-08-19T19:46:15Z</time>
      </trkpt>
      <trkpt lat="46.241550000000004" lon="12.016850000000002">
        <time>2026-08-19T19:46:17Z</time>
      </trkpt>
      <trkpt lat="46.24154" lon="12.016860000000001">
        <time>2026-08-19T19:46:17Z</time>
      </trkpt>
      <trkpt lat="46.24152" lon="12.016860000000001">
        <time>2026-08-19T19:46:19Z</time>
      </trkpt>
      <trkpt lat="46.241510000000005" lon="12.016860000000001">
        <time>2026-08-19T19:46:20Z</time>
      </trkpt>
      <trkpt lat="46.24148" lon="12.016860000000001">
        <time>2026-08-19T19:46:22Z</time>
      </trkpt>
      <trkpt lat="46.24148" lon="12.016860000000001">
        <time>2026-08-19T19:46:22Z</time>
      </trkpt>
      <trkpt lat="46.24147000000001" lon="12.016860000000001">
        <time>2026-08-19T19:46:22Z</time>
      </trkpt>
      <trkpt lat="46.241460000000004" lon="12.016860000000001">
        <time>2026-08-19T19:46:23Z</time>
      </trkpt>
      <trkpt lat="46.24143" lon="12.016850000000002">
        <time>2026-08-19T19:46:25Z</time>
      </trkpt>
      <trkpt lat="46.241420000000005" lon="12.016850000000002">
        <time>2026-08-19T19:46:26Z</time>
      </trkpt>
      <trkpt lat="46.241400000000006" lon="12.01684">
        <time>2026-08-19T19:46:27Z</time>
      </trkpt>
      <trkpt lat="46.24139" lon="12.01684">
        <time>2026-08-19T19:46:28Z</time>
      </trkpt>
      <trkpt lat="46.24139" lon="12.01684">
        <time>2026-08-19T19:46:28Z</time>
      </trkpt>
      <trkpt lat="46.24136" lon="12.01683">
        <time>2026-08-19T19:46:30Z</time>
      </trkpt>
      <trkpt lat="46.24136" lon="12.01683">
        <time>2026-08-19T19:46:30Z</time>
      </trkpt>
      <trkpt lat="46.241350000000004" lon="12.01683">
        <time>2026-08-19T19:46:31Z</time>
      </trkpt>
      <trkpt lat="46.24132" lon="12.016820000000001">
        <time>2026-08-19T19:46:33Z</time>
      </trkpt>
      <trkpt lat="46.241310000000006" lon="12.016820000000001">
        <time>2026-08-19T19:46:34Z</time>
      </trkpt>
      <trkpt lat="46.241310000000006" lon="12.016820000000001">
        <time>2026-08-19T19:46:34Z</time>
      </trkpt>
      <trkpt lat="46.24128" lon="12.016810000000001">
        <time>2026-08-19T19:46:36Z</time>
      </trkpt>
      <trkpt lat="46.24127000000001" lon="12.016800000000002">
        <time>2026-08-19T19:46:37Z</time>
      </trkpt>
      <trkpt lat="46.24125" lon="12.016800000000002">
        <time>2026-08-19T19:46:38Z</time>
      </trkpt>
      <trkpt lat="46.24125" lon="12.016800000000002">
        <time>2026-08-19T19:46:38Z</time>
      </trkpt>
      <trkpt lat="46.24123" lon="12.016800000000002">
        <time>2026-08-19T19:46:40Z</time>
      </trkpt>
      <trkpt lat="46.241220000000006" lon="12.016800000000002">
        <time>2026-08-19T19:46:40Z</time>
      </trkpt>
      <trkpt lat="46.241200000000006" lon="12.016800000000002">
        <time>2026-08-19T19:46:42Z</time>
      </trkpt>
      <trkpt lat="46.24119" lon="12.016810000000001">
        <time>2026-08-19T19:46:43Z</time>
      </trkpt>
      <trkpt lat="46.24118000000001" lon="12.016810000000001">
        <time>2026-08-19T19:46:43Z</time>
      </trkpt>
      <trkpt lat="46.24116" lon="12.016820000000001">
        <time>2026-08-19T19:46:45Z</time>
      </trkpt>
      <trkpt lat="46.241150000000005" lon="12.01683">
        <time>2026-08-19T19:46:46Z</time>
      </trkpt>
      <trkpt lat="46.24114" lon="12.01684">
        <time>2026-08-19T19:46:47Z</time>
      </trkpt>
      <trkpt lat="46.241130000000005" lon="12.016850000000002">
        <time>2026-08-19T19:46:48Z</time>
      </trkpt>
      <trkpt lat="46.24112" lon="12.016860000000001">
        <time>2026-08-19T19:46:48Z</time>
      </trkpt>
      <trkpt lat="46.24112" lon="12.016860000000001">
        <time>2026-08-19T19:46:48Z</time>
      </trkpt>
      <trkpt lat="46.2411" lon="12.01688">
        <time>2026-08-19T19:46:50Z</time>
      </trkpt>
      <trkpt lat="46.241080000000004" lon="12.016890000000002">
        <time>2026-08-19T19:46:52Z</time>
      </trkpt>
      <trkpt lat="46.24107" lon="12.016900000000001">
        <time>2026-08-19T19:46:52Z</time>
      </trkpt>
      <trkpt lat="46.241060000000004" lon="12.016910000000001">
        <time>2026-08-19T19:46:53Z</time>
      </trkpt>
      <trkpt lat="46.24105" lon="12.01692">
        <time>2026-08-19T19:46:54Z</time>
      </trkpt>
      <trkpt lat="46.24105" lon="12.01692">
        <time>2026-08-19T19:46:54Z</time>
      </trkpt>
      <trkpt lat="46.241020000000006" lon="12.016940000000002">
        <time>2026-08-19T19:46:57Z</time>
      </trkpt>
      <trkpt lat="46.241020000000006" lon="12.016940000000002">
        <time>2026-08-19T19:46:57Z</time>
      </trkpt>
      <trkpt lat="46.24100000000001" lon="12.01697">
        <time>2026-08-19T19:46:59Z</time>
      </trkpt>
      <trkpt lat="46.24100000000001" lon="12.01697">
        <time>2026-08-19T19:46:59Z</time>
      </trkpt>
      <trkpt lat="46.240990000000004" lon="12.01698">
        <time>2026-08-19T19:46:59Z</time>
      </trkpt>
      <trkpt lat="46.24098" lon="12.016990000000002">
        <time>2026-08-19T19:47:00Z</time>
      </trkpt>
      <trkpt lat="46.240970000000004" lon="12.01701">
        <time>2026-08-19T19:47:02Z</time>
      </trkpt>
      <trkpt lat="46.24096" lon="12.01702">
        <time>2026-08-19T19:47:02Z</time>
      </trkpt>
      <trkpt lat="46.240950000000005" lon="12.017040000000001">
        <time>2026-08-19T19:47:04Z</time>
      </trkpt>
      <trkpt lat="46.240950000000005" lon="12.01706">
        <time>2026-08-19T19:47:05Z</time>
      </trkpt>
      <trkpt lat="46.240950000000005" lon="12.017080000000002">
        <time>2026-08-19T19:47:06Z</time>
      </trkpt>
      <trkpt lat="46.240950000000005" lon="12.017100000000001">
        <time>2026-08-19T19:47:07Z</time>
      </trkpt>
      <trkpt lat="46.24096" lon="12.01711">
        <time>2026-08-19T19:47:07Z</time>
      </trkpt>
      <trkpt lat="46.24096" lon="12.017130000000002">
        <time>2026-08-19T19:47:08Z</time>
      </trkpt>
      <trkpt lat="46.240970000000004" lon="12.017140000000001">
        <time>2026-08-19T19:47:09Z</time>
      </trkpt>
      <trkpt lat="46.24098" lon="12.01716">
        <time>2026-08-19T19:47:10Z</time>
      </trkpt>
      <trkpt lat="46.240990000000004" lon="12.01717">
        <time>2026-08-19T19:47:11Z</time>
      </trkpt>
      <trkpt lat="46.24100000000001" lon="12.017180000000002">
        <time>2026-08-19T19:47:12Z</time>
      </trkpt>
      <trkpt lat="46.24100000000001" lon="12.017190000000001">
        <time>2026-08-19T19:47:13Z</time>
      </trkpt>
      <trkpt lat="46.24101" lon="12.0172">
        <time>2026-08-19T19:47:13Z</time>
      </trkpt>
      <trkpt lat="46.241020000000006" lon="12.01721">
        <time>2026-08-19T19:47:14Z</time>
      </trkpt>
      <trkpt lat="46.241020000000006" lon="12.01721">
        <time>2026-08-19T19:47:14Z</time>
      </trkpt>
      <trkpt lat="46.241020000000006" lon="12.017220000000002">
        <time>2026-08-19T19:47:15Z</time>
      </trkpt>
      <trkpt lat="46.241020000000006" lon="12.017220000000002">
        <time>2026-08-19T19:47:15Z</time>
      </trkpt>
      <trkpt lat="46.241020000000006" lon="12.01721">
        <time>2026-08-19T19:47:15Z</time>
      </trkpt>
      <trkpt lat="46.241020000000006" lon="12.01721">
        <time>2026-08-19T19:47:15Z</time>
      </trkpt>
      <trkpt lat="46.24103" lon="12.01721">
        <time>2026-08-19T19:47:16Z</time>
      </trkpt>
      <trkpt lat="46.241040000000005" lon="12.01721">
        <time>2026-08-19T19:47:17Z</time>
      </trkpt>
      <trkpt lat="46.24105" lon="12.01721">
        <time>2026-08-19T19:47:17Z</time>
      </trkpt>
      <trkpt lat="46.241060000000004" lon="12.017220000000002">
        <time>2026-08-19T19:47:18Z</time>
      </trkpt>
      <trkpt lat="46.24107" lon="12.017220000000002">
        <time>2026-08-19T19:47:19Z</time>
      </trkpt>
      <trkpt lat="46.241080000000004" lon="12.017230000000001">
        <time>2026-08-19T19:47:20Z</time>
      </trkpt>
      <trkpt lat="46.24109000000001" lon="12.017240000000001">
        <time>2026-08-19T19:47:21Z</time>
      </trkpt>
      <trkpt lat="46.2411" lon="12.017240000000001">
        <time>2026-08-19T19:47:21Z</time>
      </trkpt>
      <trkpt lat="46.24112" lon="12.01725">
        <time>2026-08-19T19:47:23Z</time>
      </trkpt>
      <trkpt lat="46.241130000000005" lon="12.01726">
        <time>2026-08-19T19:47:24Z</time>
      </trkpt>
      <trkpt lat="46.24114" lon="12.017270000000002">
        <time>2026-08-19T19:47:25Z</time>
      </trkpt>
      <trkpt lat="46.24116" lon="12.017280000000001">
        <time>2026-08-19T19:47:26Z</time>
      </trkpt>
      <trkpt lat="46.24116" lon="12.017280000000001">
        <time>2026-08-19T19:47:26Z</time>
      </trkpt>
      <trkpt lat="46.241170000000004" lon="12.017290000000001">
        <time>2026-08-19T19:47:27Z</time>
      </trkpt>
      <trkpt lat="46.241200000000006" lon="12.01731">
        <time>2026-08-19T19:47:29Z</time>
      </trkpt>
      <trkpt lat="46.241200000000006" lon="12.01731">
        <time>2026-08-19T19:47:29Z</time>
      </trkpt>
      <trkpt lat="46.24121" lon="12.017320000000002">
        <time>2026-08-19T19:47:30Z</time>
      </trkpt>
      <trkpt lat="46.24123" lon="12.017330000000001">
        <time>2026-08-19T19:47:32Z</time>
      </trkpt>
      <trkpt lat="46.24123" lon="12.017330000000001">
        <time>2026-08-19T19:47:32Z</time>
      </trkpt>
      <trkpt lat="46.241260000000004" lon="12.01735">
        <time>2026-08-19T19:47:34Z</time>
      </trkpt>
      <trkpt lat="46.241260000000004" lon="12.01735">
        <time>2026-08-19T19:47:34Z</time>
      </trkpt>
      <trkpt lat="46.24127000000001" lon="12.017360000000002">
        <time>2026-08-19T19:47:35Z</time>
      </trkpt>
      <trkpt lat="46.24128" lon="12.017370000000001">
        <time>2026-08-19T19:47:36Z</time>
      </trkpt>
      <trkpt lat="46.241290000000006" lon="12.017380000000001">
        <time>2026-08-19T19:47:37Z</time>
      </trkpt>
      <trkpt lat="46.2413" lon="12.01739">
        <time>2026-08-19T19:47:37Z</time>
      </trkpt>
      <trkpt lat="46.241330000000005" lon="12.0174">
        <time>2026-08-19T19:47:40Z</time>
      </trkpt>
      <trkpt lat="46.24134" lon="12.017410000000002">
        <time>2026-08-19T19:47:41Z</time>
      </trkpt>
      <trkpt lat="46.24134" lon="12.017410000000002">
        <time>2026-08-19T19:47:41Z</time>
      </trkpt>
      <trkpt lat="46.24137" lon="12.017430000000001">
        <time>2026-08-19T19:47:43Z</time>
      </trkpt>
      <trkpt lat="46.24138000000001" lon="12.017430000000001">
        <time>2026-08-19T19:47:44Z</time>
      </trkpt>
      <trkpt lat="46.24138000000001" lon="12.017430000000001">
        <time>2026-08-19T19:47:44Z</time>
      </trkpt>
      <trkpt lat="46.24139" lon="12.01744">
        <time>2026-08-19T19:47:44Z</time>
      </trkpt>
      <trkpt lat="46.24141" lon="12.017460000000002">
        <time>2026-08-19T19:47:46Z</time>
      </trkpt>
      <trkpt lat="46.241420000000005" lon="12.017460000000002">
        <time>2026-08-19T19:47:47Z</time>
      </trkpt>
      <trkpt lat="46.24143" lon="12.017470000000001">
        <time>2026-08-19T19:47:48Z</time>
      </trkpt>
      <trkpt lat="46.241440000000004" lon="12.01748">
        <time>2026-08-19T19:47:49Z</time>
      </trkpt>
      <trkpt lat="46.241460000000004" lon="12.01749">
        <time>2026-08-19T19:47:50Z</time>
      </trkpt>
      <trkpt lat="46.24147000000001" lon="12.017510000000001">
        <time>2026-08-19T19:47:51Z</time>
      </trkpt>
      <trkpt lat="46.24147000000001" lon="12.017510000000001">
        <time>2026-08-19T19:47:51Z</time>
      </trkpt>
      <trkpt lat="46.24148" lon="12.017520000000001">
        <time>2026-08-19T19:47:52Z</time>
      </trkpt>
      <trkpt lat="46.2415" lon="12.01754">
        <time>2026-08-19T19:47:54Z</time>
      </trkpt>
      <trkpt lat="46.24152" lon="12.017550000000002">
        <time>2026-08-19T19:47:55Z</time>
      </trkpt>
      <trkpt lat="46.241530000000004" lon="12.017560000000001">
        <time>2026-08-19T19:47:56Z</time>
      </trkpt>
      <trkpt lat="46.24154" lon="12.017570000000001">
        <time>2026-08-19T19:47:57Z</time>
      </trkpt>
      <trkpt lat="46.241550000000004" lon="12.01758">
        <time>2026-08-19T19:47:58Z</time>
      </trkpt>
      <trkpt lat="46.24156000000001" lon="12.017600000000002">
        <time>2026-08-19T19:47:59Z</time>
      </trkpt>
      <trkpt lat="46.24157" lon="12.017610000000001">
        <time>2026-08-19T19:48:00Z</time>
      </trkpt>
      <trkpt lat="46.241580000000006" lon="12.01762">
        <time>2026-08-19T19:48:01Z</time>
      </trkpt>
      <trkpt lat="46.24159" lon="12.01763">
        <time>2026-08-19T19:48:02Z</time>
      </trkpt>
      <trkpt lat="46.24159" lon="12.01763">
        <time>2026-08-19T19:48:02Z</time>
      </trkpt>
      <trkpt lat="46.241600000000005" lon="12.017650000000001">
        <time>2026-08-19T19:48:03Z</time>
      </trkpt>
      <trkpt lat="46.241600000000005" lon="12.017650000000001">
        <time>2026-08-19T19:48:03Z</time>
      </trkpt>
      <trkpt lat="46.241600000000005" lon="12.017660000000001">
        <time>2026-08-19T19:48:03Z</time>
      </trkpt>
      <trkpt lat="46.241600000000005" lon="12.01768">
        <time>2026-08-19T19:48:04Z</time>
      </trkpt>
      <trkpt lat="46.241600000000005" lon="12.017700000000001">
        <time>2026-08-19T19:48:05Z</time>
      </trkpt>
      <trkpt lat="46.24161" lon="12.01773">
        <time>2026-08-19T19:48:07Z</time>
      </trkpt>
      <trkpt lat="46.241620000000005" lon="12.017740000000002">
        <time>2026-08-19T19:48:08Z</time>
      </trkpt>
      <trkpt lat="46.241620000000005" lon="12.017740000000002">
        <time>2026-08-19T19:48:08Z</time>
      </trkpt>
      <trkpt lat="46.24163" lon="12.01777">
        <time>2026-08-19T19:48:09Z</time>
      </trkpt>
      <trkpt lat="46.241640000000004" lon="12.01778">
        <time>2026-08-19T19:48:10Z</time>
      </trkpt>
      <trkpt lat="46.24165000000001" lon="12.017790000000002">
        <time>2026-08-19T19:48:11Z</time>
      </trkpt>
      <trkpt lat="46.24166" lon="12.017800000000001">
        <time>2026-08-19T19:48:12Z</time>
      </trkpt>
      <trkpt lat="46.24168" lon="12.017800000000001">
        <time>2026-08-19T19:48:13Z</time>
      </trkpt>
      <trkpt lat="46.241690000000006" lon="12.01781">
        <time>2026-08-19T19:48:14Z</time>
      </trkpt>
      <trkpt lat="46.241690000000006" lon="12.01781">
        <time>2026-08-19T19:48:14Z</time>
      </trkpt>
      <trkpt lat="46.241710000000005" lon="12.01782">
        <time>2026-08-19T19:48:16Z</time>
      </trkpt>
      <trkpt lat="46.241710000000005" lon="12.017830000000002">
        <time>2026-08-19T19:48:16Z</time>
      </trkpt>
      <trkpt lat="46.241730000000004" lon="12.01786">
        <time>2026-08-19T19:48:18Z</time>
      </trkpt>
      <trkpt lat="46.241730000000004" lon="12.01786">
        <time>2026-08-19T19:48:18Z</time>
      </trkpt>
      <trkpt lat="46.24174000000001" lon="12.01787">
        <time>2026-08-19T19:48:19Z</time>
      </trkpt>
      <trkpt lat="46.24174000000001" lon="12.017880000000002">
        <time>2026-08-19T19:48:20Z</time>
      </trkpt>
      <trkpt lat="46.24175" lon="12.017880000000002">
        <time>2026-08-19T19:48:20Z</time>
      </trkpt>
      <trkpt lat="46.241760000000006" lon="12.017890000000001">
        <time>2026-08-19T19:48:21Z</time>
      </trkpt>
      <trkpt lat="46.241780000000006" lon="12.01791">
        <time>2026-08-19T19:48:23Z</time>
      </trkpt>
      <trkpt lat="46.241780000000006" lon="12.01791">
        <time>2026-08-19T19:48:23Z</time>
      </trkpt>
      <trkpt lat="46.24179" lon="12.017930000000002">
        <time>2026-08-19T19:48:24Z</time>
      </trkpt>
      <trkpt lat="46.241800000000005" lon="12.017940000000001">
        <time>2026-08-19T19:48:25Z</time>
      </trkpt>
      <trkpt lat="46.241800000000005" lon="12.017940000000001">
        <time>2026-08-19T19:48:25Z</time>
      </trkpt>
      <trkpt lat="46.24181" lon="12.01795">
        <time>2026-08-19T19:48:26Z</time>
      </trkpt>
      <trkpt lat="46.241820000000004" lon="12.01795">
        <time>2026-08-19T19:48:27Z</time>
      </trkpt>
      <trkpt lat="46.24183000000001" lon="12.017970000000002">
        <time>2026-08-19T19:48:28Z</time>
      </trkpt>
      <trkpt lat="46.24183000000001" lon="12.017970000000002">
        <time>2026-08-19T19:48:28Z</time>
      </trkpt>
      <trkpt lat="46.24184" lon="12.017980000000001">
        <time>2026-08-19T19:48:29Z</time>
      </trkpt>
      <trkpt lat="46.24185000000001" lon="12.017980000000001">
        <time>2026-08-19T19:48:29Z</time>
      </trkpt>
      <trkpt lat="46.24186" lon="12.017990000000001">
        <time>2026-08-19T19:48:30Z</time>
      </trkpt>
      <trkpt lat="46.241870000000006" lon="12.018">
        <time>2026-08-19T19:48:31Z</time>
      </trkpt>
      <trkpt lat="46.24188" lon="12.018">
        <time>2026-08-19T19:48:32Z</time>
      </trkpt>
      <trkpt lat="46.241890000000005" lon="12.01801">
        <time>2026-08-19T19:48:33Z</time>
      </trkpt>
      <trkpt lat="46.2419" lon="12.01801">
        <time>2026-08-19T19:48:33Z</time>
      </trkpt>
      <trkpt lat="46.2419" lon="12.018020000000002">
        <time>2026-08-19T19:48:34Z</time>
      </trkpt>
      <trkpt lat="46.24192" lon="12.018020000000002">
        <time>2026-08-19T19:48:35Z</time>
      </trkpt>
      <trkpt lat="46.24192" lon="12.018030000000001">
        <time>2026-08-19T19:48:36Z</time>
      </trkpt>
      <trkpt lat="46.24194000000001" lon="12.018040000000001">
        <time>2026-08-19T19:48:37Z</time>
      </trkpt>
      <trkpt lat="46.24194000000001" lon="12.018040000000001">
        <time>2026-08-19T19:48:37Z</time>
      </trkpt>
      <trkpt lat="46.241960000000006" lon="12.01805">
        <time>2026-08-19T19:48:39Z</time>
      </trkpt>
      <trkpt lat="46.24197" lon="12.018070000000002">
        <time>2026-08-19T19:48:40Z</time>
      </trkpt>
      <trkpt lat="46.24197" lon="12.018070000000002">
        <time>2026-08-19T19:48:40Z</time>
      </trkpt>
      <trkpt lat="46.241980000000005" lon="12.018080000000001">
        <time>2026-08-19T19:48:41Z</time>
      </trkpt>
      <trkpt lat="46.24199" lon="12.018080000000001">
        <time>2026-08-19T19:48:42Z</time>
      </trkpt>
      <trkpt lat="46.242000000000004" lon="12.01809">
        <time>2026-08-19T19:48:42Z</time>
      </trkpt>
      <trkpt lat="46.242020000000004" lon="12.0181">
        <time>2026-08-19T19:48:44Z</time>
      </trkpt>
      <trkpt lat="46.242020000000004" lon="12.0181">
        <time>2026-08-19T19:48:44Z</time>
      </trkpt>
      <trkpt lat="46.24203000000001" lon="12.018110000000002">
        <time>2026-08-19T19:48:45Z</time>
      </trkpt>
      <trkpt lat="46.242050000000006" lon="12.018130000000001">
        <time>2026-08-19T19:48:46Z</time>
      </trkpt>
      <trkpt lat="46.24206" lon="12.01814">
        <time>2026-08-19T19:48:47Z</time>
      </trkpt>
      <trkpt lat="46.24206" lon="12.01814">
        <time>2026-08-19T19:48:47Z</time>
      </trkpt>
      <trkpt lat="46.242070000000005" lon="12.01814">
        <time>2026-08-19T19:48:48Z</time>
      </trkpt>
      <trkpt lat="46.242090000000005" lon="12.018160000000002">
        <time>2026-08-19T19:48:50Z</time>
      </trkpt>
      <trkpt lat="46.242090000000005" lon="12.018160000000002">
        <time>2026-08-19T19:48:50Z</time>
      </trkpt>
      <trkpt lat="46.2421" lon="12.018170000000001">
        <time>2026-08-19T19:48:51Z</time>
      </trkpt>
      <trkpt lat="46.242110000000004" lon="12.018180000000001">
        <time>2026-08-19T19:48:51Z</time>
      </trkpt>
      <trkpt lat="46.242110000000004" lon="12.018180000000001">
        <time>2026-08-19T19:48:51Z</time>
      </trkpt>
      <trkpt lat="46.24212000000001" lon="12.01819">
        <time>2026-08-19T19:48:52Z</time>
      </trkpt>
      <trkpt lat="46.24213" lon="12.018210000000002">
        <time>2026-08-19T19:48:54Z</time>
      </trkpt>
      <trkpt lat="46.24213" lon="12.018210000000002">
        <time>2026-08-19T19:48:54Z</time>
      </trkpt>
      <trkpt lat="46.242140000000006" lon="12.018220000000001">
        <time>2026-08-19T19:48:54Z</time>
      </trkpt>
      <trkpt lat="46.242160000000005" lon="12.01824">
        <time>2026-08-19T19:48:56Z</time>
      </trkpt>
      <trkpt lat="46.242160000000005" lon="12.01824">
        <time>2026-08-19T19:48:56Z</time>
      </trkpt>
      <trkpt lat="46.242180000000005" lon="12.01825">
        <time>2026-08-19T19:48:58Z</time>
      </trkpt>
      <trkpt lat="46.242180000000005" lon="12.01825">
        <time>2026-08-19T19:48:58Z</time>
      </trkpt>
      <trkpt lat="46.242180000000005" lon="12.018260000000001">
        <time>2026-08-19T19:48:58Z</time>
      </trkpt>
      <trkpt lat="46.24219" lon="12.018270000000001">
        <time>2026-08-19T19:48:59Z</time>
      </trkpt>
      <trkpt lat="46.242200000000004" lon="12.01828">
        <time>2026-08-19T19:49:00Z</time>
      </trkpt>
      <trkpt lat="46.242200000000004" lon="12.01828">
        <time>2026-08-19T19:49:00Z</time>
      </trkpt>
      <trkpt lat="46.24222" lon="12.01829">
        <time>2026-08-19T19:49:01Z</time>
      </trkpt>
      <trkpt lat="46.242230000000006" lon="12.01829">
        <time>2026-08-19T19:49:02Z</time>
      </trkpt>
      <trkpt lat="46.242230000000006" lon="12.018300000000002">
        <time>2026-08-19T19:49:03Z</time>
      </trkpt>
      <trkpt lat="46.24224" lon="12.018300000000002">
        <time>2026-08-19T19:49:03Z</time>
      </trkpt>
      <trkpt lat="46.242250000000006" lon="12.018300000000002">
        <time>2026-08-19T19:49:04Z</time>
      </trkpt>
      <trkpt lat="46.242250000000006" lon="12.018300000000002">
        <time>2026-08-19T19:49:04Z</time>
      </trkpt>
      <trkpt lat="46.24226" lon="12.018310000000001">
        <time>2026-08-19T19:49:05Z</time>
      </trkpt>
      <trkpt lat="46.242270000000005" lon="12.018310000000001">
        <time>2026-08-19T19:49:05Z</time>
      </trkpt>
      <trkpt lat="46.242270000000005" lon="12.018310000000001">
        <time>2026-08-19T19:49:05Z</time>
      </trkpt>
      <trkpt lat="46.24228" lon="12.018320000000001">
        <time>2026-08-19T19:49:06Z</time>
      </trkpt>
      <trkpt lat="46.242290000000004" lon="12.01833">
        <time>2026-08-19T19:49:07Z</time>
      </trkpt>
      <trkpt lat="46.242290000000004" lon="12.01833">
        <time>2026-08-19T19:49:07Z</time>
      </trkpt>
      <trkpt lat="46.24230000000001" lon="12.01834">
        <time>2026-08-19T19:49:08Z</time>
      </trkpt>
      <trkpt lat="46.24231" lon="12.01834">
        <time>2026-08-19T19:49:09Z</time>
      </trkpt>
      <trkpt lat="46.24231" lon="12.01834">
        <time>2026-08-19T19:49:09Z</time>
      </trkpt>
      <trkpt lat="46.24231" lon="12.018350000000002">
        <time>2026-08-19T19:49:09Z</time>
      </trkpt>
      <trkpt lat="46.24232000000001" lon="12.018360000000001">
        <time>2026-08-19T19:49:10Z</time>
      </trkpt>
      <trkpt lat="46.24233" lon="12.01837">
        <time>2026-08-19T19:49:11Z</time>
      </trkpt>
      <trkpt lat="46.242340000000006" lon="12.01839">
        <time>2026-08-19T19:49:12Z</time>
      </trkpt>
      <trkpt lat="46.242340000000006" lon="12.01839">
        <time>2026-08-19T19:49:12Z</time>
      </trkpt>
      <trkpt lat="46.24235" lon="12.01839">
        <time>2026-08-19T19:49:13Z</time>
      </trkpt>
      <trkpt lat="46.242360000000005" lon="12.018400000000002">
        <time>2026-08-19T19:49:14Z</time>
      </trkpt>
      <trkpt lat="46.242360000000005" lon="12.018410000000001">
        <time>2026-08-19T19:49:14Z</time>
      </trkpt>
      <trkpt lat="46.24237" lon="12.01842">
        <time>2026-08-19T19:49:15Z</time>
      </trkpt>
      <trkpt lat="46.242380000000004" lon="12.01843">
        <time>2026-08-19T19:49:16Z</time>
      </trkpt>
      <trkpt lat="46.24239" lon="12.018440000000002">
        <time>2026-08-19T19:49:17Z</time>
      </trkpt>
      <trkpt lat="46.24239" lon="12.018450000000001">
        <time>2026-08-19T19:49:17Z</time>
      </trkpt>
      <trkpt lat="46.24239" lon="12.018450000000001">
        <time>2026-08-19T19:49:17Z</time>
      </trkpt>
      <trkpt lat="46.2424" lon="12.018460000000001">
        <time>2026-08-19T19:49:18Z</time>
      </trkpt>
      <trkpt lat="46.2424" lon="12.018460000000001">
        <time>2026-08-19T19:49:18Z</time>
      </trkpt>
      <trkpt lat="46.24242" lon="12.01848">
        <time>2026-08-19T19:49:20Z</time>
      </trkpt>
      <trkpt lat="46.242430000000006" lon="12.018490000000002">
        <time>2026-08-19T19:49:21Z</time>
      </trkpt>
      <trkpt lat="46.242430000000006" lon="12.018490000000002">
        <time>2026-08-19T19:49:21Z</time>
      </trkpt>
      <trkpt lat="46.24244" lon="12.018500000000001">
        <time>2026-08-19T19:49:22Z</time>
      </trkpt>
      <trkpt lat="46.242450000000005" lon="12.01852">
        <time>2026-08-19T19:49:23Z</time>
      </trkpt>
      <trkpt lat="46.242450000000005" lon="12.01852">
        <time>2026-08-19T19:49:23Z</time>
      </trkpt>
      <trkpt lat="46.242470000000004" lon="12.01853">
        <time>2026-08-19T19:49:24Z</time>
      </trkpt>
      <trkpt lat="46.242470000000004" lon="12.01853">
        <time>2026-08-19T19:49:24Z</time>
      </trkpt>
      <trkpt lat="46.242470000000004" lon="12.01853">
        <time>2026-08-19T19:49:24Z</time>
      </trkpt>
      <trkpt lat="46.24248" lon="12.018540000000002">
        <time>2026-08-19T19:49:25Z</time>
      </trkpt>
      <trkpt lat="46.242490000000004" lon="12.018550000000001">
        <time>2026-08-19T19:49:26Z</time>
      </trkpt>
      <trkpt lat="46.242490000000004" lon="12.018550000000001">
        <time>2026-08-19T19:49:26Z</time>
      </trkpt>
      <trkpt lat="46.24250000000001" lon="12.018550000000001">
        <time>2026-08-19T19:49:27Z</time>
      </trkpt>
      <trkpt lat="46.24250000000001" lon="12.01856">
        <time>2026-08-19T19:49:27Z</time>
      </trkpt>
      <trkpt lat="46.24251" lon="12.01856">
        <time>2026-08-19T19:49:28Z</time>
      </trkpt>
      <trkpt lat="46.242520000000006" lon="12.01857">
        <time>2026-08-19T19:49:29Z</time>
      </trkpt>
      <trkpt lat="46.24253" lon="12.018580000000002">
        <time>2026-08-19T19:49:30Z</time>
      </trkpt>
      <trkpt lat="46.24253" lon="12.018580000000002">
        <time>2026-08-19T19:49:30Z</time>
      </trkpt>
      <trkpt lat="46.24253" lon="12.018590000000001">
        <time>2026-08-19T19:49:30Z</time>
      </trkpt>
      <trkpt lat="46.242540000000005" lon="12.018600000000001">
        <time>2026-08-19T19:49:31Z</time>
      </trkpt>
      <trkpt lat="46.24255" lon="12.01861">
        <time>2026-08-19T19:49:32Z</time>
      </trkpt>
      <trkpt lat="46.24255" lon="12.01862">
        <time>2026-08-19T19:49:32Z</time>
      </trkpt>
      <trkpt lat="46.24255" lon="12.01862">
        <time>2026-08-19T19:49:32Z</time>
      </trkpt>
      <trkpt lat="46.242560000000005" lon="12.018630000000002">
        <time>2026-08-19T19:49:33Z</time>
      </trkpt>
      <trkpt lat="46.24257" lon="12.018650000000001">
        <time>2026-08-19T19:49:34Z</time>
      </trkpt>
      <trkpt lat="46.242580000000004" lon="12.01866">
        <time>2026-08-19T19:49:35Z</time>
      </trkpt>
      <trkpt lat="46.242580000000004" lon="12.01867">
        <time>2026-08-19T19:49:36Z</time>
      </trkpt>
      <trkpt lat="46.24259000000001" lon="12.018680000000002">
        <time>2026-08-19T19:49:37Z</time>
      </trkpt>
      <trkpt lat="46.24259000000001" lon="12.018680000000002">
        <time>2026-08-19T19:49:37Z</time>
      </trkpt>
      <trkpt lat="46.2426" lon="12.018690000000001">
        <time>2026-08-19T19:49:37Z</time>
      </trkpt>
      <trkpt lat="46.242610000000006" lon="12.018720000000002">
        <time>2026-08-19T19:49:39Z</time>
      </trkpt>
      <trkpt lat="46.24262" lon="12.018730000000001">
        <time>2026-08-19T19:49:40Z</time>
      </trkpt>
      <trkpt lat="46.24262" lon="12.018730000000001">
        <time>2026-08-19T19:49:40Z</time>
      </trkpt>
      <trkpt lat="46.24262" lon="12.018740000000001">
        <time>2026-08-19T19:49:40Z</time>
      </trkpt>
      <trkpt lat="46.24262" lon="12.01876">
        <time>2026-08-19T19:49:41Z</time>
      </trkpt>
      <trkpt lat="46.242630000000005" lon="12.018770000000002">
        <time>2026-08-19T19:49:42Z</time>
      </trkpt>
      <trkpt lat="46.242630000000005" lon="12.018790000000001">
        <time>2026-08-19T19:49:43Z</time>
      </trkpt>
      <trkpt lat="46.24264" lon="12.01881">
        <time>2026-08-19T19:49:44Z</time>
      </trkpt>
      <trkpt lat="46.24264" lon="12.01881">
        <time>2026-08-19T19:49:44Z</time>
      </trkpt>
      <trkpt lat="46.24264" lon="12.018820000000002">
        <time>2026-08-19T19:49:45Z</time>
      </trkpt>
      <trkpt lat="46.242650000000005" lon="12.018830000000001">
        <time>2026-08-19T19:49:46Z</time>
      </trkpt>
      <trkpt lat="46.242650000000005" lon="12.018830000000001">
        <time>2026-08-19T19:49:46Z</time>
      </trkpt>
      <trkpt lat="46.242670000000004" lon="12.01884">
        <time>2026-08-19T19:49:47Z</time>
      </trkpt>
      <trkpt lat="46.24268000000001" lon="12.01885">
        <time>2026-08-19T19:49:48Z</time>
      </trkpt>
      <trkpt lat="46.24268000000001" lon="12.01885">
        <time>2026-08-19T19:49:48Z</time>
      </trkpt>
      <trkpt lat="46.242700000000006" lon="12.01886">
        <time>2026-08-19T19:49:50Z</time>
      </trkpt>
      <trkpt lat="46.242700000000006" lon="12.01886">
        <time>2026-08-19T19:49:50Z</time>
      </trkpt>
      <trkpt lat="46.242700000000006" lon="12.01886">
        <time>2026-08-19T19:49:50Z</time>
      </trkpt>
      <trkpt lat="46.24271" lon="12.01886">
        <time>2026-08-19T19:49:50Z</time>
      </trkpt>
      <trkpt lat="46.24273" lon="12.01886">
        <time>2026-08-19T19:49:52Z</time>
      </trkpt>
      <trkpt lat="46.24273" lon="12.01886">
        <time>2026-08-19T19:49:52Z</time>
      </trkpt>
      <trkpt lat="46.242740000000005" lon="12.01886">
        <time>2026-08-19T19:49:53Z</time>
      </trkpt>
      <trkpt lat="46.242760000000004" lon="12.01886">
        <time>2026-08-19T19:49:54Z</time>
      </trkpt>
      <trkpt lat="46.242760000000004" lon="12.01886">
        <time>2026-08-19T19:49:54Z</time>
      </trkpt>
      <trkpt lat="46.24278" lon="12.018870000000001">
        <time>2026-08-19T19:49:55Z</time>
      </trkpt>
      <trkpt lat="46.24278" lon="12.018870000000001">
        <time>2026-08-19T19:49:55Z</time>
      </trkpt>
      <trkpt lat="46.24279000000001" lon="12.018880000000001">
        <time>2026-08-19T19:49:56Z</time>
      </trkpt>
      <trkpt lat="46.2428" lon="12.018880000000001">
        <time>2026-08-19T19:49:57Z</time>
      </trkpt>
      <trkpt lat="46.2428" lon="12.018880000000001">
        <time>2026-08-19T19:49:57Z</time>
      </trkpt>
      <trkpt lat="46.242810000000006" lon="12.018880000000001">
        <time>2026-08-19T19:49:58Z</time>
      </trkpt>
      <trkpt lat="46.242830000000005" lon="12.0189">
        <time>2026-08-19T19:49:59Z</time>
      </trkpt>
      <trkpt lat="46.24284" lon="12.018910000000002">
        <time>2026-08-19T19:50:00Z</time>
      </trkpt>
      <trkpt lat="46.24284" lon="12.018910000000002">
        <time>2026-08-19T19:50:00Z</time>
      </trkpt>
      <trkpt lat="46.242850000000004" lon="12.018920000000001">
        <time>2026-08-19T19:50:01Z</time>
      </trkpt>
      <trkpt lat="46.24286" lon="12.01894">
        <time>2026-08-19T19:50:02Z</time>
      </trkpt>
      <trkpt lat="46.24286" lon="12.01894">
        <time>2026-08-19T19:50:02Z</time>
      </trkpt>
      <trkpt lat="46.24287" lon="12.018960000000002">
        <time>2026-08-19T19:50:04Z</time>
      </trkpt>
      <trkpt lat="46.24288000000001" lon="12.01899">
        <time>2026-08-19T19:50:05Z</time>
      </trkpt>
      <trkpt lat="46.24288000000001" lon="12.01899">
        <time>2026-08-19T19:50:05Z</time>
      </trkpt>
      <trkpt lat="46.24289" lon="12.019020000000001">
        <time>2026-08-19T19:50:07Z</time>
      </trkpt>
      <trkpt lat="46.242900000000006" lon="12.01904">
        <time>2026-08-19T19:50:08Z</time>
      </trkpt>
      <trkpt lat="46.242900000000006" lon="12.01904">
        <time>2026-08-19T19:50:08Z</time>
      </trkpt>
      <trkpt lat="46.24291" lon="12.019070000000001">
        <time>2026-08-19T19:50:10Z</time>
      </trkpt>
      <trkpt lat="46.242920000000005" lon="12.01908">
        <time>2026-08-19T19:50:10Z</time>
      </trkpt>
      <trkpt lat="46.242920000000005" lon="12.01908">
        <time>2026-08-19T19:50:10Z</time>
      </trkpt>
      <trkpt lat="46.24293" lon="12.019110000000001">
        <time>2026-08-19T19:50:12Z</time>
      </trkpt>
      <trkpt lat="46.242940000000004" lon="12.01913">
        <time>2026-08-19T19:50:13Z</time>
      </trkpt>
      <trkpt lat="46.242940000000004" lon="12.01913">
        <time>2026-08-19T19:50:13Z</time>
      </trkpt>
      <trkpt lat="46.242940000000004" lon="12.01914">
        <time>2026-08-19T19:50:14Z</time>
      </trkpt>
      <trkpt lat="46.242940000000004" lon="12.019150000000002">
        <time>2026-08-19T19:50:14Z</time>
      </trkpt>
      <trkpt lat="46.24295" lon="12.01917">
        <time>2026-08-19T19:50:16Z</time>
      </trkpt>
      <trkpt lat="46.242960000000004" lon="12.019190000000002">
        <time>2026-08-19T19:50:17Z</time>
      </trkpt>
      <trkpt lat="46.24297000000001" lon="12.019200000000001">
        <time>2026-08-19T19:50:18Z</time>
      </trkpt>
      <trkpt lat="46.24297000000001" lon="12.019200000000001">
        <time>2026-08-19T19:50:18Z</time>
      </trkpt>
      <trkpt lat="46.24297000000001" lon="12.01922">
        <time>2026-08-19T19:50:19Z</time>
      </trkpt>
      <trkpt lat="46.24298" lon="12.01923">
        <time>2026-08-19T19:50:19Z</time>
      </trkpt>
      <trkpt lat="46.243" lon="12.019260000000001">
        <time>2026-08-19T19:50:21Z</time>
      </trkpt>
      <trkpt lat="46.243" lon="12.019260000000001">
        <time>2026-08-19T19:50:21Z</time>
      </trkpt>
      <trkpt lat="46.243010000000005" lon="12.01928">
        <time>2026-08-19T19:50:23Z</time>
      </trkpt>
      <trkpt lat="46.243010000000005" lon="12.01928">
        <time>2026-08-19T19:50:23Z</time>
      </trkpt>
      <trkpt lat="46.24302" lon="12.019290000000002">
        <time>2026-08-19T19:50:24Z</time>
      </trkpt>
      <trkpt lat="46.243030000000005" lon="12.019300000000001">
        <time>2026-08-19T19:50:24Z</time>
      </trkpt>
      <trkpt lat="46.24304" lon="12.01931">
        <time>2026-08-19T19:50:25Z</time>
      </trkpt>
      <trkpt lat="46.243050000000004" lon="12.01931">
        <time>2026-08-19T19:50:26Z</time>
      </trkpt>
      <trkpt lat="46.24306000000001" lon="12.01931">
        <time>2026-08-19T19:50:27Z</time>
      </trkpt>
      <trkpt lat="46.243080000000006" lon="12.01932">
        <time>2026-08-19T19:50:28Z</time>
      </trkpt>
      <trkpt lat="46.24309" lon="12.01932">
        <time>2026-08-19T19:50:29Z</time>
      </trkpt>
      <trkpt lat="46.24311" lon="12.01932">
        <time>2026-08-19T19:50:30Z</time>
      </trkpt>
      <trkpt lat="46.243120000000005" lon="12.01932">
        <time>2026-08-19T19:50:31Z</time>
      </trkpt>
      <trkpt lat="46.24313" lon="12.019330000000002">
        <time>2026-08-19T19:50:32Z</time>
      </trkpt>
      <trkpt lat="46.24316" lon="12.019340000000001">
        <time>2026-08-19T19:50:34Z</time>
      </trkpt>
      <trkpt lat="46.243170000000006" lon="12.019340000000001">
        <time>2026-08-19T19:50:35Z</time>
      </trkpt>
      <trkpt lat="46.24318" lon="12.019350000000001">
        <time>2026-08-19T19:50:36Z</time>
      </trkpt>
      <trkpt lat="46.2432" lon="12.019350000000001">
        <time>2026-08-19T19:50:37Z</time>
      </trkpt>
      <trkpt lat="46.243210000000005" lon="12.01936">
        <time>2026-08-19T19:50:38Z</time>
      </trkpt>
      <trkpt lat="46.24322" lon="12.01936">
        <time>2026-08-19T19:50:39Z</time>
      </trkpt>
      <trkpt lat="46.24324000000001" lon="12.01936">
        <time>2026-08-19T19:50:40Z</time>
      </trkpt>
      <trkpt lat="46.24325" lon="12.01936">
        <time>2026-08-19T19:50:41Z</time>
      </trkpt>
      <trkpt lat="46.24326000000001" lon="12.01937">
        <time>2026-08-19T19:50:42Z</time>
      </trkpt>
      <trkpt lat="46.24327" lon="12.019380000000002">
        <time>2026-08-19T19:50:42Z</time>
      </trkpt>
      <trkpt lat="46.24327" lon="12.019380000000002">
        <time>2026-08-19T19:50:42Z</time>
      </trkpt>
      <trkpt lat="46.24329" lon="12.019400000000001">
        <time>2026-08-19T19:50:44Z</time>
      </trkpt>
      <trkpt lat="46.24329" lon="12.019400000000001">
        <time>2026-08-19T19:50:44Z</time>
      </trkpt>
      <trkpt lat="46.243300000000005" lon="12.01941">
        <time>2026-08-19T19:50:45Z</time>
      </trkpt>
      <trkpt lat="46.243320000000004" lon="12.01942">
        <time>2026-08-19T19:50:46Z</time>
      </trkpt>
      <trkpt lat="46.24334" lon="12.01942">
        <time>2026-08-19T19:50:48Z</time>
      </trkpt>
      <trkpt lat="46.24335000000001" lon="12.019430000000002">
        <time>2026-08-19T19:50:49Z</time>
      </trkpt>
      <trkpt lat="46.24336" lon="12.019430000000002">
        <time>2026-08-19T19:50:49Z</time>
      </trkpt>
      <trkpt lat="46.243370000000006" lon="12.019430000000002">
        <time>2026-08-19T19:50:50Z</time>
      </trkpt>
      <trkpt lat="46.243370000000006" lon="12.019430000000002">
        <time>2026-08-19T19:50:50Z</time>
      </trkpt>
      <trkpt lat="46.24338" lon="12.019440000000001">
        <time>2026-08-19T19:50:51Z</time>
      </trkpt>
      <trkpt lat="46.24338" lon="12.019440000000001">
        <time>2026-08-19T19:50:51Z</time>
      </trkpt>
      <trkpt lat="46.243390000000005" lon="12.01945">
        <time>2026-08-19T19:50:52Z</time>
      </trkpt>
      <trkpt lat="46.243390000000005" lon="12.01945">
        <time>2026-08-19T19:50:52Z</time>
      </trkpt>
      <trkpt lat="46.243390000000005" lon="12.01945">
        <time>2026-08-19T19:50:52Z</time>
      </trkpt>
      <trkpt lat="46.243390000000005" lon="12.01945">
        <time>2026-08-19T19:50:52Z</time>
      </trkpt>
      <trkpt lat="46.243390000000005" lon="12.01945">
        <time>2026-08-19T19:50:52Z</time>
      </trkpt>
      <trkpt lat="46.243390000000005" lon="12.01945">
        <time>2026-08-19T19:50:52Z</time>
      </trkpt>
      <trkpt lat="46.243390000000005" lon="12.01945">
        <time>2026-08-19T19:50:52Z</time>
      </trkpt>
      <trkpt lat="46.243390000000005" lon="12.01945">
        <time>2026-08-19T19:50:52Z</time>
      </trkpt>
      <trkpt lat="46.243390000000005" lon="12.01945">
        <time>2026-08-19T19:50:52Z</time>
      </trkpt>
      <trkpt lat="46.243390000000005" lon="12.01945">
        <time>2026-08-19T19:50:52Z</time>
      </trkpt>
      <trkpt lat="46.24338" lon="12.01945">
        <time>2026-08-19T19:50:53Z</time>
      </trkpt>
      <trkpt lat="46.24338" lon="12.01945">
        <time>2026-08-19T19:50:53Z</time>
      </trkpt>
      <trkpt lat="46.24338" lon="12.01946">
        <time>2026-08-19T19:50:53Z</time>
      </trkpt>
      <trkpt lat="46.24338" lon="12.01946">
        <time>2026-08-19T19:50:53Z</time>
      </trkpt>
      <trkpt lat="46.24338" lon="12.01946">
        <time>2026-08-19T19:50:53Z</time>
      </trkpt>
      <trkpt lat="46.24338" lon="12.01946">
        <time>2026-08-19T19:50:53Z</time>
      </trkpt>
      <trkpt lat="46.24338" lon="12.01946">
        <time>2026-08-19T19:50:53Z</time>
      </trkpt>
      <trkpt lat="46.24338" lon="12.01946">
        <time>2026-08-19T19:50:53Z</time>
      </trkpt>
      <trkpt lat="46.24338" lon="12.01946">
        <time>2026-08-19T19:50:53Z</time>
      </trkpt>
      <trkpt lat="46.24338" lon="12.01946">
        <time>2026-08-19T19:50:53Z</time>
      </trkpt>
      <trkpt lat="46.24338" lon="12.01946">
        <time>2026-08-19T19:50:53Z</time>
      </trkpt>
      <trkpt lat="46.24338" lon="12.01946">
        <time>2026-08-19T19:50:53Z</time>
      </trkpt>
      <trkpt lat="46.24338" lon="12.01946">
        <time>2026-08-19T19:50:53Z</time>
      </trkpt>
      <trkpt lat="46.24338" lon="12.01946">
        <time>2026-08-19T19:50:53Z</time>
      </trkpt>
      <trkpt lat="46.24338" lon="12.01946">
        <time>2026-08-19T19:50:53Z</time>
      </trkpt>
      <trkpt lat="46.24338" lon="12.01946">
        <time>2026-08-19T19:50:53Z</time>
      </trkpt>
      <trkpt lat="46.24338" lon="12.01946">
        <time>2026-08-19T19:50:53Z</time>
      </trkpt>
      <trkpt lat="46.24338" lon="12.01946">
        <time>2026-08-19T19:50:53Z</time>
      </trkpt>
      <trkpt lat="46.243370000000006" lon="12.01946">
        <time>2026-08-19T19:50:54Z</time>
      </trkpt>
      <trkpt lat="46.243370000000006" lon="12.01945">
        <time>2026-08-19T19:50:54Z</time>
      </trkpt>
      <trkpt lat="46.24336" lon="12.01945">
        <time>2026-08-19T19:50:55Z</time>
      </trkpt>
      <trkpt lat="46.24335000000001" lon="12.019440000000001">
        <time>2026-08-19T19:50:56Z</time>
      </trkpt>
      <trkpt lat="46.24334" lon="12.019440000000001">
        <time>2026-08-19T19:50:57Z</time>
      </trkpt>
      <trkpt lat="46.24334" lon="12.019440000000001">
        <time>2026-08-19T19:50:57Z</time>
      </trkpt>
      <trkpt lat="46.24334" lon="12.019440000000001">
        <time>2026-08-19T19:50:57Z</time>
      </trkpt>
      <trkpt lat="46.24333" lon="12.01945">
        <time>2026-08-19T19:50:57Z</time>
      </trkpt>
      <trkpt lat="46.24333" lon="12.01945">
        <time>2026-08-19T19:50:57Z</time>
      </trkpt>
      <trkpt lat="46.24333" lon="12.01946">
        <time>2026-08-19T19:50:58Z</time>
      </trkpt>
      <trkpt lat="46.243320000000004" lon="12.019480000000001">
        <time>2026-08-19T19:50:59Z</time>
      </trkpt>
      <trkpt lat="46.243320000000004" lon="12.019480000000001">
        <time>2026-08-19T19:50:59Z</time>
      </trkpt>
      <trkpt lat="46.243320000000004" lon="12.0195">
        <time>2026-08-19T19:51:00Z</time>
      </trkpt>
      <trkpt lat="46.243320000000004" lon="12.019520000000002">
        <time>2026-08-19T19:51:01Z</time>
      </trkpt>
      <trkpt lat="46.243320000000004" lon="12.019520000000002">
        <time>2026-08-19T19:51:01Z</time>
      </trkpt>
      <trkpt lat="46.24331" lon="12.019540000000001">
        <time>2026-08-19T19:51:02Z</time>
      </trkpt>
      <trkpt lat="46.24331" lon="12.01955">
        <time>2026-08-19T19:51:03Z</time>
      </trkpt>
      <trkpt lat="46.24331" lon="12.01955">
        <time>2026-08-19T19:51:03Z</time>
      </trkpt>
      <trkpt lat="46.243300000000005" lon="12.01956">
        <time>2026-08-19T19:51:04Z</time>
      </trkpt>
      <trkpt lat="46.243300000000005" lon="12.019570000000002">
        <time>2026-08-19T19:51:04Z</time>
      </trkpt>
      <trkpt lat="46.24329" lon="12.019580000000001">
        <time>2026-08-19T19:51:05Z</time>
      </trkpt>
      <trkpt lat="46.243280000000006" lon="12.019580000000001">
        <time>2026-08-19T19:51:06Z</time>
      </trkpt>
      <trkpt lat="46.24326000000001" lon="12.019580000000001">
        <time>2026-08-19T19:51:07Z</time>
      </trkpt>
      <trkpt lat="46.24326000000001" lon="12.019580000000001">
        <time>2026-08-19T19:51:07Z</time>
      </trkpt>
      <trkpt lat="46.24324000000001" lon="12.019570000000002">
        <time>2026-08-19T19:51:09Z</time>
      </trkpt>
      <trkpt lat="46.24322" lon="12.01955">
        <time>2026-08-19T19:51:10Z</time>
      </trkpt>
      <trkpt lat="46.24322" lon="12.01955">
        <time>2026-08-19T19:51:10Z</time>
      </trkpt>
      <trkpt lat="46.2432" lon="12.019540000000001">
        <time>2026-08-19T19:51:12Z</time>
      </trkpt>
      <trkpt lat="46.2432" lon="12.019540000000001">
        <time>2026-08-19T19:51:12Z</time>
      </trkpt>
      <trkpt lat="46.24318" lon="12.019530000000001">
        <time>2026-08-19T19:51:13Z</time>
      </trkpt>
      <trkpt lat="46.24316" lon="12.019520000000002">
        <time>2026-08-19T19:51:15Z</time>
      </trkpt>
      <trkpt lat="46.24316" lon="12.019520000000002">
        <time>2026-08-19T19:51:15Z</time>
      </trkpt>
      <trkpt lat="46.24313" lon="12.01951">
        <time>2026-08-19T19:51:17Z</time>
      </trkpt>
      <trkpt lat="46.24311" lon="12.01951">
        <time>2026-08-19T19:51:18Z</time>
      </trkpt>
      <trkpt lat="46.243100000000005" lon="12.01951">
        <time>2026-08-19T19:51:19Z</time>
      </trkpt>
      <trkpt lat="46.243100000000005" lon="12.01951">
        <time>2026-08-19T19:51:19Z</time>
      </trkpt>
      <trkpt lat="46.24307" lon="12.01951">
        <time>2026-08-19T19:51:21Z</time>
      </trkpt>
      <trkpt lat="46.243050000000004" lon="12.01951">
        <time>2026-08-19T19:51:23Z</time>
      </trkpt>
      <trkpt lat="46.243050000000004" lon="12.01951">
        <time>2026-08-19T19:51:23Z</time>
      </trkpt>
      <trkpt lat="46.24304" lon="12.019520000000002">
        <time>2026-08-19T19:51:23Z</time>
      </trkpt>
      <trkpt lat="46.24302" lon="12.019520000000002">
        <time>2026-08-19T19:51:25Z</time>
      </trkpt>
      <trkpt lat="46.243010000000005" lon="12.019520000000002">
        <time>2026-08-19T19:51:26Z</time>
      </trkpt>
      <trkpt lat="46.242990000000006" lon="12.019520000000002">
        <time>2026-08-19T19:51:27Z</time>
      </trkpt>
      <trkpt lat="46.24298" lon="12.019520000000002">
        <time>2026-08-19T19:51:28Z</time>
      </trkpt>
      <trkpt lat="46.242960000000004" lon="12.019520000000002">
        <time>2026-08-19T19:51:29Z</time>
      </trkpt>
      <trkpt lat="46.24295" lon="12.019520000000002">
        <time>2026-08-19T19:51:30Z</time>
      </trkpt>
      <trkpt lat="46.24293" lon="12.019520000000002">
        <time>2026-08-19T19:51:31Z</time>
      </trkpt>
      <trkpt lat="46.242920000000005" lon="12.019520000000002">
        <time>2026-08-19T19:51:32Z</time>
      </trkpt>
      <trkpt lat="46.242900000000006" lon="12.019520000000002">
        <time>2026-08-19T19:51:33Z</time>
      </trkpt>
      <trkpt lat="46.24289" lon="12.01951">
        <time>2026-08-19T19:51:34Z</time>
      </trkpt>
      <trkpt lat="46.24287" lon="12.01951">
        <time>2026-08-19T19:51:36Z</time>
      </trkpt>
      <trkpt lat="46.24286" lon="12.01951">
        <time>2026-08-19T19:51:36Z</time>
      </trkpt>
      <trkpt lat="46.242830000000005" lon="12.01951">
        <time>2026-08-19T19:51:38Z</time>
      </trkpt>
      <trkpt lat="46.242830000000005" lon="12.01951">
        <time>2026-08-19T19:51:38Z</time>
      </trkpt>
      <trkpt lat="46.24282" lon="12.01951">
        <time>2026-08-19T19:51:39Z</time>
      </trkpt>
      <trkpt lat="46.2428" lon="12.01951">
        <time>2026-08-19T19:51:41Z</time>
      </trkpt>
      <trkpt lat="46.24279000000001" lon="12.01951">
        <time>2026-08-19T19:51:41Z</time>
      </trkpt>
      <trkpt lat="46.24277000000001" lon="12.0195">
        <time>2026-08-19T19:51:43Z</time>
      </trkpt>
      <trkpt lat="46.242760000000004" lon="12.0195">
        <time>2026-08-19T19:51:44Z</time>
      </trkpt>
      <trkpt lat="46.242740000000005" lon="12.0195">
        <time>2026-08-19T19:51:45Z</time>
      </trkpt>
      <trkpt lat="46.242720000000006" lon="12.0195">
        <time>2026-08-19T19:51:46Z</time>
      </trkpt>
      <trkpt lat="46.24271" lon="12.0195">
        <time>2026-08-19T19:51:47Z</time>
      </trkpt>
      <trkpt lat="46.24269" lon="12.0195">
        <time>2026-08-19T19:51:48Z</time>
      </trkpt>
      <trkpt lat="46.24268000000001" lon="12.019490000000001">
        <time>2026-08-19T19:51:49Z</time>
      </trkpt>
      <trkpt lat="46.24266" lon="12.019490000000001">
        <time>2026-08-19T19:51:51Z</time>
      </trkpt>
      <trkpt lat="46.24264" lon="12.019490000000001">
        <time>2026-08-19T19:51:52Z</time>
      </trkpt>
      <trkpt lat="46.242630000000005" lon="12.019490000000001">
        <time>2026-08-19T19:51:53Z</time>
      </trkpt>
      <trkpt lat="46.24262" lon="12.019490000000001">
        <time>2026-08-19T19:51:54Z</time>
      </trkpt>
      <trkpt lat="46.2426" lon="12.019490000000001">
        <time>2026-08-19T19:51:55Z</time>
      </trkpt>
      <trkpt lat="46.24259000000001" lon="12.019490000000001">
        <time>2026-08-19T19:51:56Z</time>
      </trkpt>
      <trkpt lat="46.242560000000005" lon="12.019480000000001">
        <time>2026-08-19T19:51:58Z</time>
      </trkpt>
      <trkpt lat="46.242560000000005" lon="12.019480000000001">
        <time>2026-08-19T19:51:58Z</time>
      </trkpt>
      <trkpt lat="46.242540000000005" lon="12.019480000000001">
        <time>2026-08-19T19:51:59Z</time>
      </trkpt>
      <trkpt lat="46.24253" lon="12.01947">
        <time>2026-08-19T19:52:00Z</time>
      </trkpt>
      <trkpt lat="46.242520000000006" lon="12.01947">
        <time>2026-08-19T19:52:01Z</time>
      </trkpt>
      <trkpt lat="46.24250000000001" lon="12.01946">
        <time>2026-08-19T19:52:02Z</time>
      </trkpt>
      <trkpt lat="46.242490000000004" lon="12.01945">
        <time>2026-08-19T19:52:03Z</time>
      </trkpt>
      <trkpt lat="46.242470000000004" lon="12.01945">
        <time>2026-08-19T19:52:05Z</time>
      </trkpt>
      <trkpt lat="46.24246" lon="12.019440000000001">
        <time>2026-08-19T19:52:05Z</time>
      </trkpt>
      <trkpt lat="46.24244" lon="12.019430000000002">
        <time>2026-08-19T19:52:07Z</time>
      </trkpt>
      <trkpt lat="46.24242" lon="12.019430000000002">
        <time>2026-08-19T19:52:08Z</time>
      </trkpt>
      <trkpt lat="46.24241000000001" lon="12.01942">
        <time>2026-08-19T19:52:09Z</time>
      </trkpt>
      <trkpt lat="46.24239" lon="12.01941">
        <time>2026-08-19T19:52:11Z</time>
      </trkpt>
      <trkpt lat="46.24237" lon="12.019400000000001">
        <time>2026-08-19T19:52:12Z</time>
      </trkpt>
      <trkpt lat="46.242360000000005" lon="12.019400000000001">
        <time>2026-08-19T19:52:13Z</time>
      </trkpt>
      <trkpt lat="46.24235" lon="12.019390000000001">
        <time>2026-08-19T19:52:14Z</time>
      </trkpt>
      <trkpt lat="46.24233" lon="12.019380000000002">
        <time>2026-08-19T19:52:15Z</time>
      </trkpt>
      <trkpt lat="46.24232000000001" lon="12.01937">
        <time>2026-08-19T19:52:16Z</time>
      </trkpt>
      <trkpt lat="46.24230000000001" lon="12.01936">
        <time>2026-08-19T19:52:18Z</time>
      </trkpt>
      <trkpt lat="46.242290000000004" lon="12.019350000000001">
        <time>2026-08-19T19:52:19Z</time>
      </trkpt>
      <trkpt lat="46.242270000000005" lon="12.019340000000001">
        <time>2026-08-19T19:52:20Z</time>
      </trkpt>
      <trkpt lat="46.24224" lon="12.01932">
        <time>2026-08-19T19:52:22Z</time>
      </trkpt>
      <trkpt lat="46.24224" lon="12.01932">
        <time>2026-08-19T19:52:22Z</time>
      </trkpt>
      <trkpt lat="46.242230000000006" lon="12.01931">
        <time>2026-08-19T19:52:23Z</time>
      </trkpt>
      <trkpt lat="46.24221000000001" lon="12.019300000000001">
        <time>2026-08-19T19:52:25Z</time>
      </trkpt>
      <trkpt lat="46.242200000000004" lon="12.019300000000001">
        <time>2026-08-19T19:52:25Z</time>
      </trkpt>
      <trkpt lat="46.24219" lon="12.019290000000002">
        <time>2026-08-19T19:52:26Z</time>
      </trkpt>
      <trkpt lat="46.242160000000005" lon="12.01927">
        <time>2026-08-19T19:52:29Z</time>
      </trkpt>
      <trkpt lat="46.242160000000005" lon="12.01927">
        <time>2026-08-19T19:52:29Z</time>
      </trkpt>
      <trkpt lat="46.242140000000006" lon="12.019260000000001">
        <time>2026-08-19T19:52:30Z</time>
      </trkpt>
      <trkpt lat="46.24213" lon="12.019260000000001">
        <time>2026-08-19T19:52:31Z</time>
      </trkpt>
      <trkpt lat="46.242110000000004" lon="12.019250000000001">
        <time>2026-08-19T19:52:32Z</time>
      </trkpt>
      <trkpt lat="46.2421" lon="12.019240000000002">
        <time>2026-08-19T19:52:33Z</time>
      </trkpt>
      <trkpt lat="46.24208" lon="12.01923">
        <time>2026-08-19T19:52:35Z</time>
      </trkpt>
      <trkpt lat="46.24206" lon="12.01922">
        <time>2026-08-19T19:52:36Z</time>
      </trkpt>
      <trkpt lat="46.242050000000006" lon="12.01922">
        <time>2026-08-19T19:52:37Z</time>
      </trkpt>
      <trkpt lat="46.24204" lon="12.019210000000001">
        <time>2026-08-19T19:52:38Z</time>
      </trkpt>
      <trkpt lat="46.242020000000004" lon="12.019200000000001">
        <time>2026-08-19T19:52:39Z</time>
      </trkpt>
      <trkpt lat="46.24201" lon="12.019200000000001">
        <time>2026-08-19T19:52:40Z</time>
      </trkpt>
      <trkpt lat="46.24199" lon="12.019190000000002">
        <time>2026-08-19T19:52:41Z</time>
      </trkpt>
      <trkpt lat="46.241980000000005" lon="12.019190000000002">
        <time>2026-08-19T19:52:42Z</time>
      </trkpt>
      <trkpt lat="46.24197" lon="12.01918">
        <time>2026-08-19T19:52:43Z</time>
      </trkpt>
      <trkpt lat="46.24195" lon="12.01918">
        <time>2026-08-19T19:52:44Z</time>
      </trkpt>
      <trkpt lat="46.24194000000001" lon="12.01918">
        <time>2026-08-19T19:52:45Z</time>
      </trkpt>
      <trkpt lat="46.24192" lon="12.01917">
        <time>2026-08-19T19:52:47Z</time>
      </trkpt>
      <trkpt lat="46.2419" lon="12.019160000000001">
        <time>2026-08-19T19:52:48Z</time>
      </trkpt>
      <trkpt lat="46.241890000000005" lon="12.019160000000001">
        <time>2026-08-19T19:52:49Z</time>
      </trkpt>
      <trkpt lat="46.24188" lon="12.019160000000001">
        <time>2026-08-19T19:52:50Z</time>
      </trkpt>
      <trkpt lat="46.24186" lon="12.019150000000002">
        <time>2026-08-19T19:52:51Z</time>
      </trkpt>
      <trkpt lat="46.24184" lon="12.019150000000002">
        <time>2026-08-19T19:52:52Z</time>
      </trkpt>
      <trkpt lat="46.24183000000001" lon="12.01914">
        <time>2026-08-19T19:52:53Z</time>
      </trkpt>
      <trkpt lat="46.241820000000004" lon="12.01914">
        <time>2026-08-19T19:52:54Z</time>
      </trkpt>
      <trkpt lat="46.241800000000005" lon="12.01914">
        <time>2026-08-19T19:52:55Z</time>
      </trkpt>
      <trkpt lat="46.24179" lon="12.01913">
        <time>2026-08-19T19:52:56Z</time>
      </trkpt>
      <trkpt lat="46.241780000000006" lon="12.01913">
        <time>2026-08-19T19:52:57Z</time>
      </trkpt>
      <trkpt lat="46.241760000000006" lon="12.01913">
        <time>2026-08-19T19:52:58Z</time>
      </trkpt>
      <trkpt lat="46.24174000000001" lon="12.019120000000001">
        <time>2026-08-19T19:53:00Z</time>
      </trkpt>
      <trkpt lat="46.241730000000004" lon="12.019120000000001">
        <time>2026-08-19T19:53:01Z</time>
      </trkpt>
      <trkpt lat="46.241710000000005" lon="12.019120000000001">
        <time>2026-08-19T19:53:02Z</time>
      </trkpt>
      <trkpt lat="46.2417" lon="12.019120000000001">
        <time>2026-08-19T19:53:03Z</time>
      </trkpt>
      <trkpt lat="46.241670000000006" lon="12.019110000000001">
        <time>2026-08-19T19:53:05Z</time>
      </trkpt>
      <trkpt lat="46.241670000000006" lon="12.019110000000001">
        <time>2026-08-19T19:53:05Z</time>
      </trkpt>
      <trkpt lat="46.24166" lon="12.019110000000001">
        <time>2026-08-19T19:53:06Z</time>
      </trkpt>
      <trkpt lat="46.241640000000004" lon="12.019110000000001">
        <time>2026-08-19T19:53:07Z</time>
      </trkpt>
      <trkpt lat="46.24163" lon="12.019100000000002">
        <time>2026-08-19T19:53:08Z</time>
      </trkpt>
      <trkpt lat="46.24161" lon="12.019100000000002">
        <time>2026-08-19T19:53:09Z</time>
      </trkpt>
      <trkpt lat="46.241600000000005" lon="12.01909">
        <time>2026-08-19T19:53:10Z</time>
      </trkpt>
      <trkpt lat="46.241580000000006" lon="12.01909">
        <time>2026-08-19T19:53:12Z</time>
      </trkpt>
      <trkpt lat="46.24157" lon="12.01908">
        <time>2026-08-19T19:53:12Z</time>
      </trkpt>
      <trkpt lat="46.241550000000004" lon="12.01908">
        <time>2026-08-19T19:53:14Z</time>
      </trkpt>
      <trkpt lat="46.24154" lon="12.019070000000001">
        <time>2026-08-19T19:53:15Z</time>
      </trkpt>
      <trkpt lat="46.24152" lon="12.019070000000001">
        <time>2026-08-19T19:53:16Z</time>
      </trkpt>
      <trkpt lat="46.2415" lon="12.019070000000001">
        <time>2026-08-19T19:53:18Z</time>
      </trkpt>
      <trkpt lat="46.241490000000006" lon="12.019060000000001">
        <time>2026-08-19T19:53:18Z</time>
      </trkpt>
      <trkpt lat="46.24147000000001" lon="12.019060000000001">
        <time>2026-08-19T19:53:20Z</time>
      </trkpt>
      <trkpt lat="46.241440000000004" lon="12.019050000000002">
        <time>2026-08-19T19:53:22Z</time>
      </trkpt>
      <trkpt lat="46.241440000000004" lon="12.019050000000002">
        <time>2026-08-19T19:53:22Z</time>
      </trkpt>
      <trkpt lat="46.24141" lon="12.01904">
        <time>2026-08-19T19:53:24Z</time>
      </trkpt>
      <trkpt lat="46.24139" lon="12.01904">
        <time>2026-08-19T19:53:26Z</time>
      </trkpt>
      <trkpt lat="46.24139" lon="12.01904">
        <time>2026-08-19T19:53:26Z</time>
      </trkpt>
      <trkpt lat="46.24138000000001" lon="12.01904">
        <time>2026-08-19T19:53:26Z</time>
      </trkpt>
      <trkpt lat="46.24136" lon="12.01904">
        <time>2026-08-19T19:53:28Z</time>
      </trkpt>
      <trkpt lat="46.241330000000005" lon="12.01904">
        <time>2026-08-19T19:53:30Z</time>
      </trkpt>
      <trkpt lat="46.241330000000005" lon="12.01904">
        <time>2026-08-19T19:53:30Z</time>
      </trkpt>
      <trkpt lat="46.2413" lon="12.01903">
        <time>2026-08-19T19:53:32Z</time>
      </trkpt>
      <trkpt lat="46.2413" lon="12.01903">
        <time>2026-08-19T19:53:32Z</time>
      </trkpt>
      <trkpt lat="46.24127000000001" lon="12.01903">
        <time>2026-08-19T19:53:34Z</time>
      </trkpt>
      <trkpt lat="46.241260000000004" lon="12.01903">
        <time>2026-08-19T19:53:35Z</time>
      </trkpt>
      <trkpt lat="46.241260000000004" lon="12.01903">
        <time>2026-08-19T19:53:35Z</time>
      </trkpt>
      <trkpt lat="46.241240000000005" lon="12.01903">
        <time>2026-08-19T19:53:36Z</time>
      </trkpt>
      <trkpt lat="46.24123" lon="12.019020000000001">
        <time>2026-08-19T19:53:37Z</time>
      </trkpt>
      <trkpt lat="46.24121" lon="12.019020000000001">
        <time>2026-08-19T19:53:38Z</time>
      </trkpt>
      <trkpt lat="46.24118000000001" lon="12.019020000000001">
        <time>2026-08-19T19:53:41Z</time>
      </trkpt>
      <trkpt lat="46.24116" lon="12.019020000000001">
        <time>2026-08-19T19:53:42Z</time>
      </trkpt>
      <trkpt lat="46.241150000000005" lon="12.019020000000001">
        <time>2026-08-19T19:53:43Z</time>
      </trkpt>
      <trkpt lat="46.24114" lon="12.019020000000001">
        <time>2026-08-19T19:53:43Z</time>
      </trkpt>
      <trkpt lat="46.24114" lon="12.019020000000001">
        <time>2026-08-19T19:53:43Z</time>
      </trkpt>
      <trkpt lat="46.24112" lon="12.019010000000002">
        <time>2026-08-19T19:53:45Z</time>
      </trkpt>
      <trkpt lat="46.24109000000001" lon="12.019010000000002">
        <time>2026-08-19T19:53:47Z</time>
      </trkpt>
      <trkpt lat="46.24109000000001" lon="12.019010000000002">
        <time>2026-08-19T19:53:47Z</time>
      </trkpt>
      <trkpt lat="46.241080000000004" lon="12.019010000000002">
        <time>2026-08-19T19:53:48Z</time>
      </trkpt>
      <trkpt lat="46.241060000000004" lon="12.019">
        <time>2026-08-19T19:53:49Z</time>
      </trkpt>
      <trkpt lat="46.24105" lon="12.019">
        <time>2026-08-19T19:53:50Z</time>
      </trkpt>
      <trkpt lat="46.24103" lon="12.019">
        <time>2026-08-19T19:53:51Z</time>
      </trkpt>
      <trkpt lat="46.24100000000001" lon="12.019">
        <time>2026-08-19T19:53:53Z</time>
      </trkpt>
      <trkpt lat="46.240990000000004" lon="12.019">
        <time>2026-08-19T19:53:54Z</time>
      </trkpt>
      <trkpt lat="46.240970000000004" lon="12.019">
        <time>2026-08-19T19:53:56Z</time>
      </trkpt>
      <trkpt lat="46.240970000000004" lon="12.019">
        <time>2026-08-19T19:53:56Z</time>
      </trkpt>
      <trkpt lat="46.24096" lon="12.01899">
        <time>2026-08-19T19:53:56Z</time>
      </trkpt>
      <trkpt lat="46.240950000000005" lon="12.01899">
        <time>2026-08-19T19:53:57Z</time>
      </trkpt>
      <trkpt lat="46.24094" lon="12.01899">
        <time>2026-08-19T19:53:58Z</time>
      </trkpt>
      <trkpt lat="46.24091000000001" lon="12.01899">
        <time>2026-08-19T19:54:00Z</time>
      </trkpt>
      <trkpt lat="46.24091000000001" lon="12.01899">
        <time>2026-08-19T19:54:00Z</time>
      </trkpt>
      <trkpt lat="46.24089" lon="12.01899">
        <time>2026-08-19T19:54:01Z</time>
      </trkpt>
      <trkpt lat="46.240880000000004" lon="12.01899">
        <time>2026-08-19T19:54:02Z</time>
      </trkpt>
      <trkpt lat="46.240860000000005" lon="12.01899">
        <time>2026-08-19T19:54:04Z</time>
      </trkpt>
      <trkpt lat="46.240840000000006" lon="12.01899">
        <time>2026-08-19T19:54:05Z</time>
      </trkpt>
      <trkpt lat="46.24083" lon="12.01899">
        <time>2026-08-19T19:54:06Z</time>
      </trkpt>
      <trkpt lat="46.24081" lon="12.01899">
        <time>2026-08-19T19:54:07Z</time>
      </trkpt>
      <trkpt lat="46.24080000000001" lon="12.01899">
        <time>2026-08-19T19:54:08Z</time>
      </trkpt>
      <trkpt lat="46.24078" lon="12.01899">
        <time>2026-08-19T19:54:09Z</time>
      </trkpt>
      <trkpt lat="46.240770000000005" lon="12.01899">
        <time>2026-08-19T19:54:10Z</time>
      </trkpt>
      <trkpt lat="46.24076" lon="12.01898">
        <time>2026-08-19T19:54:11Z</time>
      </trkpt>
      <trkpt lat="46.240750000000006" lon="12.01898">
        <time>2026-08-19T19:54:11Z</time>
      </trkpt>
      <trkpt lat="46.240730000000006" lon="12.018970000000001">
        <time>2026-08-19T19:54:13Z</time>
      </trkpt>
      <trkpt lat="46.24072" lon="12.018970000000001">
        <time>2026-08-19T19:54:14Z</time>
      </trkpt>
      <trkpt lat="46.24071000000001" lon="12.018960000000002">
        <time>2026-08-19T19:54:15Z</time>
      </trkpt>
      <trkpt lat="46.240700000000004" lon="12.01895">
        <time>2026-08-19T19:54:15Z</time>
      </trkpt>
      <trkpt lat="46.240680000000005" lon="12.01894">
        <time>2026-08-19T19:54:17Z</time>
      </trkpt>
      <trkpt lat="46.24067" lon="12.018930000000001">
        <time>2026-08-19T19:54:18Z</time>
      </trkpt>
      <trkpt lat="46.240660000000005" lon="12.018920000000001">
        <time>2026-08-19T19:54:19Z</time>
      </trkpt>
      <trkpt lat="46.24065" lon="12.018910000000002">
        <time>2026-08-19T19:54:19Z</time>
      </trkpt>
      <trkpt lat="46.240640000000006" lon="12.0189">
        <time>2026-08-19T19:54:20Z</time>
      </trkpt>
      <trkpt lat="46.24063" lon="12.018880000000001">
        <time>2026-08-19T19:54:22Z</time>
      </trkpt>
      <trkpt lat="46.240610000000004" lon="12.018870000000001">
        <time>2026-08-19T19:54:23Z</time>
      </trkpt>
      <trkpt lat="46.2406" lon="12.01886">
        <time>2026-08-19T19:54:24Z</time>
      </trkpt>
      <trkpt lat="46.240590000000005" lon="12.01885">
        <time>2026-08-19T19:54:25Z</time>
      </trkpt>
      <trkpt lat="46.24058" lon="12.018830000000001">
        <time>2026-08-19T19:54:26Z</time>
      </trkpt>
      <trkpt lat="46.240570000000005" lon="12.018820000000002">
        <time>2026-08-19T19:54:27Z</time>
      </trkpt>
      <trkpt lat="46.24056" lon="12.0188">
        <time>2026-08-19T19:54:28Z</time>
      </trkpt>
      <trkpt lat="46.240550000000006" lon="12.018790000000001">
        <time>2026-08-19T19:54:29Z</time>
      </trkpt>
      <trkpt lat="46.24054" lon="12.018770000000002">
        <time>2026-08-19T19:54:30Z</time>
      </trkpt>
      <trkpt lat="46.24053000000001" lon="12.01876">
        <time>2026-08-19T19:54:31Z</time>
      </trkpt>
      <trkpt lat="46.240520000000004" lon="12.018740000000001">
        <time>2026-08-19T19:54:32Z</time>
      </trkpt>
      <trkpt lat="46.24051" lon="12.018730000000001">
        <time>2026-08-19T19:54:33Z</time>
      </trkpt>
      <trkpt lat="46.240500000000004" lon="12.01871">
        <time>2026-08-19T19:54:34Z</time>
      </trkpt>
      <trkpt lat="46.240480000000005" lon="12.018680000000002">
        <time>2026-08-19T19:54:36Z</time>
      </trkpt>
      <trkpt lat="46.240480000000005" lon="12.018680000000002">
        <time>2026-08-19T19:54:36Z</time>
      </trkpt>
      <trkpt lat="46.24047" lon="12.01867">
        <time>2026-08-19T19:54:37Z</time>
      </trkpt>
      <trkpt lat="46.240460000000006" lon="12.01866">
        <time>2026-08-19T19:54:38Z</time>
      </trkpt>
      <trkpt lat="46.24045" lon="12.018640000000001">
        <time>2026-08-19T19:54:39Z</time>
      </trkpt>
      <trkpt lat="46.24044000000001" lon="12.018630000000002">
        <time>2026-08-19T19:54:40Z</time>
      </trkpt>
      <trkpt lat="46.24042" lon="12.01862">
        <time>2026-08-19T19:54:42Z</time>
      </trkpt>
      <trkpt lat="46.240410000000004" lon="12.01861">
        <time>2026-08-19T19:54:42Z</time>
      </trkpt>
      <trkpt lat="46.2404" lon="12.018600000000001">
        <time>2026-08-19T19:54:43Z</time>
      </trkpt>
      <trkpt lat="46.24038" lon="12.01857">
        <time>2026-08-19T19:54:45Z</time>
      </trkpt>
      <trkpt lat="46.240370000000006" lon="12.01856">
        <time>2026-08-19T19:54:46Z</time>
      </trkpt>
      <trkpt lat="46.240370000000006" lon="12.01856">
        <time>2026-08-19T19:54:46Z</time>
      </trkpt>
      <trkpt lat="46.24036" lon="12.018550000000001">
        <time>2026-08-19T19:54:47Z</time>
      </trkpt>
      <trkpt lat="46.24034" lon="12.018540000000002">
        <time>2026-08-19T19:54:49Z</time>
      </trkpt>
      <trkpt lat="46.24033000000001" lon="12.01852">
        <time>2026-08-19T19:54:50Z</time>
      </trkpt>
      <trkpt lat="46.240320000000004" lon="12.018510000000001">
        <time>2026-08-19T19:54:51Z</time>
      </trkpt>
      <trkpt lat="46.24031" lon="12.018500000000001">
        <time>2026-08-19T19:54:51Z</time>
      </trkpt>
      <trkpt lat="46.240300000000005" lon="12.01848">
        <time>2026-08-19T19:54:53Z</time>
      </trkpt>
      <trkpt lat="46.240280000000006" lon="12.01847">
        <time>2026-08-19T19:54:54Z</time>
      </trkpt>
      <trkpt lat="46.240260000000006" lon="12.018440000000002">
        <time>2026-08-19T19:54:56Z</time>
      </trkpt>
      <trkpt lat="46.24025" lon="12.01843">
        <time>2026-08-19T19:54:57Z</time>
      </trkpt>
      <trkpt lat="46.24025" lon="12.01843">
        <time>2026-08-19T19:54:57Z</time>
      </trkpt>
      <trkpt lat="46.24022" lon="12.018410000000001">
        <time>2026-08-19T19:54:59Z</time>
      </trkpt>
      <trkpt lat="46.24022" lon="12.018410000000001">
        <time>2026-08-19T19:54:59Z</time>
      </trkpt>
      <trkpt lat="46.240210000000005" lon="12.018410000000001">
        <time>2026-08-19T19:55:00Z</time>
      </trkpt>
      <trkpt lat="46.240190000000005" lon="12.018400000000002">
        <time>2026-08-19T19:55:02Z</time>
      </trkpt>
      <trkpt lat="46.24018" lon="12.01839">
        <time>2026-08-19T19:55:02Z</time>
      </trkpt>
      <trkpt lat="46.240170000000006" lon="12.01838">
        <time>2026-08-19T19:55:03Z</time>
      </trkpt>
      <trkpt lat="46.24015000000001" lon="12.01838">
        <time>2026-08-19T19:55:05Z</time>
      </trkpt>
      <trkpt lat="46.240140000000004" lon="12.01837">
        <time>2026-08-19T19:55:06Z</time>
      </trkpt>
      <trkpt lat="46.240120000000005" lon="12.01837">
        <time>2026-08-19T19:55:07Z</time>
      </trkpt>
      <trkpt lat="46.24011" lon="12.018360000000001">
        <time>2026-08-19T19:55:08Z</time>
      </trkpt>
      <trkpt lat="46.24009" lon="12.018360000000001">
        <time>2026-08-19T19:55:09Z</time>
      </trkpt>
      <trkpt lat="46.240080000000006" lon="12.018360000000001">
        <time>2026-08-19T19:55:10Z</time>
      </trkpt>
      <trkpt lat="46.240050000000004" lon="12.018350000000002">
        <time>2026-08-19T19:55:12Z</time>
      </trkpt>
      <trkpt lat="46.240050000000004" lon="12.018350000000002">
        <time>2026-08-19T19:55:12Z</time>
      </trkpt>
      <trkpt lat="46.24002" lon="12.01834">
        <time>2026-08-19T19:55:14Z</time>
      </trkpt>
      <trkpt lat="46.24002" lon="12.01834">
        <time>2026-08-19T19:55:14Z</time>
      </trkpt>
      <trkpt lat="46.24" lon="12.01834">
        <time>2026-08-19T19:55:16Z</time>
      </trkpt>
      <trkpt lat="46.239990000000006" lon="12.01834">
        <time>2026-08-19T19:55:16Z</time>
      </trkpt>
      <trkpt lat="46.23996" lon="12.01833">
        <time>2026-08-19T19:55:19Z</time>
      </trkpt>
      <trkpt lat="46.239940000000004" lon="12.01833">
        <time>2026-08-19T19:55:20Z</time>
      </trkpt>
      <trkpt lat="46.23993" lon="12.01833">
        <time>2026-08-19T19:55:21Z</time>
      </trkpt>
      <trkpt lat="46.23993" lon="12.01833">
        <time>2026-08-19T19:55:21Z</time>
      </trkpt>
      <trkpt lat="46.239900000000006" lon="12.01833">
        <time>2026-08-19T19:55:23Z</time>
      </trkpt>
      <trkpt lat="46.23989" lon="12.01833">
        <time>2026-08-19T19:55:24Z</time>
      </trkpt>
      <trkpt lat="46.23988000000001" lon="12.01833">
        <time>2026-08-19T19:55:24Z</time>
      </trkpt>
      <trkpt lat="46.23988000000001" lon="12.01833">
        <time>2026-08-19T19:55:24Z</time>
      </trkpt>
      <trkpt lat="46.23986000000001" lon="12.01834">
        <time>2026-08-19T19:55:26Z</time>
      </trkpt>
      <trkpt lat="46.239850000000004" lon="12.01834">
        <time>2026-08-19T19:55:26Z</time>
      </trkpt>
      <trkpt lat="46.239830000000005" lon="12.01834">
        <time>2026-08-19T19:55:28Z</time>
      </trkpt>
      <trkpt lat="46.23982" lon="12.01834">
        <time>2026-08-19T19:55:29Z</time>
      </trkpt>
      <trkpt lat="46.239810000000006" lon="12.01834">
        <time>2026-08-19T19:55:29Z</time>
      </trkpt>
      <trkpt lat="46.239790000000006" lon="12.01834">
        <time>2026-08-19T19:55:31Z</time>
      </trkpt>
      <trkpt lat="46.23978" lon="12.01833">
        <time>2026-08-19T19:55:32Z</time>
      </trkpt>
      <trkpt lat="46.23975" lon="12.01833">
        <time>2026-08-19T19:55:34Z</time>
      </trkpt>
      <trkpt lat="46.23973" lon="12.01833">
        <time>2026-08-19T19:55:35Z</time>
      </trkpt>
      <trkpt lat="46.239720000000005" lon="12.01833">
        <time>2026-08-19T19:55:36Z</time>
      </trkpt>
      <trkpt lat="46.239700000000006" lon="12.018320000000001">
        <time>2026-08-19T19:55:37Z</time>
      </trkpt>
      <trkpt lat="46.239700000000006" lon="12.018320000000001">
        <time>2026-08-19T19:55:37Z</time>
      </trkpt>
      <trkpt lat="46.23968000000001" lon="12.01833">
        <time>2026-08-19T19:55:39Z</time>
      </trkpt>
      <trkpt lat="46.239670000000004" lon="12.01833">
        <time>2026-08-19T19:55:40Z</time>
      </trkpt>
      <trkpt lat="46.239670000000004" lon="12.018350000000002">
        <time>2026-08-19T19:55:41Z</time>
      </trkpt>
      <trkpt lat="46.239670000000004" lon="12.018350000000002">
        <time>2026-08-19T19:55:41Z</time>
      </trkpt>
      <trkpt lat="46.239670000000004" lon="12.018350000000002">
        <time>2026-08-19T19:55:41Z</time>
      </trkpt>
    </trkseg>
  </trk>
</gpx>
